[2024-12-24 21:53:05] local.ERROR: SQLSTATE[HY000] [1045] Access denied for user 'root'@'localhost' (using password: NO) (Connection: mysql, SQL: select * from `sessions` where `id` = mpx8qdN74w6Ags2auA6ul2DzNOyhgKGbOK5hG87t limit 1) {"exception":"[object] (Illuminate\\Database\\QueryException(code: 1045): SQLSTATE[HY000] [1045] Access denied for user 'root'@'localhost' (using password: NO) (Connection: mysql, SQL: select * from `sessions` where `id` = mpx8qdN74w6Ags2auA6ul2DzNOyhgKGbOK5hG87t limit 1) at /media/flavio/3437-6262/Projetos/laravel_ecommerce/vendor/laravel/framework/src/Illuminate/Database/Connection.php:825)
[stacktrace]
#0 /media/flavio/3437-6262/Projetos/laravel_ecommerce/vendor/laravel/framework/src/Illuminate/Database/Connection.php(779): Illuminate\\Database\\Connection->runQueryCallback()
#1 /media/flavio/3437-6262/Projetos/laravel_ecommerce/vendor/laravel/framework/src/Illuminate/Database/Connection.php(398): Illuminate\\Database\\Connection->run()
#2 /media/flavio/3437-6262/Projetos/laravel_ecommerce/vendor/laravel/framework/src/Illuminate/Database/Query/Builder.php(3133): Illuminate\\Database\\Connection->select()
#3 /media/flavio/3437-6262/Projetos/laravel_ecommerce/vendor/laravel/framework/src/Illuminate/Database/Query/Builder.php(3118): Illuminate\\Database\\Query\\Builder->runSelect()
#4 /media/flavio/3437-6262/Projetos/laravel_ecommerce/vendor/laravel/framework/src/Illuminate/Database/Query/Builder.php(3706): Illuminate\\Database\\Query\\Builder->Illuminate\\Database\\Query\\{closure}()
#5 /media/flavio/3437-6262/Projetos/laravel_ecommerce/vendor/laravel/framework/src/Illuminate/Database/Query/Builder.php(3117): Illuminate\\Database\\Query\\Builder->onceWithColumns()
#6 /media/flavio/3437-6262/Projetos/laravel_ecommerce/vendor/laravel/framework/src/Illuminate/Database/Concerns/BuildsQueries.php(344): Illuminate\\Database\\Query\\Builder->get()
#7 /media/flavio/3437-6262/Projetos/laravel_ecommerce/vendor/laravel/framework/src/Illuminate/Database/Query/Builder.php(3038): Illuminate\\Database\\Query\\Builder->first()
#8 /media/flavio/3437-6262/Projetos/laravel_ecommerce/vendor/laravel/framework/src/Illuminate/Session/DatabaseSessionHandler.php(97): Illuminate\\Database\\Query\\Builder->find()
#9 /media/flavio/3437-6262/Projetos/laravel_ecommerce/vendor/laravel/framework/src/Illuminate/Session/Store.php(116): Illuminate\\Session\\DatabaseSessionHandler->read()
#10 /media/flavio/3437-6262/Projetos/laravel_ecommerce/vendor/laravel/framework/src/Illuminate/Session/Store.php(104): Illuminate\\Session\\Store->readFromHandler()
#11 /media/flavio/3437-6262/Projetos/laravel_ecommerce/vendor/laravel/framework/src/Illuminate/Session/Store.php(88): Illuminate\\Session\\Store->loadSession()
#12 /media/flavio/3437-6262/Projetos/laravel_ecommerce/vendor/laravel/framework/src/Illuminate/Session/Middleware/StartSession.php(147): Illuminate\\Session\\Store->start()
#13 /media/flavio/3437-6262/Projetos/laravel_ecommerce/vendor/laravel/framework/src/Illuminate/Support/helpers.php(399): Illuminate\\Session\\Middleware\\StartSession->Illuminate\\Session\\Middleware\\{closure}()
#14 /media/flavio/3437-6262/Projetos/laravel_ecommerce/vendor/laravel/framework/src/Illuminate/Session/Middleware/StartSession.php(144): tap()
#15 /media/flavio/3437-6262/Projetos/laravel_ecommerce/vendor/laravel/framework/src/Illuminate/Session/Middleware/StartSession.php(116): Illuminate\\Session\\Middleware\\StartSession->startSession()
#16 /media/flavio/3437-6262/Projetos/laravel_ecommerce/vendor/laravel/framework/src/Illuminate/Session/Middleware/StartSession.php(64): Illuminate\\Session\\Middleware\\StartSession->handleStatefulRequest()
#17 /media/flavio/3437-6262/Projetos/laravel_ecommerce/vendor/laravel/framework/src/Illuminate/Pipeline/Pipeline.php(183): Illuminate\\Session\\Middleware\\StartSession->handle()
#18 /media/flavio/3437-6262/Projetos/laravel_ecommerce/vendor/laravel/framework/src/Illuminate/Cookie/Middleware/AddQueuedCookiesToResponse.php(37): Illuminate\\Pipeline\\Pipeline->Illuminate\\Pipeline\\{closure}()
#19 /media/flavio/3437-6262/Projetos/laravel_ecommerce/vendor/laravel/framework/src/Illuminate/Pipeline/Pipeline.php(183): Illuminate\\Cookie\\Middleware\\AddQueuedCookiesToResponse->handle()
#20 /media/flavio/3437-6262/Projetos/laravel_ecommerce/vendor/laravel/framework/src/Illuminate/Cookie/Middleware/EncryptCookies.php(75): Illuminate\\Pipeline\\Pipeline->Illuminate\\Pipeline\\{closure}()
#21 /media/flavio/3437-6262/Projetos/laravel_ecommerce/vendor/laravel/framework/src/Illuminate/Pipeline/Pipeline.php(183): Illuminate\\Cookie\\Middleware\\EncryptCookies->handle()
#22 /media/flavio/3437-6262/Projetos/laravel_ecommerce/vendor/laravel/framework/src/Illuminate/Pipeline/Pipeline.php(119): Illuminate\\Pipeline\\Pipeline->Illuminate\\Pipeline\\{closure}()
#23 /media/flavio/3437-6262/Projetos/laravel_ecommerce/vendor/laravel/framework/src/Illuminate/Routing/Router.php(807): Illuminate\\Pipeline\\Pipeline->then()
#24 /media/flavio/3437-6262/Projetos/laravel_ecommerce/vendor/laravel/framework/src/Illuminate/Routing/Router.php(786): Illuminate\\Routing\\Router->runRouteWithinStack()
#25 /media/flavio/3437-6262/Projetos/laravel_ecommerce/vendor/laravel/framework/src/Illuminate/Routing/Router.php(750): Illuminate\\Routing\\Router->runRoute()
#26 /media/flavio/3437-6262/Projetos/laravel_ecommerce/vendor/laravel/framework/src/Illuminate/Routing/Router.php(739): Illuminate\\Routing\\Router->dispatchToRoute()
#27 /media/flavio/3437-6262/Projetos/laravel_ecommerce/vendor/laravel/framework/src/Illuminate/Foundation/Http/Kernel.php(201): Illuminate\\Routing\\Router->dispatch()
#28 /media/flavio/3437-6262/Projetos/laravel_ecommerce/vendor/laravel/framework/src/Illuminate/Pipeline/Pipeline.php(144): Illuminate\\Foundation\\Http\\Kernel->Illuminate\\Foundation\\Http\\{closure}()
#29 /media/flavio/3437-6262/Projetos/laravel_ecommerce/vendor/laravel/framework/src/Illuminate/Foundation/Http/Middleware/TransformsRequest.php(21): Illuminate\\Pipeline\\Pipeline->Illuminate\\Pipeline\\{closure}()
#30 /media/flavio/3437-6262/Projetos/laravel_ecommerce/vendor/laravel/framework/src/Illuminate/Foundation/Http/Middleware/ConvertEmptyStringsToNull.php(31): Illuminate\\Foundation\\Http\\Middleware\\TransformsRequest->handle()
#31 /media/flavio/3437-6262/Projetos/laravel_ecommerce/vendor/laravel/framework/src/Illuminate/Pipeline/Pipeline.php(183): Illuminate\\Foundation\\Http\\Middleware\\ConvertEmptyStringsToNull->handle()
#32 /media/flavio/3437-6262/Projetos/laravel_ecommerce/vendor/laravel/framework/src/Illuminate/Foundation/Http/Middleware/TransformsRequest.php(21): Illuminate\\Pipeline\\Pipeline->Illuminate\\Pipeline\\{closure}()
#33 /media/flavio/3437-6262/Projetos/laravel_ecommerce/vendor/laravel/framework/src/Illuminate/Foundation/Http/Middleware/TrimStrings.php(51): Illuminate\\Foundation\\Http\\Middleware\\TransformsRequest->handle()
#34 /media/flavio/3437-6262/Projetos/laravel_ecommerce/vendor/laravel/framework/src/Illuminate/Pipeline/Pipeline.php(183): Illuminate\\Foundation\\Http\\Middleware\\TrimStrings->handle()
#35 /media/flavio/3437-6262/Projetos/laravel_ecommerce/vendor/laravel/framework/src/Illuminate/Http/Middleware/ValidatePostSize.php(27): Illuminate\\Pipeline\\Pipeline->Illuminate\\Pipeline\\{closure}()
#36 /media/flavio/3437-6262/Projetos/laravel_ecommerce/vendor/laravel/framework/src/Illuminate/Pipeline/Pipeline.php(183): Illuminate\\Http\\Middleware\\ValidatePostSize->handle()
#37 /media/flavio/3437-6262/Projetos/laravel_ecommerce/vendor/laravel/framework/src/Illuminate/Foundation/Http/Middleware/PreventRequestsDuringMaintenance.php(110): Illuminate\\Pipeline\\Pipeline->Illuminate\\Pipeline\\{closure}()
#38 /media/flavio/3437-6262/Projetos/laravel_ecommerce/vendor/laravel/framework/src/Illuminate/Pipeline/Pipeline.php(183): Illuminate\\Foundation\\Http\\Middleware\\PreventRequestsDuringMaintenance->handle()
#39 /media/flavio/3437-6262/Projetos/laravel_ecommerce/vendor/laravel/framework/src/Illuminate/Http/Middleware/HandleCors.php(49): Illuminate\\Pipeline\\Pipeline->Illuminate\\Pipeline\\{closure}()
#40 /media/flavio/3437-6262/Projetos/laravel_ecommerce/vendor/laravel/framework/src/Illuminate/Pipeline/Pipeline.php(183): Illuminate\\Http\\Middleware\\HandleCors->handle()
#41 /media/flavio/3437-6262/Projetos/laravel_ecommerce/vendor/laravel/framework/src/Illuminate/Http/Middleware/TrustProxies.php(58): Illuminate\\Pipeline\\Pipeline->Illuminate\\Pipeline\\{closure}()
#42 /media/flavio/3437-6262/Projetos/laravel_ecommerce/vendor/laravel/framework/src/Illuminate/Pipeline/Pipeline.php(183): Illuminate\\Http\\Middleware\\TrustProxies->handle()
#43 /media/flavio/3437-6262/Projetos/laravel_ecommerce/vendor/laravel/framework/src/Illuminate/Foundation/Http/Middleware/InvokeDeferredCallbacks.php(22): Illuminate\\Pipeline\\Pipeline->Illuminate\\Pipeline\\{closure}()
#44 /media/flavio/3437-6262/Projetos/laravel_ecommerce/vendor/laravel/framework/src/Illuminate/Pipeline/Pipeline.php(183): Illuminate\\Foundation\\Http\\Middleware\\InvokeDeferredCallbacks->handle()
#45 /media/flavio/3437-6262/Projetos/laravel_ecommerce/vendor/laravel/framework/src/Illuminate/Pipeline/Pipeline.php(119): Illuminate\\Pipeline\\Pipeline->Illuminate\\Pipeline\\{closure}()
#46 /media/flavio/3437-6262/Projetos/laravel_ecommerce/vendor/laravel/framework/src/Illuminate/Foundation/Http/Kernel.php(176): Illuminate\\Pipeline\\Pipeline->then()
#47 /media/flavio/3437-6262/Projetos/laravel_ecommerce/vendor/laravel/framework/src/Illuminate/Foundation/Http/Kernel.php(145): Illuminate\\Foundation\\Http\\Kernel->sendRequestThroughRouter()
#48 /media/flavio/3437-6262/Projetos/laravel_ecommerce/vendor/laravel/framework/src/Illuminate/Foundation/Application.php(1190): Illuminate\\Foundation\\Http\\Kernel->handle()
#49 /media/flavio/3437-6262/Projetos/laravel_ecommerce/public/index.php(17): Illuminate\\Foundation\\Application->handleRequest()
#50 /media/flavio/3437-6262/Projetos/laravel_ecommerce/vendor/laravel/framework/src/Illuminate/Foundation/resources/server.php(23): require_once('...')
#51 {main}

[previous exception] [object] (PDOException(code: 1045): SQLSTATE[HY000] [1045] Access denied for user 'root'@'localhost' (using password: NO) at /media/flavio/3437-6262/Projetos/laravel_ecommerce/vendor/laravel/framework/src/Illuminate/Database/Connectors/Connector.php:66)
[stacktrace]
#0 /media/flavio/3437-6262/Projetos/laravel_ecommerce/vendor/laravel/framework/src/Illuminate/Database/Connectors/Connector.php(66): PDO->__construct()
#1 /media/flavio/3437-6262/Projetos/laravel_ecommerce/vendor/laravel/framework/src/Illuminate/Database/Connectors/Connector.php(44): Illuminate\\Database\\Connectors\\Connector->createPdoConnection()
#2 /media/flavio/3437-6262/Projetos/laravel_ecommerce/vendor/laravel/framework/src/Illuminate/Database/Connectors/MySqlConnector.php(24): Illuminate\\Database\\Connectors\\Connector->createConnection()
#3 /media/flavio/3437-6262/Projetos/laravel_ecommerce/vendor/laravel/framework/src/Illuminate/Database/Connectors/ConnectionFactory.php(185): Illuminate\\Database\\Connectors\\MySqlConnector->connect()
#4 [internal function]: Illuminate\\Database\\Connectors\\ConnectionFactory->Illuminate\\Database\\Connectors\\{closure}()
#5 /media/flavio/3437-6262/Projetos/laravel_ecommerce/vendor/laravel/framework/src/Illuminate/Database/Connection.php(1231): call_user_func()
#6 /media/flavio/3437-6262/Projetos/laravel_ecommerce/vendor/laravel/framework/src/Illuminate/Database/Connection.php(1267): Illuminate\\Database\\Connection->getPdo()
#7 /media/flavio/3437-6262/Projetos/laravel_ecommerce/vendor/laravel/framework/src/Illuminate/Database/Connection.php(512): Illuminate\\Database\\Connection->getReadPdo()
#8 /media/flavio/3437-6262/Projetos/laravel_ecommerce/vendor/laravel/framework/src/Illuminate/Database/Connection.php(407): Illuminate\\Database\\Connection->getPdoForSelect()
#9 /media/flavio/3437-6262/Projetos/laravel_ecommerce/vendor/laravel/framework/src/Illuminate/Database/Connection.php(812): Illuminate\\Database\\Connection->Illuminate\\Database\\{closure}()
#10 /media/flavio/3437-6262/Projetos/laravel_ecommerce/vendor/laravel/framework/src/Illuminate/Database/Connection.php(779): Illuminate\\Database\\Connection->runQueryCallback()
#11 /media/flavio/3437-6262/Projetos/laravel_ecommerce/vendor/laravel/framework/src/Illuminate/Database/Connection.php(398): Illuminate\\Database\\Connection->run()
#12 /media/flavio/3437-6262/Projetos/laravel_ecommerce/vendor/laravel/framework/src/Illuminate/Database/Query/Builder.php(3133): Illuminate\\Database\\Connection->select()
#13 /media/flavio/3437-6262/Projetos/laravel_ecommerce/vendor/laravel/framework/src/Illuminate/Database/Query/Builder.php(3118): Illuminate\\Database\\Query\\Builder->runSelect()
#14 /media/flavio/3437-6262/Projetos/laravel_ecommerce/vendor/laravel/framework/src/Illuminate/Database/Query/Builder.php(3706): Illuminate\\Database\\Query\\Builder->Illuminate\\Database\\Query\\{closure}()
#15 /media/flavio/3437-6262/Projetos/laravel_ecommerce/vendor/laravel/framework/src/Illuminate/Database/Query/Builder.php(3117): Illuminate\\Database\\Query\\Builder->onceWithColumns()
#16 /media/flavio/3437-6262/Projetos/laravel_ecommerce/vendor/laravel/framework/src/Illuminate/Database/Concerns/BuildsQueries.php(344): Illuminate\\Database\\Query\\Builder->get()
#17 /media/flavio/3437-6262/Projetos/laravel_ecommerce/vendor/laravel/framework/src/Illuminate/Database/Query/Builder.php(3038): Illuminate\\Database\\Query\\Builder->first()
#18 /media/flavio/3437-6262/Projetos/laravel_ecommerce/vendor/laravel/framework/src/Illuminate/Session/DatabaseSessionHandler.php(97): Illuminate\\Database\\Query\\Builder->find()
#19 /media/flavio/3437-6262/Projetos/laravel_ecommerce/vendor/laravel/framework/src/Illuminate/Session/Store.php(116): Illuminate\\Session\\DatabaseSessionHandler->read()
#20 /media/flavio/3437-6262/Projetos/laravel_ecommerce/vendor/laravel/framework/src/Illuminate/Session/Store.php(104): Illuminate\\Session\\Store->readFromHandler()
#21 /media/flavio/3437-6262/Projetos/laravel_ecommerce/vendor/laravel/framework/src/Illuminate/Session/Store.php(88): Illuminate\\Session\\Store->loadSession()
#22 /media/flavio/3437-6262/Projetos/laravel_ecommerce/vendor/laravel/framework/src/Illuminate/Session/Middleware/StartSession.php(147): Illuminate\\Session\\Store->start()
#23 /media/flavio/3437-6262/Projetos/laravel_ecommerce/vendor/laravel/framework/src/Illuminate/Support/helpers.php(399): Illuminate\\Session\\Middleware\\StartSession->Illuminate\\Session\\Middleware\\{closure}()
#24 /media/flavio/3437-6262/Projetos/laravel_ecommerce/vendor/laravel/framework/src/Illuminate/Session/Middleware/StartSession.php(144): tap()
#25 /media/flavio/3437-6262/Projetos/laravel_ecommerce/vendor/laravel/framework/src/Illuminate/Session/Middleware/StartSession.php(116): Illuminate\\Session\\Middleware\\StartSession->startSession()
#26 /media/flavio/3437-6262/Projetos/laravel_ecommerce/vendor/laravel/framework/src/Illuminate/Session/Middleware/StartSession.php(64): Illuminate\\Session\\Middleware\\StartSession->handleStatefulRequest()
#27 /media/flavio/3437-6262/Projetos/laravel_ecommerce/vendor/laravel/framework/src/Illuminate/Pipeline/Pipeline.php(183): Illuminate\\Session\\Middleware\\StartSession->handle()
#28 /media/flavio/3437-6262/Projetos/laravel_ecommerce/vendor/laravel/framework/src/Illuminate/Cookie/Middleware/AddQueuedCookiesToResponse.php(37): Illuminate\\Pipeline\\Pipeline->Illuminate\\Pipeline\\{closure}()
#29 /media/flavio/3437-6262/Projetos/laravel_ecommerce/vendor/laravel/framework/src/Illuminate/Pipeline/Pipeline.php(183): Illuminate\\Cookie\\Middleware\\AddQueuedCookiesToResponse->handle()
#30 /media/flavio/3437-6262/Projetos/laravel_ecommerce/vendor/laravel/framework/src/Illuminate/Cookie/Middleware/EncryptCookies.php(75): Illuminate\\Pipeline\\Pipeline->Illuminate\\Pipeline\\{closure}()
#31 /media/flavio/3437-6262/Projetos/laravel_ecommerce/vendor/laravel/framework/src/Illuminate/Pipeline/Pipeline.php(183): Illuminate\\Cookie\\Middleware\\EncryptCookies->handle()
#32 /media/flavio/3437-6262/Projetos/laravel_ecommerce/vendor/laravel/framework/src/Illuminate/Pipeline/Pipeline.php(119): Illuminate\\Pipeline\\Pipeline->Illuminate\\Pipeline\\{closure}()
#33 /media/flavio/3437-6262/Projetos/laravel_ecommerce/vendor/laravel/framework/src/Illuminate/Routing/Router.php(807): Illuminate\\Pipeline\\Pipeline->then()
#34 /media/flavio/3437-6262/Projetos/laravel_ecommerce/vendor/laravel/framework/src/Illuminate/Routing/Router.php(786): Illuminate\\Routing\\Router->runRouteWithinStack()
#35 /media/flavio/3437-6262/Projetos/laravel_ecommerce/vendor/laravel/framework/src/Illuminate/Routing/Router.php(750): Illuminate\\Routing\\Router->runRoute()
#36 /media/flavio/3437-6262/Projetos/laravel_ecommerce/vendor/laravel/framework/src/Illuminate/Routing/Router.php(739): Illuminate\\Routing\\Router->dispatchToRoute()
#37 /media/flavio/3437-6262/Projetos/laravel_ecommerce/vendor/laravel/framework/src/Illuminate/Foundation/Http/Kernel.php(201): Illuminate\\Routing\\Router->dispatch()
#38 /media/flavio/3437-6262/Projetos/laravel_ecommerce/vendor/laravel/framework/src/Illuminate/Pipeline/Pipeline.php(144): Illuminate\\Foundation\\Http\\Kernel->Illuminate\\Foundation\\Http\\{closure}()
#39 /media/flavio/3437-6262/Projetos/laravel_ecommerce/vendor/laravel/framework/src/Illuminate/Foundation/Http/Middleware/TransformsRequest.php(21): Illuminate\\Pipeline\\Pipeline->Illuminate\\Pipeline\\{closure}()
#40 /media/flavio/3437-6262/Projetos/laravel_ecommerce/vendor/laravel/framework/src/Illuminate/Foundation/Http/Middleware/ConvertEmptyStringsToNull.php(31): Illuminate\\Foundation\\Http\\Middleware\\TransformsRequest->handle()
#41 /media/flavio/3437-6262/Projetos/laravel_ecommerce/vendor/laravel/framework/src/Illuminate/Pipeline/Pipeline.php(183): Illuminate\\Foundation\\Http\\Middleware\\ConvertEmptyStringsToNull->handle()
#42 /media/flavio/3437-6262/Projetos/laravel_ecommerce/vendor/laravel/framework/src/Illuminate/Foundation/Http/Middleware/TransformsRequest.php(21): Illuminate\\Pipeline\\Pipeline->Illuminate\\Pipeline\\{closure}()
#43 /media/flavio/3437-6262/Projetos/laravel_ecommerce/vendor/laravel/framework/src/Illuminate/Foundation/Http/Middleware/TrimStrings.php(51): Illuminate\\Foundation\\Http\\Middleware\\TransformsRequest->handle()
#44 /media/flavio/3437-6262/Projetos/laravel_ecommerce/vendor/laravel/framework/src/Illuminate/Pipeline/Pipeline.php(183): Illuminate\\Foundation\\Http\\Middleware\\TrimStrings->handle()
#45 /media/flavio/3437-6262/Projetos/laravel_ecommerce/vendor/laravel/framework/src/Illuminate/Http/Middleware/ValidatePostSize.php(27): Illuminate\\Pipeline\\Pipeline->Illuminate\\Pipeline\\{closure}()
#46 /media/flavio/3437-6262/Projetos/laravel_ecommerce/vendor/laravel/framework/src/Illuminate/Pipeline/Pipeline.php(183): Illuminate\\Http\\Middleware\\ValidatePostSize->handle()
#47 /media/flavio/3437-6262/Projetos/laravel_ecommerce/vendor/laravel/framework/src/Illuminate/Foundation/Http/Middleware/PreventRequestsDuringMaintenance.php(110): Illuminate\\Pipeline\\Pipeline->Illuminate\\Pipeline\\{closure}()
#48 /media/flavio/3437-6262/Projetos/laravel_ecommerce/vendor/laravel/framework/src/Illuminate/Pipeline/Pipeline.php(183): Illuminate\\Foundation\\Http\\Middleware\\PreventRequestsDuringMaintenance->handle()
#49 /media/flavio/3437-6262/Projetos/laravel_ecommerce/vendor/laravel/framework/src/Illuminate/Http/Middleware/HandleCors.php(49): Illuminate\\Pipeline\\Pipeline->Illuminate\\Pipeline\\{closure}()
#50 /media/flavio/3437-6262/Projetos/laravel_ecommerce/vendor/laravel/framework/src/Illuminate/Pipeline/Pipeline.php(183): Illuminate\\Http\\Middleware\\HandleCors->handle()
#51 /media/flavio/3437-6262/Projetos/laravel_ecommerce/vendor/laravel/framework/src/Illuminate/Http/Middleware/TrustProxies.php(58): Illuminate\\Pipeline\\Pipeline->Illuminate\\Pipeline\\{closure}()
#52 /media/flavio/3437-6262/Projetos/laravel_ecommerce/vendor/laravel/framework/src/Illuminate/Pipeline/Pipeline.php(183): Illuminate\\Http\\Middleware\\TrustProxies->handle()
#53 /media/flavio/3437-6262/Projetos/laravel_ecommerce/vendor/laravel/framework/src/Illuminate/Foundation/Http/Middleware/InvokeDeferredCallbacks.php(22): Illuminate\\Pipeline\\Pipeline->Illuminate\\Pipeline\\{closure}()
#54 /media/flavio/3437-6262/Projetos/laravel_ecommerce/vendor/laravel/framework/src/Illuminate/Pipeline/Pipeline.php(183): Illuminate\\Foundation\\Http\\Middleware\\InvokeDeferredCallbacks->handle()
#55 /media/flavio/3437-6262/Projetos/laravel_ecommerce/vendor/laravel/framework/src/Illuminate/Pipeline/Pipeline.php(119): Illuminate\\Pipeline\\Pipeline->Illuminate\\Pipeline\\{closure}()
#56 /media/flavio/3437-6262/Projetos/laravel_ecommerce/vendor/laravel/framework/src/Illuminate/Foundation/Http/Kernel.php(176): Illuminate\\Pipeline\\Pipeline->then()
#57 /media/flavio/3437-6262/Projetos/laravel_ecommerce/vendor/laravel/framework/src/Illuminate/Foundation/Http/Kernel.php(145): Illuminate\\Foundation\\Http\\Kernel->sendRequestThroughRouter()
#58 /media/flavio/3437-6262/Projetos/laravel_ecommerce/vendor/laravel/framework/src/Illuminate/Foundation/Application.php(1190): Illuminate\\Foundation\\Http\\Kernel->handle()
#59 /media/flavio/3437-6262/Projetos/laravel_ecommerce/public/index.php(17): Illuminate\\Foundation\\Application->handleRequest()
#60 /media/flavio/3437-6262/Projetos/laravel_ecommerce/vendor/laravel/framework/src/Illuminate/Foundation/resources/server.php(23): require_once('...')
#61 {main}
"} 
[2024-12-24 21:54:41] local.ERROR: SQLSTATE[HY000] [1049] Unknown database 'laravel_ecommerce' (Connection: mysql, SQL: select * from `sessions` where `id` = tbdMPSukbLyL8gPx8fmZw7XrrVRmimMc1IiXVXEd limit 1) {"exception":"[object] (Illuminate\\Database\\QueryException(code: 1049): SQLSTATE[HY000] [1049] Unknown database 'laravel_ecommerce' (Connection: mysql, SQL: select * from `sessions` where `id` = tbdMPSukbLyL8gPx8fmZw7XrrVRmimMc1IiXVXEd limit 1) at /media/flavio/3437-6262/Projetos/laravel_ecommerce/vendor/laravel/framework/src/Illuminate/Database/Connection.php:825)
[stacktrace]
#0 /media/flavio/3437-6262/Projetos/laravel_ecommerce/vendor/laravel/framework/src/Illuminate/Database/Connection.php(779): Illuminate\\Database\\Connection->runQueryCallback()
#1 /media/flavio/3437-6262/Projetos/laravel_ecommerce/vendor/laravel/framework/src/Illuminate/Database/Connection.php(398): Illuminate\\Database\\Connection->run()
#2 /media/flavio/3437-6262/Projetos/laravel_ecommerce/vendor/laravel/framework/src/Illuminate/Database/Query/Builder.php(3133): Illuminate\\Database\\Connection->select()
#3 /media/flavio/3437-6262/Projetos/laravel_ecommerce/vendor/laravel/framework/src/Illuminate/Database/Query/Builder.php(3118): Illuminate\\Database\\Query\\Builder->runSelect()
#4 /media/flavio/3437-6262/Projetos/laravel_ecommerce/vendor/laravel/framework/src/Illuminate/Database/Query/Builder.php(3706): Illuminate\\Database\\Query\\Builder->Illuminate\\Database\\Query\\{closure}()
#5 /media/flavio/3437-6262/Projetos/laravel_ecommerce/vendor/laravel/framework/src/Illuminate/Database/Query/Builder.php(3117): Illuminate\\Database\\Query\\Builder->onceWithColumns()
#6 /media/flavio/3437-6262/Projetos/laravel_ecommerce/vendor/laravel/framework/src/Illuminate/Database/Concerns/BuildsQueries.php(344): Illuminate\\Database\\Query\\Builder->get()
#7 /media/flavio/3437-6262/Projetos/laravel_ecommerce/vendor/laravel/framework/src/Illuminate/Database/Query/Builder.php(3038): Illuminate\\Database\\Query\\Builder->first()
#8 /media/flavio/3437-6262/Projetos/laravel_ecommerce/vendor/laravel/framework/src/Illuminate/Session/DatabaseSessionHandler.php(97): Illuminate\\Database\\Query\\Builder->find()
#9 /media/flavio/3437-6262/Projetos/laravel_ecommerce/vendor/laravel/framework/src/Illuminate/Session/Store.php(116): Illuminate\\Session\\DatabaseSessionHandler->read()
#10 /media/flavio/3437-6262/Projetos/laravel_ecommerce/vendor/laravel/framework/src/Illuminate/Session/Store.php(104): Illuminate\\Session\\Store->readFromHandler()
#11 /media/flavio/3437-6262/Projetos/laravel_ecommerce/vendor/laravel/framework/src/Illuminate/Session/Store.php(88): Illuminate\\Session\\Store->loadSession()
#12 /media/flavio/3437-6262/Projetos/laravel_ecommerce/vendor/laravel/framework/src/Illuminate/Session/Middleware/StartSession.php(147): Illuminate\\Session\\Store->start()
#13 /media/flavio/3437-6262/Projetos/laravel_ecommerce/vendor/laravel/framework/src/Illuminate/Support/helpers.php(399): Illuminate\\Session\\Middleware\\StartSession->Illuminate\\Session\\Middleware\\{closure}()
#14 /media/flavio/3437-6262/Projetos/laravel_ecommerce/vendor/laravel/framework/src/Illuminate/Session/Middleware/StartSession.php(144): tap()
#15 /media/flavio/3437-6262/Projetos/laravel_ecommerce/vendor/laravel/framework/src/Illuminate/Session/Middleware/StartSession.php(116): Illuminate\\Session\\Middleware\\StartSession->startSession()
#16 /media/flavio/3437-6262/Projetos/laravel_ecommerce/vendor/laravel/framework/src/Illuminate/Session/Middleware/StartSession.php(64): Illuminate\\Session\\Middleware\\StartSession->handleStatefulRequest()
#17 /media/flavio/3437-6262/Projetos/laravel_ecommerce/vendor/laravel/framework/src/Illuminate/Pipeline/Pipeline.php(183): Illuminate\\Session\\Middleware\\StartSession->handle()
#18 /media/flavio/3437-6262/Projetos/laravel_ecommerce/vendor/laravel/framework/src/Illuminate/Cookie/Middleware/AddQueuedCookiesToResponse.php(37): Illuminate\\Pipeline\\Pipeline->Illuminate\\Pipeline\\{closure}()
#19 /media/flavio/3437-6262/Projetos/laravel_ecommerce/vendor/laravel/framework/src/Illuminate/Pipeline/Pipeline.php(183): Illuminate\\Cookie\\Middleware\\AddQueuedCookiesToResponse->handle()
#20 /media/flavio/3437-6262/Projetos/laravel_ecommerce/vendor/laravel/framework/src/Illuminate/Cookie/Middleware/EncryptCookies.php(75): Illuminate\\Pipeline\\Pipeline->Illuminate\\Pipeline\\{closure}()
#21 /media/flavio/3437-6262/Projetos/laravel_ecommerce/vendor/laravel/framework/src/Illuminate/Pipeline/Pipeline.php(183): Illuminate\\Cookie\\Middleware\\EncryptCookies->handle()
#22 /media/flavio/3437-6262/Projetos/laravel_ecommerce/vendor/laravel/framework/src/Illuminate/Pipeline/Pipeline.php(119): Illuminate\\Pipeline\\Pipeline->Illuminate\\Pipeline\\{closure}()
#23 /media/flavio/3437-6262/Projetos/laravel_ecommerce/vendor/laravel/framework/src/Illuminate/Routing/Router.php(807): Illuminate\\Pipeline\\Pipeline->then()
#24 /media/flavio/3437-6262/Projetos/laravel_ecommerce/vendor/laravel/framework/src/Illuminate/Routing/Router.php(786): Illuminate\\Routing\\Router->runRouteWithinStack()
#25 /media/flavio/3437-6262/Projetos/laravel_ecommerce/vendor/laravel/framework/src/Illuminate/Routing/Router.php(750): Illuminate\\Routing\\Router->runRoute()
#26 /media/flavio/3437-6262/Projetos/laravel_ecommerce/vendor/laravel/framework/src/Illuminate/Routing/Router.php(739): Illuminate\\Routing\\Router->dispatchToRoute()
#27 /media/flavio/3437-6262/Projetos/laravel_ecommerce/vendor/laravel/framework/src/Illuminate/Foundation/Http/Kernel.php(201): Illuminate\\Routing\\Router->dispatch()
#28 /media/flavio/3437-6262/Projetos/laravel_ecommerce/vendor/laravel/framework/src/Illuminate/Pipeline/Pipeline.php(144): Illuminate\\Foundation\\Http\\Kernel->Illuminate\\Foundation\\Http\\{closure}()
#29 /media/flavio/3437-6262/Projetos/laravel_ecommerce/vendor/laravel/framework/src/Illuminate/Foundation/Http/Middleware/TransformsRequest.php(21): Illuminate\\Pipeline\\Pipeline->Illuminate\\Pipeline\\{closure}()
#30 /media/flavio/3437-6262/Projetos/laravel_ecommerce/vendor/laravel/framework/src/Illuminate/Foundation/Http/Middleware/ConvertEmptyStringsToNull.php(31): Illuminate\\Foundation\\Http\\Middleware\\TransformsRequest->handle()
#31 /media/flavio/3437-6262/Projetos/laravel_ecommerce/vendor/laravel/framework/src/Illuminate/Pipeline/Pipeline.php(183): Illuminate\\Foundation\\Http\\Middleware\\ConvertEmptyStringsToNull->handle()
#32 /media/flavio/3437-6262/Projetos/laravel_ecommerce/vendor/laravel/framework/src/Illuminate/Foundation/Http/Middleware/TransformsRequest.php(21): Illuminate\\Pipeline\\Pipeline->Illuminate\\Pipeline\\{closure}()
#33 /media/flavio/3437-6262/Projetos/laravel_ecommerce/vendor/laravel/framework/src/Illuminate/Foundation/Http/Middleware/TrimStrings.php(51): Illuminate\\Foundation\\Http\\Middleware\\TransformsRequest->handle()
#34 /media/flavio/3437-6262/Projetos/laravel_ecommerce/vendor/laravel/framework/src/Illuminate/Pipeline/Pipeline.php(183): Illuminate\\Foundation\\Http\\Middleware\\TrimStrings->handle()
#35 /media/flavio/3437-6262/Projetos/laravel_ecommerce/vendor/laravel/framework/src/Illuminate/Http/Middleware/ValidatePostSize.php(27): Illuminate\\Pipeline\\Pipeline->Illuminate\\Pipeline\\{closure}()
#36 /media/flavio/3437-6262/Projetos/laravel_ecommerce/vendor/laravel/framework/src/Illuminate/Pipeline/Pipeline.php(183): Illuminate\\Http\\Middleware\\ValidatePostSize->handle()
#37 /media/flavio/3437-6262/Projetos/laravel_ecommerce/vendor/laravel/framework/src/Illuminate/Foundation/Http/Middleware/PreventRequestsDuringMaintenance.php(110): Illuminate\\Pipeline\\Pipeline->Illuminate\\Pipeline\\{closure}()
#38 /media/flavio/3437-6262/Projetos/laravel_ecommerce/vendor/laravel/framework/src/Illuminate/Pipeline/Pipeline.php(183): Illuminate\\Foundation\\Http\\Middleware\\PreventRequestsDuringMaintenance->handle()
#39 /media/flavio/3437-6262/Projetos/laravel_ecommerce/vendor/laravel/framework/src/Illuminate/Http/Middleware/HandleCors.php(49): Illuminate\\Pipeline\\Pipeline->Illuminate\\Pipeline\\{closure}()
#40 /media/flavio/3437-6262/Projetos/laravel_ecommerce/vendor/laravel/framework/src/Illuminate/Pipeline/Pipeline.php(183): Illuminate\\Http\\Middleware\\HandleCors->handle()
#41 /media/flavio/3437-6262/Projetos/laravel_ecommerce/vendor/laravel/framework/src/Illuminate/Http/Middleware/TrustProxies.php(58): Illuminate\\Pipeline\\Pipeline->Illuminate\\Pipeline\\{closure}()
#42 /media/flavio/3437-6262/Projetos/laravel_ecommerce/vendor/laravel/framework/src/Illuminate/Pipeline/Pipeline.php(183): Illuminate\\Http\\Middleware\\TrustProxies->handle()
#43 /media/flavio/3437-6262/Projetos/laravel_ecommerce/vendor/laravel/framework/src/Illuminate/Foundation/Http/Middleware/InvokeDeferredCallbacks.php(22): Illuminate\\Pipeline\\Pipeline->Illuminate\\Pipeline\\{closure}()
#44 /media/flavio/3437-6262/Projetos/laravel_ecommerce/vendor/laravel/framework/src/Illuminate/Pipeline/Pipeline.php(183): Illuminate\\Foundation\\Http\\Middleware\\InvokeDeferredCallbacks->handle()
#45 /media/flavio/3437-6262/Projetos/laravel_ecommerce/vendor/laravel/framework/src/Illuminate/Pipeline/Pipeline.php(119): Illuminate\\Pipeline\\Pipeline->Illuminate\\Pipeline\\{closure}()
#46 /media/flavio/3437-6262/Projetos/laravel_ecommerce/vendor/laravel/framework/src/Illuminate/Foundation/Http/Kernel.php(176): Illuminate\\Pipeline\\Pipeline->then()
#47 /media/flavio/3437-6262/Projetos/laravel_ecommerce/vendor/laravel/framework/src/Illuminate/Foundation/Http/Kernel.php(145): Illuminate\\Foundation\\Http\\Kernel->sendRequestThroughRouter()
#48 /media/flavio/3437-6262/Projetos/laravel_ecommerce/vendor/laravel/framework/src/Illuminate/Foundation/Application.php(1190): Illuminate\\Foundation\\Http\\Kernel->handle()
#49 /media/flavio/3437-6262/Projetos/laravel_ecommerce/public/index.php(17): Illuminate\\Foundation\\Application->handleRequest()
#50 /media/flavio/3437-6262/Projetos/laravel_ecommerce/vendor/laravel/framework/src/Illuminate/Foundation/resources/server.php(23): require_once('...')
#51 {main}

[previous exception] [object] (PDOException(code: 1049): SQLSTATE[HY000] [1049] Unknown database 'laravel_ecommerce' at /media/flavio/3437-6262/Projetos/laravel_ecommerce/vendor/laravel/framework/src/Illuminate/Database/Connectors/Connector.php:66)
[stacktrace]
#0 /media/flavio/3437-6262/Projetos/laravel_ecommerce/vendor/laravel/framework/src/Illuminate/Database/Connectors/Connector.php(66): PDO->__construct()
#1 /media/flavio/3437-6262/Projetos/laravel_ecommerce/vendor/laravel/framework/src/Illuminate/Database/Connectors/Connector.php(44): Illuminate\\Database\\Connectors\\Connector->createPdoConnection()
#2 /media/flavio/3437-6262/Projetos/laravel_ecommerce/vendor/laravel/framework/src/Illuminate/Database/Connectors/MySqlConnector.php(24): Illuminate\\Database\\Connectors\\Connector->createConnection()
#3 /media/flavio/3437-6262/Projetos/laravel_ecommerce/vendor/laravel/framework/src/Illuminate/Database/Connectors/ConnectionFactory.php(185): Illuminate\\Database\\Connectors\\MySqlConnector->connect()
#4 [internal function]: Illuminate\\Database\\Connectors\\ConnectionFactory->Illuminate\\Database\\Connectors\\{closure}()
#5 /media/flavio/3437-6262/Projetos/laravel_ecommerce/vendor/laravel/framework/src/Illuminate/Database/Connection.php(1231): call_user_func()
#6 /media/flavio/3437-6262/Projetos/laravel_ecommerce/vendor/laravel/framework/src/Illuminate/Database/Connection.php(1267): Illuminate\\Database\\Connection->getPdo()
#7 /media/flavio/3437-6262/Projetos/laravel_ecommerce/vendor/laravel/framework/src/Illuminate/Database/Connection.php(512): Illuminate\\Database\\Connection->getReadPdo()
#8 /media/flavio/3437-6262/Projetos/laravel_ecommerce/vendor/laravel/framework/src/Illuminate/Database/Connection.php(407): Illuminate\\Database\\Connection->getPdoForSelect()
#9 /media/flavio/3437-6262/Projetos/laravel_ecommerce/vendor/laravel/framework/src/Illuminate/Database/Connection.php(812): Illuminate\\Database\\Connection->Illuminate\\Database\\{closure}()
#10 /media/flavio/3437-6262/Projetos/laravel_ecommerce/vendor/laravel/framework/src/Illuminate/Database/Connection.php(779): Illuminate\\Database\\Connection->runQueryCallback()
#11 /media/flavio/3437-6262/Projetos/laravel_ecommerce/vendor/laravel/framework/src/Illuminate/Database/Connection.php(398): Illuminate\\Database\\Connection->run()
#12 /media/flavio/3437-6262/Projetos/laravel_ecommerce/vendor/laravel/framework/src/Illuminate/Database/Query/Builder.php(3133): Illuminate\\Database\\Connection->select()
#13 /media/flavio/3437-6262/Projetos/laravel_ecommerce/vendor/laravel/framework/src/Illuminate/Database/Query/Builder.php(3118): Illuminate\\Database\\Query\\Builder->runSelect()
#14 /media/flavio/3437-6262/Projetos/laravel_ecommerce/vendor/laravel/framework/src/Illuminate/Database/Query/Builder.php(3706): Illuminate\\Database\\Query\\Builder->Illuminate\\Database\\Query\\{closure}()
#15 /media/flavio/3437-6262/Projetos/laravel_ecommerce/vendor/laravel/framework/src/Illuminate/Database/Query/Builder.php(3117): Illuminate\\Database\\Query\\Builder->onceWithColumns()
#16 /media/flavio/3437-6262/Projetos/laravel_ecommerce/vendor/laravel/framework/src/Illuminate/Database/Concerns/BuildsQueries.php(344): Illuminate\\Database\\Query\\Builder->get()
#17 /media/flavio/3437-6262/Projetos/laravel_ecommerce/vendor/laravel/framework/src/Illuminate/Database/Query/Builder.php(3038): Illuminate\\Database\\Query\\Builder->first()
#18 /media/flavio/3437-6262/Projetos/laravel_ecommerce/vendor/laravel/framework/src/Illuminate/Session/DatabaseSessionHandler.php(97): Illuminate\\Database\\Query\\Builder->find()
#19 /media/flavio/3437-6262/Projetos/laravel_ecommerce/vendor/laravel/framework/src/Illuminate/Session/Store.php(116): Illuminate\\Session\\DatabaseSessionHandler->read()
#20 /media/flavio/3437-6262/Projetos/laravel_ecommerce/vendor/laravel/framework/src/Illuminate/Session/Store.php(104): Illuminate\\Session\\Store->readFromHandler()
#21 /media/flavio/3437-6262/Projetos/laravel_ecommerce/vendor/laravel/framework/src/Illuminate/Session/Store.php(88): Illuminate\\Session\\Store->loadSession()
#22 /media/flavio/3437-6262/Projetos/laravel_ecommerce/vendor/laravel/framework/src/Illuminate/Session/Middleware/StartSession.php(147): Illuminate\\Session\\Store->start()
#23 /media/flavio/3437-6262/Projetos/laravel_ecommerce/vendor/laravel/framework/src/Illuminate/Support/helpers.php(399): Illuminate\\Session\\Middleware\\StartSession->Illuminate\\Session\\Middleware\\{closure}()
#24 /media/flavio/3437-6262/Projetos/laravel_ecommerce/vendor/laravel/framework/src/Illuminate/Session/Middleware/StartSession.php(144): tap()
#25 /media/flavio/3437-6262/Projetos/laravel_ecommerce/vendor/laravel/framework/src/Illuminate/Session/Middleware/StartSession.php(116): Illuminate\\Session\\Middleware\\StartSession->startSession()
#26 /media/flavio/3437-6262/Projetos/laravel_ecommerce/vendor/laravel/framework/src/Illuminate/Session/Middleware/StartSession.php(64): Illuminate\\Session\\Middleware\\StartSession->handleStatefulRequest()
#27 /media/flavio/3437-6262/Projetos/laravel_ecommerce/vendor/laravel/framework/src/Illuminate/Pipeline/Pipeline.php(183): Illuminate\\Session\\Middleware\\StartSession->handle()
#28 /media/flavio/3437-6262/Projetos/laravel_ecommerce/vendor/laravel/framework/src/Illuminate/Cookie/Middleware/AddQueuedCookiesToResponse.php(37): Illuminate\\Pipeline\\Pipeline->Illuminate\\Pipeline\\{closure}()
#29 /media/flavio/3437-6262/Projetos/laravel_ecommerce/vendor/laravel/framework/src/Illuminate/Pipeline/Pipeline.php(183): Illuminate\\Cookie\\Middleware\\AddQueuedCookiesToResponse->handle()
#30 /media/flavio/3437-6262/Projetos/laravel_ecommerce/vendor/laravel/framework/src/Illuminate/Cookie/Middleware/EncryptCookies.php(75): Illuminate\\Pipeline\\Pipeline->Illuminate\\Pipeline\\{closure}()
#31 /media/flavio/3437-6262/Projetos/laravel_ecommerce/vendor/laravel/framework/src/Illuminate/Pipeline/Pipeline.php(183): Illuminate\\Cookie\\Middleware\\EncryptCookies->handle()
#32 /media/flavio/3437-6262/Projetos/laravel_ecommerce/vendor/laravel/framework/src/Illuminate/Pipeline/Pipeline.php(119): Illuminate\\Pipeline\\Pipeline->Illuminate\\Pipeline\\{closure}()
#33 /media/flavio/3437-6262/Projetos/laravel_ecommerce/vendor/laravel/framework/src/Illuminate/Routing/Router.php(807): Illuminate\\Pipeline\\Pipeline->then()
#34 /media/flavio/3437-6262/Projetos/laravel_ecommerce/vendor/laravel/framework/src/Illuminate/Routing/Router.php(786): Illuminate\\Routing\\Router->runRouteWithinStack()
#35 /media/flavio/3437-6262/Projetos/laravel_ecommerce/vendor/laravel/framework/src/Illuminate/Routing/Router.php(750): Illuminate\\Routing\\Router->runRoute()
#36 /media/flavio/3437-6262/Projetos/laravel_ecommerce/vendor/laravel/framework/src/Illuminate/Routing/Router.php(739): Illuminate\\Routing\\Router->dispatchToRoute()
#37 /media/flavio/3437-6262/Projetos/laravel_ecommerce/vendor/laravel/framework/src/Illuminate/Foundation/Http/Kernel.php(201): Illuminate\\Routing\\Router->dispatch()
#38 /media/flavio/3437-6262/Projetos/laravel_ecommerce/vendor/laravel/framework/src/Illuminate/Pipeline/Pipeline.php(144): Illuminate\\Foundation\\Http\\Kernel->Illuminate\\Foundation\\Http\\{closure}()
#39 /media/flavio/3437-6262/Projetos/laravel_ecommerce/vendor/laravel/framework/src/Illuminate/Foundation/Http/Middleware/TransformsRequest.php(21): Illuminate\\Pipeline\\Pipeline->Illuminate\\Pipeline\\{closure}()
#40 /media/flavio/3437-6262/Projetos/laravel_ecommerce/vendor/laravel/framework/src/Illuminate/Foundation/Http/Middleware/ConvertEmptyStringsToNull.php(31): Illuminate\\Foundation\\Http\\Middleware\\TransformsRequest->handle()
#41 /media/flavio/3437-6262/Projetos/laravel_ecommerce/vendor/laravel/framework/src/Illuminate/Pipeline/Pipeline.php(183): Illuminate\\Foundation\\Http\\Middleware\\ConvertEmptyStringsToNull->handle()
#42 /media/flavio/3437-6262/Projetos/laravel_ecommerce/vendor/laravel/framework/src/Illuminate/Foundation/Http/Middleware/TransformsRequest.php(21): Illuminate\\Pipeline\\Pipeline->Illuminate\\Pipeline\\{closure}()
#43 /media/flavio/3437-6262/Projetos/laravel_ecommerce/vendor/laravel/framework/src/Illuminate/Foundation/Http/Middleware/TrimStrings.php(51): Illuminate\\Foundation\\Http\\Middleware\\TransformsRequest->handle()
#44 /media/flavio/3437-6262/Projetos/laravel_ecommerce/vendor/laravel/framework/src/Illuminate/Pipeline/Pipeline.php(183): Illuminate\\Foundation\\Http\\Middleware\\TrimStrings->handle()
#45 /media/flavio/3437-6262/Projetos/laravel_ecommerce/vendor/laravel/framework/src/Illuminate/Http/Middleware/ValidatePostSize.php(27): Illuminate\\Pipeline\\Pipeline->Illuminate\\Pipeline\\{closure}()
#46 /media/flavio/3437-6262/Projetos/laravel_ecommerce/vendor/laravel/framework/src/Illuminate/Pipeline/Pipeline.php(183): Illuminate\\Http\\Middleware\\ValidatePostSize->handle()
#47 /media/flavio/3437-6262/Projetos/laravel_ecommerce/vendor/laravel/framework/src/Illuminate/Foundation/Http/Middleware/PreventRequestsDuringMaintenance.php(110): Illuminate\\Pipeline\\Pipeline->Illuminate\\Pipeline\\{closure}()
#48 /media/flavio/3437-6262/Projetos/laravel_ecommerce/vendor/laravel/framework/src/Illuminate/Pipeline/Pipeline.php(183): Illuminate\\Foundation\\Http\\Middleware\\PreventRequestsDuringMaintenance->handle()
#49 /media/flavio/3437-6262/Projetos/laravel_ecommerce/vendor/laravel/framework/src/Illuminate/Http/Middleware/HandleCors.php(49): Illuminate\\Pipeline\\Pipeline->Illuminate\\Pipeline\\{closure}()
#50 /media/flavio/3437-6262/Projetos/laravel_ecommerce/vendor/laravel/framework/src/Illuminate/Pipeline/Pipeline.php(183): Illuminate\\Http\\Middleware\\HandleCors->handle()
#51 /media/flavio/3437-6262/Projetos/laravel_ecommerce/vendor/laravel/framework/src/Illuminate/Http/Middleware/TrustProxies.php(58): Illuminate\\Pipeline\\Pipeline->Illuminate\\Pipeline\\{closure}()
#52 /media/flavio/3437-6262/Projetos/laravel_ecommerce/vendor/laravel/framework/src/Illuminate/Pipeline/Pipeline.php(183): Illuminate\\Http\\Middleware\\TrustProxies->handle()
#53 /media/flavio/3437-6262/Projetos/laravel_ecommerce/vendor/laravel/framework/src/Illuminate/Foundation/Http/Middleware/InvokeDeferredCallbacks.php(22): Illuminate\\Pipeline\\Pipeline->Illuminate\\Pipeline\\{closure}()
#54 /media/flavio/3437-6262/Projetos/laravel_ecommerce/vendor/laravel/framework/src/Illuminate/Pipeline/Pipeline.php(183): Illuminate\\Foundation\\Http\\Middleware\\InvokeDeferredCallbacks->handle()
#55 /media/flavio/3437-6262/Projetos/laravel_ecommerce/vendor/laravel/framework/src/Illuminate/Pipeline/Pipeline.php(119): Illuminate\\Pipeline\\Pipeline->Illuminate\\Pipeline\\{closure}()
#56 /media/flavio/3437-6262/Projetos/laravel_ecommerce/vendor/laravel/framework/src/Illuminate/Foundation/Http/Kernel.php(176): Illuminate\\Pipeline\\Pipeline->then()
#57 /media/flavio/3437-6262/Projetos/laravel_ecommerce/vendor/laravel/framework/src/Illuminate/Foundation/Http/Kernel.php(145): Illuminate\\Foundation\\Http\\Kernel->sendRequestThroughRouter()
#58 /media/flavio/3437-6262/Projetos/laravel_ecommerce/vendor/laravel/framework/src/Illuminate/Foundation/Application.php(1190): Illuminate\\Foundation\\Http\\Kernel->handle()
#59 /media/flavio/3437-6262/Projetos/laravel_ecommerce/public/index.php(17): Illuminate\\Foundation\\Application->handleRequest()
#60 /media/flavio/3437-6262/Projetos/laravel_ecommerce/vendor/laravel/framework/src/Illuminate/Foundation/resources/server.php(23): require_once('...')
#61 {main}
"} 
[2024-12-25 10:56:23] local.ERROR: There are no commands defined in the "ui" namespace. {"exception":"[object] (Symfony\\Component\\Console\\Exception\\NamespaceNotFoundException(code: 0): There are no commands defined in the \"ui\" namespace. at /media/flavio/3437-6262/Projetos/laravel_ecommerce/vendor/symfony/console/Application.php:660)
[stacktrace]
#0 /media/flavio/3437-6262/Projetos/laravel_ecommerce/vendor/symfony/console/Application.php(709): Symfony\\Component\\Console\\Application->findNamespace()
#1 /media/flavio/3437-6262/Projetos/laravel_ecommerce/vendor/symfony/console/Application.php(284): Symfony\\Component\\Console\\Application->find()
#2 /media/flavio/3437-6262/Projetos/laravel_ecommerce/vendor/symfony/console/Application.php(193): Symfony\\Component\\Console\\Application->doRun()
#3 /media/flavio/3437-6262/Projetos/laravel_ecommerce/vendor/laravel/framework/src/Illuminate/Foundation/Console/Kernel.php(198): Symfony\\Component\\Console\\Application->run()
#4 /media/flavio/3437-6262/Projetos/laravel_ecommerce/vendor/laravel/framework/src/Illuminate/Foundation/Application.php(1205): Illuminate\\Foundation\\Console\\Kernel->handle()
#5 /media/flavio/3437-6262/Projetos/laravel_ecommerce/artisan(13): Illuminate\\Foundation\\Application->handleCommand()
#6 {main}
"} 
[2024-12-25 11:20:39] local.ERROR: Undefined variable $helloworld (View: /media/flavio/3437-6262/Projetos/laravel_ecommerce/resources/views/welcome.blade.php) {"exception":"[object] (Illuminate\\View\\ViewException(code: 0): Undefined variable $helloworld (View: /media/flavio/3437-6262/Projetos/laravel_ecommerce/resources/views/welcome.blade.php) at /media/flavio/3437-6262/Projetos/laravel_ecommerce/storage/framework/views/5747b842ed667ae2c8d86346a892333f.php:97)
[stacktrace]
#0 /media/flavio/3437-6262/Projetos/laravel_ecommerce/vendor/laravel/framework/src/Illuminate/View/Engines/PhpEngine.php(60): Illuminate\\View\\Engines\\CompilerEngine->handleViewException()
#1 /media/flavio/3437-6262/Projetos/laravel_ecommerce/vendor/laravel/framework/src/Illuminate/View/Engines/CompilerEngine.php(75): Illuminate\\View\\Engines\\PhpEngine->evaluatePath()
#2 /media/flavio/3437-6262/Projetos/laravel_ecommerce/vendor/laravel/framework/src/Illuminate/View/View.php(209): Illuminate\\View\\Engines\\CompilerEngine->get()
#3 /media/flavio/3437-6262/Projetos/laravel_ecommerce/vendor/laravel/framework/src/Illuminate/View/View.php(192): Illuminate\\View\\View->getContents()
#4 /media/flavio/3437-6262/Projetos/laravel_ecommerce/vendor/laravel/framework/src/Illuminate/View/View.php(161): Illuminate\\View\\View->renderContents()
#5 /media/flavio/3437-6262/Projetos/laravel_ecommerce/vendor/laravel/framework/src/Illuminate/Http/Response.php(70): Illuminate\\View\\View->render()
#6 /media/flavio/3437-6262/Projetos/laravel_ecommerce/vendor/laravel/framework/src/Illuminate/Http/Response.php(35): Illuminate\\Http\\Response->setContent()
#7 /media/flavio/3437-6262/Projetos/laravel_ecommerce/vendor/laravel/framework/src/Illuminate/Routing/Router.php(920): Illuminate\\Http\\Response->__construct()
#8 /media/flavio/3437-6262/Projetos/laravel_ecommerce/vendor/laravel/framework/src/Illuminate/Routing/Router.php(887): Illuminate\\Routing\\Router::toResponse()
#9 /media/flavio/3437-6262/Projetos/laravel_ecommerce/vendor/laravel/framework/src/Illuminate/Routing/Router.php(807): Illuminate\\Routing\\Router->prepareResponse()
#10 /media/flavio/3437-6262/Projetos/laravel_ecommerce/vendor/laravel/framework/src/Illuminate/Pipeline/Pipeline.php(144): Illuminate\\Routing\\Router->Illuminate\\Routing\\{closure}()
#11 /media/flavio/3437-6262/Projetos/laravel_ecommerce/vendor/laravel/framework/src/Illuminate/Routing/Middleware/SubstituteBindings.php(51): Illuminate\\Pipeline\\Pipeline->Illuminate\\Pipeline\\{closure}()
#12 /media/flavio/3437-6262/Projetos/laravel_ecommerce/vendor/laravel/framework/src/Illuminate/Pipeline/Pipeline.php(183): Illuminate\\Routing\\Middleware\\SubstituteBindings->handle()
#13 /media/flavio/3437-6262/Projetos/laravel_ecommerce/vendor/laravel/framework/src/Illuminate/Foundation/Http/Middleware/VerifyCsrfToken.php(88): Illuminate\\Pipeline\\Pipeline->Illuminate\\Pipeline\\{closure}()
#14 /media/flavio/3437-6262/Projetos/laravel_ecommerce/vendor/laravel/framework/src/Illuminate/Pipeline/Pipeline.php(183): Illuminate\\Foundation\\Http\\Middleware\\VerifyCsrfToken->handle()
#15 /media/flavio/3437-6262/Projetos/laravel_ecommerce/vendor/laravel/framework/src/Illuminate/View/Middleware/ShareErrorsFromSession.php(49): Illuminate\\Pipeline\\Pipeline->Illuminate\\Pipeline\\{closure}()
#16 /media/flavio/3437-6262/Projetos/laravel_ecommerce/vendor/laravel/framework/src/Illuminate/Pipeline/Pipeline.php(183): Illuminate\\View\\Middleware\\ShareErrorsFromSession->handle()
#17 /media/flavio/3437-6262/Projetos/laravel_ecommerce/vendor/laravel/framework/src/Illuminate/Session/Middleware/StartSession.php(121): Illuminate\\Pipeline\\Pipeline->Illuminate\\Pipeline\\{closure}()
#18 /media/flavio/3437-6262/Projetos/laravel_ecommerce/vendor/laravel/framework/src/Illuminate/Session/Middleware/StartSession.php(64): Illuminate\\Session\\Middleware\\StartSession->handleStatefulRequest()
#19 /media/flavio/3437-6262/Projetos/laravel_ecommerce/vendor/laravel/framework/src/Illuminate/Pipeline/Pipeline.php(183): Illuminate\\Session\\Middleware\\StartSession->handle()
#20 /media/flavio/3437-6262/Projetos/laravel_ecommerce/vendor/laravel/framework/src/Illuminate/Cookie/Middleware/AddQueuedCookiesToResponse.php(37): Illuminate\\Pipeline\\Pipeline->Illuminate\\Pipeline\\{closure}()
#21 /media/flavio/3437-6262/Projetos/laravel_ecommerce/vendor/laravel/framework/src/Illuminate/Pipeline/Pipeline.php(183): Illuminate\\Cookie\\Middleware\\AddQueuedCookiesToResponse->handle()
#22 /media/flavio/3437-6262/Projetos/laravel_ecommerce/vendor/laravel/framework/src/Illuminate/Cookie/Middleware/EncryptCookies.php(75): Illuminate\\Pipeline\\Pipeline->Illuminate\\Pipeline\\{closure}()
#23 /media/flavio/3437-6262/Projetos/laravel_ecommerce/vendor/laravel/framework/src/Illuminate/Pipeline/Pipeline.php(183): Illuminate\\Cookie\\Middleware\\EncryptCookies->handle()
#24 /media/flavio/3437-6262/Projetos/laravel_ecommerce/vendor/laravel/framework/src/Illuminate/Pipeline/Pipeline.php(119): Illuminate\\Pipeline\\Pipeline->Illuminate\\Pipeline\\{closure}()
#25 /media/flavio/3437-6262/Projetos/laravel_ecommerce/vendor/laravel/framework/src/Illuminate/Routing/Router.php(807): Illuminate\\Pipeline\\Pipeline->then()
#26 /media/flavio/3437-6262/Projetos/laravel_ecommerce/vendor/laravel/framework/src/Illuminate/Routing/Router.php(786): Illuminate\\Routing\\Router->runRouteWithinStack()
#27 /media/flavio/3437-6262/Projetos/laravel_ecommerce/vendor/laravel/framework/src/Illuminate/Routing/Router.php(750): Illuminate\\Routing\\Router->runRoute()
#28 /media/flavio/3437-6262/Projetos/laravel_ecommerce/vendor/laravel/framework/src/Illuminate/Routing/Router.php(739): Illuminate\\Routing\\Router->dispatchToRoute()
#29 /media/flavio/3437-6262/Projetos/laravel_ecommerce/vendor/laravel/framework/src/Illuminate/Foundation/Http/Kernel.php(201): Illuminate\\Routing\\Router->dispatch()
#30 /media/flavio/3437-6262/Projetos/laravel_ecommerce/vendor/laravel/framework/src/Illuminate/Pipeline/Pipeline.php(144): Illuminate\\Foundation\\Http\\Kernel->Illuminate\\Foundation\\Http\\{closure}()
#31 /media/flavio/3437-6262/Projetos/laravel_ecommerce/vendor/laravel/framework/src/Illuminate/Foundation/Http/Middleware/TransformsRequest.php(21): Illuminate\\Pipeline\\Pipeline->Illuminate\\Pipeline\\{closure}()
#32 /media/flavio/3437-6262/Projetos/laravel_ecommerce/vendor/laravel/framework/src/Illuminate/Foundation/Http/Middleware/ConvertEmptyStringsToNull.php(31): Illuminate\\Foundation\\Http\\Middleware\\TransformsRequest->handle()
#33 /media/flavio/3437-6262/Projetos/laravel_ecommerce/vendor/laravel/framework/src/Illuminate/Pipeline/Pipeline.php(183): Illuminate\\Foundation\\Http\\Middleware\\ConvertEmptyStringsToNull->handle()
#34 /media/flavio/3437-6262/Projetos/laravel_ecommerce/vendor/laravel/framework/src/Illuminate/Foundation/Http/Middleware/TransformsRequest.php(21): Illuminate\\Pipeline\\Pipeline->Illuminate\\Pipeline\\{closure}()
#35 /media/flavio/3437-6262/Projetos/laravel_ecommerce/vendor/laravel/framework/src/Illuminate/Foundation/Http/Middleware/TrimStrings.php(51): Illuminate\\Foundation\\Http\\Middleware\\TransformsRequest->handle()
#36 /media/flavio/3437-6262/Projetos/laravel_ecommerce/vendor/laravel/framework/src/Illuminate/Pipeline/Pipeline.php(183): Illuminate\\Foundation\\Http\\Middleware\\TrimStrings->handle()
#37 /media/flavio/3437-6262/Projetos/laravel_ecommerce/vendor/laravel/framework/src/Illuminate/Http/Middleware/ValidatePostSize.php(27): Illuminate\\Pipeline\\Pipeline->Illuminate\\Pipeline\\{closure}()
#38 /media/flavio/3437-6262/Projetos/laravel_ecommerce/vendor/laravel/framework/src/Illuminate/Pipeline/Pipeline.php(183): Illuminate\\Http\\Middleware\\ValidatePostSize->handle()
#39 /media/flavio/3437-6262/Projetos/laravel_ecommerce/vendor/laravel/framework/src/Illuminate/Foundation/Http/Middleware/PreventRequestsDuringMaintenance.php(110): Illuminate\\Pipeline\\Pipeline->Illuminate\\Pipeline\\{closure}()
#40 /media/flavio/3437-6262/Projetos/laravel_ecommerce/vendor/laravel/framework/src/Illuminate/Pipeline/Pipeline.php(183): Illuminate\\Foundation\\Http\\Middleware\\PreventRequestsDuringMaintenance->handle()
#41 /media/flavio/3437-6262/Projetos/laravel_ecommerce/vendor/laravel/framework/src/Illuminate/Http/Middleware/HandleCors.php(49): Illuminate\\Pipeline\\Pipeline->Illuminate\\Pipeline\\{closure}()
#42 /media/flavio/3437-6262/Projetos/laravel_ecommerce/vendor/laravel/framework/src/Illuminate/Pipeline/Pipeline.php(183): Illuminate\\Http\\Middleware\\HandleCors->handle()
#43 /media/flavio/3437-6262/Projetos/laravel_ecommerce/vendor/laravel/framework/src/Illuminate/Http/Middleware/TrustProxies.php(58): Illuminate\\Pipeline\\Pipeline->Illuminate\\Pipeline\\{closure}()
#44 /media/flavio/3437-6262/Projetos/laravel_ecommerce/vendor/laravel/framework/src/Illuminate/Pipeline/Pipeline.php(183): Illuminate\\Http\\Middleware\\TrustProxies->handle()
#45 /media/flavio/3437-6262/Projetos/laravel_ecommerce/vendor/laravel/framework/src/Illuminate/Foundation/Http/Middleware/InvokeDeferredCallbacks.php(22): Illuminate\\Pipeline\\Pipeline->Illuminate\\Pipeline\\{closure}()
#46 /media/flavio/3437-6262/Projetos/laravel_ecommerce/vendor/laravel/framework/src/Illuminate/Pipeline/Pipeline.php(183): Illuminate\\Foundation\\Http\\Middleware\\InvokeDeferredCallbacks->handle()
#47 /media/flavio/3437-6262/Projetos/laravel_ecommerce/vendor/laravel/framework/src/Illuminate/Pipeline/Pipeline.php(119): Illuminate\\Pipeline\\Pipeline->Illuminate\\Pipeline\\{closure}()
#48 /media/flavio/3437-6262/Projetos/laravel_ecommerce/vendor/laravel/framework/src/Illuminate/Foundation/Http/Kernel.php(176): Illuminate\\Pipeline\\Pipeline->then()
#49 /media/flavio/3437-6262/Projetos/laravel_ecommerce/vendor/laravel/framework/src/Illuminate/Foundation/Http/Kernel.php(145): Illuminate\\Foundation\\Http\\Kernel->sendRequestThroughRouter()
#50 /media/flavio/3437-6262/Projetos/laravel_ecommerce/vendor/laravel/framework/src/Illuminate/Foundation/Application.php(1190): Illuminate\\Foundation\\Http\\Kernel->handle()
#51 /media/flavio/3437-6262/Projetos/laravel_ecommerce/public/index.php(17): Illuminate\\Foundation\\Application->handleRequest()
#52 /media/flavio/3437-6262/Projetos/laravel_ecommerce/vendor/laravel/framework/src/Illuminate/Foundation/resources/server.php(23): require_once('...')
#53 {main}

[previous exception] [object] (ErrorException(code: 0): Undefined variable $helloworld at /media/flavio/3437-6262/Projetos/laravel_ecommerce/storage/framework/views/5747b842ed667ae2c8d86346a892333f.php:97)
[stacktrace]
#0 /media/flavio/3437-6262/Projetos/laravel_ecommerce/vendor/laravel/framework/src/Illuminate/Foundation/Bootstrap/HandleExceptions.php(290): Illuminate\\Foundation\\Bootstrap\\HandleExceptions->handleError()
#1 /media/flavio/3437-6262/Projetos/laravel_ecommerce/storage/framework/views/5747b842ed667ae2c8d86346a892333f.php(97): Illuminate\\Foundation\\Bootstrap\\HandleExceptions->Illuminate\\Foundation\\Bootstrap\\{closure}()
#2 /media/flavio/3437-6262/Projetos/laravel_ecommerce/vendor/laravel/framework/src/Illuminate/Filesystem/Filesystem.php(123): require('...')
#3 /media/flavio/3437-6262/Projetos/laravel_ecommerce/vendor/laravel/framework/src/Illuminate/Filesystem/Filesystem.php(124): Illuminate\\Filesystem\\Filesystem::Illuminate\\Filesystem\\{closure}()
#4 /media/flavio/3437-6262/Projetos/laravel_ecommerce/vendor/laravel/framework/src/Illuminate/View/Engines/PhpEngine.php(58): Illuminate\\Filesystem\\Filesystem->getRequire()
#5 /media/flavio/3437-6262/Projetos/laravel_ecommerce/vendor/laravel/framework/src/Illuminate/View/Engines/CompilerEngine.php(75): Illuminate\\View\\Engines\\PhpEngine->evaluatePath()
#6 /media/flavio/3437-6262/Projetos/laravel_ecommerce/vendor/laravel/framework/src/Illuminate/View/View.php(209): Illuminate\\View\\Engines\\CompilerEngine->get()
#7 /media/flavio/3437-6262/Projetos/laravel_ecommerce/vendor/laravel/framework/src/Illuminate/View/View.php(192): Illuminate\\View\\View->getContents()
#8 /media/flavio/3437-6262/Projetos/laravel_ecommerce/vendor/laravel/framework/src/Illuminate/View/View.php(161): Illuminate\\View\\View->renderContents()
#9 /media/flavio/3437-6262/Projetos/laravel_ecommerce/vendor/laravel/framework/src/Illuminate/Http/Response.php(70): Illuminate\\View\\View->render()
#10 /media/flavio/3437-6262/Projetos/laravel_ecommerce/vendor/laravel/framework/src/Illuminate/Http/Response.php(35): Illuminate\\Http\\Response->setContent()
#11 /media/flavio/3437-6262/Projetos/laravel_ecommerce/vendor/laravel/framework/src/Illuminate/Routing/Router.php(920): Illuminate\\Http\\Response->__construct()
#12 /media/flavio/3437-6262/Projetos/laravel_ecommerce/vendor/laravel/framework/src/Illuminate/Routing/Router.php(887): Illuminate\\Routing\\Router::toResponse()
#13 /media/flavio/3437-6262/Projetos/laravel_ecommerce/vendor/laravel/framework/src/Illuminate/Routing/Router.php(807): Illuminate\\Routing\\Router->prepareResponse()
#14 /media/flavio/3437-6262/Projetos/laravel_ecommerce/vendor/laravel/framework/src/Illuminate/Pipeline/Pipeline.php(144): Illuminate\\Routing\\Router->Illuminate\\Routing\\{closure}()
#15 /media/flavio/3437-6262/Projetos/laravel_ecommerce/vendor/laravel/framework/src/Illuminate/Routing/Middleware/SubstituteBindings.php(51): Illuminate\\Pipeline\\Pipeline->Illuminate\\Pipeline\\{closure}()
#16 /media/flavio/3437-6262/Projetos/laravel_ecommerce/vendor/laravel/framework/src/Illuminate/Pipeline/Pipeline.php(183): Illuminate\\Routing\\Middleware\\SubstituteBindings->handle()
#17 /media/flavio/3437-6262/Projetos/laravel_ecommerce/vendor/laravel/framework/src/Illuminate/Foundation/Http/Middleware/VerifyCsrfToken.php(88): Illuminate\\Pipeline\\Pipeline->Illuminate\\Pipeline\\{closure}()
#18 /media/flavio/3437-6262/Projetos/laravel_ecommerce/vendor/laravel/framework/src/Illuminate/Pipeline/Pipeline.php(183): Illuminate\\Foundation\\Http\\Middleware\\VerifyCsrfToken->handle()
#19 /media/flavio/3437-6262/Projetos/laravel_ecommerce/vendor/laravel/framework/src/Illuminate/View/Middleware/ShareErrorsFromSession.php(49): Illuminate\\Pipeline\\Pipeline->Illuminate\\Pipeline\\{closure}()
#20 /media/flavio/3437-6262/Projetos/laravel_ecommerce/vendor/laravel/framework/src/Illuminate/Pipeline/Pipeline.php(183): Illuminate\\View\\Middleware\\ShareErrorsFromSession->handle()
#21 /media/flavio/3437-6262/Projetos/laravel_ecommerce/vendor/laravel/framework/src/Illuminate/Session/Middleware/StartSession.php(121): Illuminate\\Pipeline\\Pipeline->Illuminate\\Pipeline\\{closure}()
#22 /media/flavio/3437-6262/Projetos/laravel_ecommerce/vendor/laravel/framework/src/Illuminate/Session/Middleware/StartSession.php(64): Illuminate\\Session\\Middleware\\StartSession->handleStatefulRequest()
#23 /media/flavio/3437-6262/Projetos/laravel_ecommerce/vendor/laravel/framework/src/Illuminate/Pipeline/Pipeline.php(183): Illuminate\\Session\\Middleware\\StartSession->handle()
#24 /media/flavio/3437-6262/Projetos/laravel_ecommerce/vendor/laravel/framework/src/Illuminate/Cookie/Middleware/AddQueuedCookiesToResponse.php(37): Illuminate\\Pipeline\\Pipeline->Illuminate\\Pipeline\\{closure}()
#25 /media/flavio/3437-6262/Projetos/laravel_ecommerce/vendor/laravel/framework/src/Illuminate/Pipeline/Pipeline.php(183): Illuminate\\Cookie\\Middleware\\AddQueuedCookiesToResponse->handle()
#26 /media/flavio/3437-6262/Projetos/laravel_ecommerce/vendor/laravel/framework/src/Illuminate/Cookie/Middleware/EncryptCookies.php(75): Illuminate\\Pipeline\\Pipeline->Illuminate\\Pipeline\\{closure}()
#27 /media/flavio/3437-6262/Projetos/laravel_ecommerce/vendor/laravel/framework/src/Illuminate/Pipeline/Pipeline.php(183): Illuminate\\Cookie\\Middleware\\EncryptCookies->handle()
#28 /media/flavio/3437-6262/Projetos/laravel_ecommerce/vendor/laravel/framework/src/Illuminate/Pipeline/Pipeline.php(119): Illuminate\\Pipeline\\Pipeline->Illuminate\\Pipeline\\{closure}()
#29 /media/flavio/3437-6262/Projetos/laravel_ecommerce/vendor/laravel/framework/src/Illuminate/Routing/Router.php(807): Illuminate\\Pipeline\\Pipeline->then()
#30 /media/flavio/3437-6262/Projetos/laravel_ecommerce/vendor/laravel/framework/src/Illuminate/Routing/Router.php(786): Illuminate\\Routing\\Router->runRouteWithinStack()
#31 /media/flavio/3437-6262/Projetos/laravel_ecommerce/vendor/laravel/framework/src/Illuminate/Routing/Router.php(750): Illuminate\\Routing\\Router->runRoute()
#32 /media/flavio/3437-6262/Projetos/laravel_ecommerce/vendor/laravel/framework/src/Illuminate/Routing/Router.php(739): Illuminate\\Routing\\Router->dispatchToRoute()
#33 /media/flavio/3437-6262/Projetos/laravel_ecommerce/vendor/laravel/framework/src/Illuminate/Foundation/Http/Kernel.php(201): Illuminate\\Routing\\Router->dispatch()
#34 /media/flavio/3437-6262/Projetos/laravel_ecommerce/vendor/laravel/framework/src/Illuminate/Pipeline/Pipeline.php(144): Illuminate\\Foundation\\Http\\Kernel->Illuminate\\Foundation\\Http\\{closure}()
#35 /media/flavio/3437-6262/Projetos/laravel_ecommerce/vendor/laravel/framework/src/Illuminate/Foundation/Http/Middleware/TransformsRequest.php(21): Illuminate\\Pipeline\\Pipeline->Illuminate\\Pipeline\\{closure}()
#36 /media/flavio/3437-6262/Projetos/laravel_ecommerce/vendor/laravel/framework/src/Illuminate/Foundation/Http/Middleware/ConvertEmptyStringsToNull.php(31): Illuminate\\Foundation\\Http\\Middleware\\TransformsRequest->handle()
#37 /media/flavio/3437-6262/Projetos/laravel_ecommerce/vendor/laravel/framework/src/Illuminate/Pipeline/Pipeline.php(183): Illuminate\\Foundation\\Http\\Middleware\\ConvertEmptyStringsToNull->handle()
#38 /media/flavio/3437-6262/Projetos/laravel_ecommerce/vendor/laravel/framework/src/Illuminate/Foundation/Http/Middleware/TransformsRequest.php(21): Illuminate\\Pipeline\\Pipeline->Illuminate\\Pipeline\\{closure}()
#39 /media/flavio/3437-6262/Projetos/laravel_ecommerce/vendor/laravel/framework/src/Illuminate/Foundation/Http/Middleware/TrimStrings.php(51): Illuminate\\Foundation\\Http\\Middleware\\TransformsRequest->handle()
#40 /media/flavio/3437-6262/Projetos/laravel_ecommerce/vendor/laravel/framework/src/Illuminate/Pipeline/Pipeline.php(183): Illuminate\\Foundation\\Http\\Middleware\\TrimStrings->handle()
#41 /media/flavio/3437-6262/Projetos/laravel_ecommerce/vendor/laravel/framework/src/Illuminate/Http/Middleware/ValidatePostSize.php(27): Illuminate\\Pipeline\\Pipeline->Illuminate\\Pipeline\\{closure}()
#42 /media/flavio/3437-6262/Projetos/laravel_ecommerce/vendor/laravel/framework/src/Illuminate/Pipeline/Pipeline.php(183): Illuminate\\Http\\Middleware\\ValidatePostSize->handle()
#43 /media/flavio/3437-6262/Projetos/laravel_ecommerce/vendor/laravel/framework/src/Illuminate/Foundation/Http/Middleware/PreventRequestsDuringMaintenance.php(110): Illuminate\\Pipeline\\Pipeline->Illuminate\\Pipeline\\{closure}()
#44 /media/flavio/3437-6262/Projetos/laravel_ecommerce/vendor/laravel/framework/src/Illuminate/Pipeline/Pipeline.php(183): Illuminate\\Foundation\\Http\\Middleware\\PreventRequestsDuringMaintenance->handle()
#45 /media/flavio/3437-6262/Projetos/laravel_ecommerce/vendor/laravel/framework/src/Illuminate/Http/Middleware/HandleCors.php(49): Illuminate\\Pipeline\\Pipeline->Illuminate\\Pipeline\\{closure}()
#46 /media/flavio/3437-6262/Projetos/laravel_ecommerce/vendor/laravel/framework/src/Illuminate/Pipeline/Pipeline.php(183): Illuminate\\Http\\Middleware\\HandleCors->handle()
#47 /media/flavio/3437-6262/Projetos/laravel_ecommerce/vendor/laravel/framework/src/Illuminate/Http/Middleware/TrustProxies.php(58): Illuminate\\Pipeline\\Pipeline->Illuminate\\Pipeline\\{closure}()
#48 /media/flavio/3437-6262/Projetos/laravel_ecommerce/vendor/laravel/framework/src/Illuminate/Pipeline/Pipeline.php(183): Illuminate\\Http\\Middleware\\TrustProxies->handle()
#49 /media/flavio/3437-6262/Projetos/laravel_ecommerce/vendor/laravel/framework/src/Illuminate/Foundation/Http/Middleware/InvokeDeferredCallbacks.php(22): Illuminate\\Pipeline\\Pipeline->Illuminate\\Pipeline\\{closure}()
#50 /media/flavio/3437-6262/Projetos/laravel_ecommerce/vendor/laravel/framework/src/Illuminate/Pipeline/Pipeline.php(183): Illuminate\\Foundation\\Http\\Middleware\\InvokeDeferredCallbacks->handle()
#51 /media/flavio/3437-6262/Projetos/laravel_ecommerce/vendor/laravel/framework/src/Illuminate/Pipeline/Pipeline.php(119): Illuminate\\Pipeline\\Pipeline->Illuminate\\Pipeline\\{closure}()
#52 /media/flavio/3437-6262/Projetos/laravel_ecommerce/vendor/laravel/framework/src/Illuminate/Foundation/Http/Kernel.php(176): Illuminate\\Pipeline\\Pipeline->then()
#53 /media/flavio/3437-6262/Projetos/laravel_ecommerce/vendor/laravel/framework/src/Illuminate/Foundation/Http/Kernel.php(145): Illuminate\\Foundation\\Http\\Kernel->sendRequestThroughRouter()
#54 /media/flavio/3437-6262/Projetos/laravel_ecommerce/vendor/laravel/framework/src/Illuminate/Foundation/Application.php(1190): Illuminate\\Foundation\\Http\\Kernel->handle()
#55 /media/flavio/3437-6262/Projetos/laravel_ecommerce/public/index.php(17): Illuminate\\Foundation\\Application->handleRequest()
#56 /media/flavio/3437-6262/Projetos/laravel_ecommerce/vendor/laravel/framework/src/Illuminate/Foundation/resources/server.php(23): require_once('...')
#57 {main}
"} 
[2024-12-25 21:32:42] local.ERROR: SQLSTATE[23000]: Integrity constraint violation: 1062 Duplicate entry 'test@example.com' for key 'users.users_email_unique' (Connection: mysql, SQL: insert into `users` (`name`, `email`, `email_verified_at`, `password`, `remember_token`, `updated_at`, `created_at`) values (Test User, test@example.com, 2024-12-25 21:32:42, $2y$12$Di251g6zK5lE7jQHnCCyyuiCahHh77Jt4iIwLgpKyi8qK/.hxIj06, QA7buKTUoY, 2024-12-25 21:32:42, 2024-12-25 21:32:42)) {"exception":"[object] (Illuminate\\Database\\UniqueConstraintViolationException(code: 23000): SQLSTATE[23000]: Integrity constraint violation: 1062 Duplicate entry 'test@example.com' for key 'users.users_email_unique' (Connection: mysql, SQL: insert into `users` (`name`, `email`, `email_verified_at`, `password`, `remember_token`, `updated_at`, `created_at`) values (Test User, test@example.com, 2024-12-25 21:32:42, $2y$12$Di251g6zK5lE7jQHnCCyyuiCahHh77Jt4iIwLgpKyi8qK/.hxIj06, QA7buKTUoY, 2024-12-25 21:32:42, 2024-12-25 21:32:42)) at /media/flavio/3437-6262/Projetos/laravel_ecommerce/vendor/laravel/framework/src/Illuminate/Database/Connection.php:820)
[stacktrace]
#0 /media/flavio/3437-6262/Projetos/laravel_ecommerce/vendor/laravel/framework/src/Illuminate/Database/Connection.php(779): Illuminate\\Database\\Connection->runQueryCallback()
#1 /media/flavio/3437-6262/Projetos/laravel_ecommerce/vendor/laravel/framework/src/Illuminate/Database/MySqlConnection.php(42): Illuminate\\Database\\Connection->run()
#2 /media/flavio/3437-6262/Projetos/laravel_ecommerce/vendor/laravel/framework/src/Illuminate/Database/Query/Processors/MySqlProcessor.php(35): Illuminate\\Database\\MySqlConnection->insert()
#3 /media/flavio/3437-6262/Projetos/laravel_ecommerce/vendor/laravel/framework/src/Illuminate/Database/Query/Builder.php(3799): Illuminate\\Database\\Query\\Processors\\MySqlProcessor->processInsertGetId()
#4 /media/flavio/3437-6262/Projetos/laravel_ecommerce/vendor/laravel/framework/src/Illuminate/Database/Eloquent/Builder.php(2051): Illuminate\\Database\\Query\\Builder->insertGetId()
#5 /media/flavio/3437-6262/Projetos/laravel_ecommerce/vendor/laravel/framework/src/Illuminate/Database/Eloquent/Model.php(1359): Illuminate\\Database\\Eloquent\\Builder->__call()
#6 /media/flavio/3437-6262/Projetos/laravel_ecommerce/vendor/laravel/framework/src/Illuminate/Database/Eloquent/Model.php(1324): Illuminate\\Database\\Eloquent\\Model->insertAndSetId()
#7 /media/flavio/3437-6262/Projetos/laravel_ecommerce/vendor/laravel/framework/src/Illuminate/Database/Eloquent/Model.php(1163): Illuminate\\Database\\Eloquent\\Model->performInsert()
#8 /media/flavio/3437-6262/Projetos/laravel_ecommerce/vendor/laravel/framework/src/Illuminate/Database/Eloquent/Factories/Factory.php(349): Illuminate\\Database\\Eloquent\\Model->save()
#9 /media/flavio/3437-6262/Projetos/laravel_ecommerce/vendor/laravel/framework/src/Illuminate/Collections/Traits/EnumeratesValues.php(259): Illuminate\\Database\\Eloquent\\Factories\\Factory->Illuminate\\Database\\Eloquent\\Factories\\{closure}()
#10 /media/flavio/3437-6262/Projetos/laravel_ecommerce/vendor/laravel/framework/src/Illuminate/Database/Eloquent/Factories/Factory.php(344): Illuminate\\Support\\Collection->each()
#11 /media/flavio/3437-6262/Projetos/laravel_ecommerce/vendor/laravel/framework/src/Illuminate/Database/Eloquent/Factories/Factory.php(298): Illuminate\\Database\\Eloquent\\Factories\\Factory->store()
#12 /media/flavio/3437-6262/Projetos/laravel_ecommerce/vendor/laravel/framework/src/Illuminate/Database/Eloquent/Factories/Factory.php(292): Illuminate\\Database\\Eloquent\\Factories\\Factory->create()
#13 /media/flavio/3437-6262/Projetos/laravel_ecommerce/database/seeders/DatabaseSeeder.php(19): Illuminate\\Database\\Eloquent\\Factories\\Factory->create()
#14 /media/flavio/3437-6262/Projetos/laravel_ecommerce/vendor/laravel/framework/src/Illuminate/Container/BoundMethod.php(36): Database\\Seeders\\DatabaseSeeder->run()
#15 /media/flavio/3437-6262/Projetos/laravel_ecommerce/vendor/laravel/framework/src/Illuminate/Container/Util.php(43): Illuminate\\Container\\BoundMethod::Illuminate\\Container\\{closure}()
#16 /media/flavio/3437-6262/Projetos/laravel_ecommerce/vendor/laravel/framework/src/Illuminate/Container/BoundMethod.php(95): Illuminate\\Container\\Util::unwrapIfClosure()
#17 /media/flavio/3437-6262/Projetos/laravel_ecommerce/vendor/laravel/framework/src/Illuminate/Container/BoundMethod.php(35): Illuminate\\Container\\BoundMethod::callBoundMethod()
#18 /media/flavio/3437-6262/Projetos/laravel_ecommerce/vendor/laravel/framework/src/Illuminate/Container/Container.php(694): Illuminate\\Container\\BoundMethod::call()
#19 /media/flavio/3437-6262/Projetos/laravel_ecommerce/vendor/laravel/framework/src/Illuminate/Database/Seeder.php(184): Illuminate\\Container\\Container->call()
#20 /media/flavio/3437-6262/Projetos/laravel_ecommerce/vendor/laravel/framework/src/Illuminate/Database/Seeder.php(193): Illuminate\\Database\\Seeder->Illuminate\\Database\\{closure}()
#21 /media/flavio/3437-6262/Projetos/laravel_ecommerce/vendor/laravel/framework/src/Illuminate/Database/Console/Seeds/SeedCommand.php(70): Illuminate\\Database\\Seeder->__invoke()
#22 /media/flavio/3437-6262/Projetos/laravel_ecommerce/vendor/laravel/framework/src/Illuminate/Database/Eloquent/Concerns/GuardsAttributes.php(155): Illuminate\\Database\\Console\\Seeds\\SeedCommand->Illuminate\\Database\\Console\\Seeds\\{closure}()
#23 /media/flavio/3437-6262/Projetos/laravel_ecommerce/vendor/laravel/framework/src/Illuminate/Database/Console/Seeds/SeedCommand.php(69): Illuminate\\Database\\Eloquent\\Model::unguarded()
#24 /media/flavio/3437-6262/Projetos/laravel_ecommerce/vendor/laravel/framework/src/Illuminate/Container/BoundMethod.php(36): Illuminate\\Database\\Console\\Seeds\\SeedCommand->handle()
#25 /media/flavio/3437-6262/Projetos/laravel_ecommerce/vendor/laravel/framework/src/Illuminate/Container/Util.php(43): Illuminate\\Container\\BoundMethod::Illuminate\\Container\\{closure}()
#26 /media/flavio/3437-6262/Projetos/laravel_ecommerce/vendor/laravel/framework/src/Illuminate/Container/BoundMethod.php(95): Illuminate\\Container\\Util::unwrapIfClosure()
#27 /media/flavio/3437-6262/Projetos/laravel_ecommerce/vendor/laravel/framework/src/Illuminate/Container/BoundMethod.php(35): Illuminate\\Container\\BoundMethod::callBoundMethod()
#28 /media/flavio/3437-6262/Projetos/laravel_ecommerce/vendor/laravel/framework/src/Illuminate/Container/Container.php(694): Illuminate\\Container\\BoundMethod::call()
#29 /media/flavio/3437-6262/Projetos/laravel_ecommerce/vendor/laravel/framework/src/Illuminate/Console/Command.php(213): Illuminate\\Container\\Container->call()
#30 /media/flavio/3437-6262/Projetos/laravel_ecommerce/vendor/symfony/console/Command/Command.php(279): Illuminate\\Console\\Command->execute()
#31 /media/flavio/3437-6262/Projetos/laravel_ecommerce/vendor/laravel/framework/src/Illuminate/Console/Command.php(182): Symfony\\Component\\Console\\Command\\Command->run()
#32 /media/flavio/3437-6262/Projetos/laravel_ecommerce/vendor/symfony/console/Application.php(1094): Illuminate\\Console\\Command->run()
#33 /media/flavio/3437-6262/Projetos/laravel_ecommerce/vendor/symfony/console/Application.php(342): Symfony\\Component\\Console\\Application->doRunCommand()
#34 /media/flavio/3437-6262/Projetos/laravel_ecommerce/vendor/symfony/console/Application.php(193): Symfony\\Component\\Console\\Application->doRun()
#35 /media/flavio/3437-6262/Projetos/laravel_ecommerce/vendor/laravel/framework/src/Illuminate/Foundation/Console/Kernel.php(198): Symfony\\Component\\Console\\Application->run()
#36 /media/flavio/3437-6262/Projetos/laravel_ecommerce/vendor/laravel/framework/src/Illuminate/Foundation/Application.php(1205): Illuminate\\Foundation\\Console\\Kernel->handle()
#37 /media/flavio/3437-6262/Projetos/laravel_ecommerce/artisan(13): Illuminate\\Foundation\\Application->handleCommand()
#38 {main}

[previous exception] [object] (PDOException(code: 23000): SQLSTATE[23000]: Integrity constraint violation: 1062 Duplicate entry 'test@example.com' for key 'users.users_email_unique' at /media/flavio/3437-6262/Projetos/laravel_ecommerce/vendor/laravel/framework/src/Illuminate/Database/MySqlConnection.php:53)
[stacktrace]
#0 /media/flavio/3437-6262/Projetos/laravel_ecommerce/vendor/laravel/framework/src/Illuminate/Database/MySqlConnection.php(53): PDOStatement->execute()
#1 /media/flavio/3437-6262/Projetos/laravel_ecommerce/vendor/laravel/framework/src/Illuminate/Database/Connection.php(812): Illuminate\\Database\\MySqlConnection->Illuminate\\Database\\{closure}()
#2 /media/flavio/3437-6262/Projetos/laravel_ecommerce/vendor/laravel/framework/src/Illuminate/Database/Connection.php(779): Illuminate\\Database\\Connection->runQueryCallback()
#3 /media/flavio/3437-6262/Projetos/laravel_ecommerce/vendor/laravel/framework/src/Illuminate/Database/MySqlConnection.php(42): Illuminate\\Database\\Connection->run()
#4 /media/flavio/3437-6262/Projetos/laravel_ecommerce/vendor/laravel/framework/src/Illuminate/Database/Query/Processors/MySqlProcessor.php(35): Illuminate\\Database\\MySqlConnection->insert()
#5 /media/flavio/3437-6262/Projetos/laravel_ecommerce/vendor/laravel/framework/src/Illuminate/Database/Query/Builder.php(3799): Illuminate\\Database\\Query\\Processors\\MySqlProcessor->processInsertGetId()
#6 /media/flavio/3437-6262/Projetos/laravel_ecommerce/vendor/laravel/framework/src/Illuminate/Database/Eloquent/Builder.php(2051): Illuminate\\Database\\Query\\Builder->insertGetId()
#7 /media/flavio/3437-6262/Projetos/laravel_ecommerce/vendor/laravel/framework/src/Illuminate/Database/Eloquent/Model.php(1359): Illuminate\\Database\\Eloquent\\Builder->__call()
#8 /media/flavio/3437-6262/Projetos/laravel_ecommerce/vendor/laravel/framework/src/Illuminate/Database/Eloquent/Model.php(1324): Illuminate\\Database\\Eloquent\\Model->insertAndSetId()
#9 /media/flavio/3437-6262/Projetos/laravel_ecommerce/vendor/laravel/framework/src/Illuminate/Database/Eloquent/Model.php(1163): Illuminate\\Database\\Eloquent\\Model->performInsert()
#10 /media/flavio/3437-6262/Projetos/laravel_ecommerce/vendor/laravel/framework/src/Illuminate/Database/Eloquent/Factories/Factory.php(349): Illuminate\\Database\\Eloquent\\Model->save()
#11 /media/flavio/3437-6262/Projetos/laravel_ecommerce/vendor/laravel/framework/src/Illuminate/Collections/Traits/EnumeratesValues.php(259): Illuminate\\Database\\Eloquent\\Factories\\Factory->Illuminate\\Database\\Eloquent\\Factories\\{closure}()
#12 /media/flavio/3437-6262/Projetos/laravel_ecommerce/vendor/laravel/framework/src/Illuminate/Database/Eloquent/Factories/Factory.php(344): Illuminate\\Support\\Collection->each()
#13 /media/flavio/3437-6262/Projetos/laravel_ecommerce/vendor/laravel/framework/src/Illuminate/Database/Eloquent/Factories/Factory.php(298): Illuminate\\Database\\Eloquent\\Factories\\Factory->store()
#14 /media/flavio/3437-6262/Projetos/laravel_ecommerce/vendor/laravel/framework/src/Illuminate/Database/Eloquent/Factories/Factory.php(292): Illuminate\\Database\\Eloquent\\Factories\\Factory->create()
#15 /media/flavio/3437-6262/Projetos/laravel_ecommerce/database/seeders/DatabaseSeeder.php(19): Illuminate\\Database\\Eloquent\\Factories\\Factory->create()
#16 /media/flavio/3437-6262/Projetos/laravel_ecommerce/vendor/laravel/framework/src/Illuminate/Container/BoundMethod.php(36): Database\\Seeders\\DatabaseSeeder->run()
#17 /media/flavio/3437-6262/Projetos/laravel_ecommerce/vendor/laravel/framework/src/Illuminate/Container/Util.php(43): Illuminate\\Container\\BoundMethod::Illuminate\\Container\\{closure}()
#18 /media/flavio/3437-6262/Projetos/laravel_ecommerce/vendor/laravel/framework/src/Illuminate/Container/BoundMethod.php(95): Illuminate\\Container\\Util::unwrapIfClosure()
#19 /media/flavio/3437-6262/Projetos/laravel_ecommerce/vendor/laravel/framework/src/Illuminate/Container/BoundMethod.php(35): Illuminate\\Container\\BoundMethod::callBoundMethod()
#20 /media/flavio/3437-6262/Projetos/laravel_ecommerce/vendor/laravel/framework/src/Illuminate/Container/Container.php(694): Illuminate\\Container\\BoundMethod::call()
#21 /media/flavio/3437-6262/Projetos/laravel_ecommerce/vendor/laravel/framework/src/Illuminate/Database/Seeder.php(184): Illuminate\\Container\\Container->call()
#22 /media/flavio/3437-6262/Projetos/laravel_ecommerce/vendor/laravel/framework/src/Illuminate/Database/Seeder.php(193): Illuminate\\Database\\Seeder->Illuminate\\Database\\{closure}()
#23 /media/flavio/3437-6262/Projetos/laravel_ecommerce/vendor/laravel/framework/src/Illuminate/Database/Console/Seeds/SeedCommand.php(70): Illuminate\\Database\\Seeder->__invoke()
#24 /media/flavio/3437-6262/Projetos/laravel_ecommerce/vendor/laravel/framework/src/Illuminate/Database/Eloquent/Concerns/GuardsAttributes.php(155): Illuminate\\Database\\Console\\Seeds\\SeedCommand->Illuminate\\Database\\Console\\Seeds\\{closure}()
#25 /media/flavio/3437-6262/Projetos/laravel_ecommerce/vendor/laravel/framework/src/Illuminate/Database/Console/Seeds/SeedCommand.php(69): Illuminate\\Database\\Eloquent\\Model::unguarded()
#26 /media/flavio/3437-6262/Projetos/laravel_ecommerce/vendor/laravel/framework/src/Illuminate/Container/BoundMethod.php(36): Illuminate\\Database\\Console\\Seeds\\SeedCommand->handle()
#27 /media/flavio/3437-6262/Projetos/laravel_ecommerce/vendor/laravel/framework/src/Illuminate/Container/Util.php(43): Illuminate\\Container\\BoundMethod::Illuminate\\Container\\{closure}()
#28 /media/flavio/3437-6262/Projetos/laravel_ecommerce/vendor/laravel/framework/src/Illuminate/Container/BoundMethod.php(95): Illuminate\\Container\\Util::unwrapIfClosure()
#29 /media/flavio/3437-6262/Projetos/laravel_ecommerce/vendor/laravel/framework/src/Illuminate/Container/BoundMethod.php(35): Illuminate\\Container\\BoundMethod::callBoundMethod()
#30 /media/flavio/3437-6262/Projetos/laravel_ecommerce/vendor/laravel/framework/src/Illuminate/Container/Container.php(694): Illuminate\\Container\\BoundMethod::call()
#31 /media/flavio/3437-6262/Projetos/laravel_ecommerce/vendor/laravel/framework/src/Illuminate/Console/Command.php(213): Illuminate\\Container\\Container->call()
#32 /media/flavio/3437-6262/Projetos/laravel_ecommerce/vendor/symfony/console/Command/Command.php(279): Illuminate\\Console\\Command->execute()
#33 /media/flavio/3437-6262/Projetos/laravel_ecommerce/vendor/laravel/framework/src/Illuminate/Console/Command.php(182): Symfony\\Component\\Console\\Command\\Command->run()
#34 /media/flavio/3437-6262/Projetos/laravel_ecommerce/vendor/symfony/console/Application.php(1094): Illuminate\\Console\\Command->run()
#35 /media/flavio/3437-6262/Projetos/laravel_ecommerce/vendor/symfony/console/Application.php(342): Symfony\\Component\\Console\\Application->doRunCommand()
#36 /media/flavio/3437-6262/Projetos/laravel_ecommerce/vendor/symfony/console/Application.php(193): Symfony\\Component\\Console\\Application->doRun()
#37 /media/flavio/3437-6262/Projetos/laravel_ecommerce/vendor/laravel/framework/src/Illuminate/Foundation/Console/Kernel.php(198): Symfony\\Component\\Console\\Application->run()
#38 /media/flavio/3437-6262/Projetos/laravel_ecommerce/vendor/laravel/framework/src/Illuminate/Foundation/Application.php(1205): Illuminate\\Foundation\\Console\\Kernel->handle()
#39 /media/flavio/3437-6262/Projetos/laravel_ecommerce/artisan(13): Illuminate\\Foundation\\Application->handleCommand()
#40 {main}
"} 
[2024-12-25 21:34:16] local.ERROR: SQLSTATE[23000]: Integrity constraint violation: 1062 Duplicate entry 'admin@admin.com' for key 'users.users_email_unique' (Connection: mysql, SQL: insert into `users` (`name`, `email`, `email_verified_at`, `password`) values (Admnistrator, admin@admin.com, 2024-12-25 21:34:16, dfhdskfjhsdkjfhskjfhsk)) {"exception":"[object] (Illuminate\\Database\\UniqueConstraintViolationException(code: 23000): SQLSTATE[23000]: Integrity constraint violation: 1062 Duplicate entry 'admin@admin.com' for key 'users.users_email_unique' (Connection: mysql, SQL: insert into `users` (`name`, `email`, `email_verified_at`, `password`) values (Admnistrator, admin@admin.com, 2024-12-25 21:34:16, dfhdskfjhsdkjfhskjfhsk)) at /media/flavio/3437-6262/Projetos/laravel_ecommerce/vendor/laravel/framework/src/Illuminate/Database/Connection.php:820)
[stacktrace]
#0 /media/flavio/3437-6262/Projetos/laravel_ecommerce/vendor/laravel/framework/src/Illuminate/Database/Connection.php(779): Illuminate\\Database\\Connection->runQueryCallback()
#1 /media/flavio/3437-6262/Projetos/laravel_ecommerce/vendor/laravel/framework/src/Illuminate/Database/MySqlConnection.php(42): Illuminate\\Database\\Connection->run()
#2 /media/flavio/3437-6262/Projetos/laravel_ecommerce/vendor/laravel/framework/src/Illuminate/Database/Query/Builder.php(3748): Illuminate\\Database\\MySqlConnection->insert()
#3 /media/flavio/3437-6262/Projetos/laravel_ecommerce/database/seeders/UsersTableSeeder.php(15): Illuminate\\Database\\Query\\Builder->insert()
#4 /media/flavio/3437-6262/Projetos/laravel_ecommerce/vendor/laravel/framework/src/Illuminate/Container/BoundMethod.php(36): Database\\Seeders\\UsersTableSeeder->run()
#5 /media/flavio/3437-6262/Projetos/laravel_ecommerce/vendor/laravel/framework/src/Illuminate/Container/Util.php(43): Illuminate\\Container\\BoundMethod::Illuminate\\Container\\{closure}()
#6 /media/flavio/3437-6262/Projetos/laravel_ecommerce/vendor/laravel/framework/src/Illuminate/Container/BoundMethod.php(95): Illuminate\\Container\\Util::unwrapIfClosure()
#7 /media/flavio/3437-6262/Projetos/laravel_ecommerce/vendor/laravel/framework/src/Illuminate/Container/BoundMethod.php(35): Illuminate\\Container\\BoundMethod::callBoundMethod()
#8 /media/flavio/3437-6262/Projetos/laravel_ecommerce/vendor/laravel/framework/src/Illuminate/Container/Container.php(694): Illuminate\\Container\\BoundMethod::call()
#9 /media/flavio/3437-6262/Projetos/laravel_ecommerce/vendor/laravel/framework/src/Illuminate/Database/Seeder.php(184): Illuminate\\Container\\Container->call()
#10 /media/flavio/3437-6262/Projetos/laravel_ecommerce/vendor/laravel/framework/src/Illuminate/Database/Seeder.php(193): Illuminate\\Database\\Seeder->Illuminate\\Database\\{closure}()
#11 /media/flavio/3437-6262/Projetos/laravel_ecommerce/vendor/laravel/framework/src/Illuminate/Database/Seeder.php(61): Illuminate\\Database\\Seeder->__invoke()
#12 /media/flavio/3437-6262/Projetos/laravel_ecommerce/database/seeders/DatabaseSeeder.php(17): Illuminate\\Database\\Seeder->call()
#13 /media/flavio/3437-6262/Projetos/laravel_ecommerce/vendor/laravel/framework/src/Illuminate/Container/BoundMethod.php(36): Database\\Seeders\\DatabaseSeeder->run()
#14 /media/flavio/3437-6262/Projetos/laravel_ecommerce/vendor/laravel/framework/src/Illuminate/Container/Util.php(43): Illuminate\\Container\\BoundMethod::Illuminate\\Container\\{closure}()
#15 /media/flavio/3437-6262/Projetos/laravel_ecommerce/vendor/laravel/framework/src/Illuminate/Container/BoundMethod.php(95): Illuminate\\Container\\Util::unwrapIfClosure()
#16 /media/flavio/3437-6262/Projetos/laravel_ecommerce/vendor/laravel/framework/src/Illuminate/Container/BoundMethod.php(35): Illuminate\\Container\\BoundMethod::callBoundMethod()
#17 /media/flavio/3437-6262/Projetos/laravel_ecommerce/vendor/laravel/framework/src/Illuminate/Container/Container.php(694): Illuminate\\Container\\BoundMethod::call()
#18 /media/flavio/3437-6262/Projetos/laravel_ecommerce/vendor/laravel/framework/src/Illuminate/Database/Seeder.php(184): Illuminate\\Container\\Container->call()
#19 /media/flavio/3437-6262/Projetos/laravel_ecommerce/vendor/laravel/framework/src/Illuminate/Database/Seeder.php(193): Illuminate\\Database\\Seeder->Illuminate\\Database\\{closure}()
#20 /media/flavio/3437-6262/Projetos/laravel_ecommerce/vendor/laravel/framework/src/Illuminate/Database/Console/Seeds/SeedCommand.php(70): Illuminate\\Database\\Seeder->__invoke()
#21 /media/flavio/3437-6262/Projetos/laravel_ecommerce/vendor/laravel/framework/src/Illuminate/Database/Eloquent/Concerns/GuardsAttributes.php(155): Illuminate\\Database\\Console\\Seeds\\SeedCommand->Illuminate\\Database\\Console\\Seeds\\{closure}()
#22 /media/flavio/3437-6262/Projetos/laravel_ecommerce/vendor/laravel/framework/src/Illuminate/Database/Console/Seeds/SeedCommand.php(69): Illuminate\\Database\\Eloquent\\Model::unguarded()
#23 /media/flavio/3437-6262/Projetos/laravel_ecommerce/vendor/laravel/framework/src/Illuminate/Container/BoundMethod.php(36): Illuminate\\Database\\Console\\Seeds\\SeedCommand->handle()
#24 /media/flavio/3437-6262/Projetos/laravel_ecommerce/vendor/laravel/framework/src/Illuminate/Container/Util.php(43): Illuminate\\Container\\BoundMethod::Illuminate\\Container\\{closure}()
#25 /media/flavio/3437-6262/Projetos/laravel_ecommerce/vendor/laravel/framework/src/Illuminate/Container/BoundMethod.php(95): Illuminate\\Container\\Util::unwrapIfClosure()
#26 /media/flavio/3437-6262/Projetos/laravel_ecommerce/vendor/laravel/framework/src/Illuminate/Container/BoundMethod.php(35): Illuminate\\Container\\BoundMethod::callBoundMethod()
#27 /media/flavio/3437-6262/Projetos/laravel_ecommerce/vendor/laravel/framework/src/Illuminate/Container/Container.php(694): Illuminate\\Container\\BoundMethod::call()
#28 /media/flavio/3437-6262/Projetos/laravel_ecommerce/vendor/laravel/framework/src/Illuminate/Console/Command.php(213): Illuminate\\Container\\Container->call()
#29 /media/flavio/3437-6262/Projetos/laravel_ecommerce/vendor/symfony/console/Command/Command.php(279): Illuminate\\Console\\Command->execute()
#30 /media/flavio/3437-6262/Projetos/laravel_ecommerce/vendor/laravel/framework/src/Illuminate/Console/Command.php(182): Symfony\\Component\\Console\\Command\\Command->run()
#31 /media/flavio/3437-6262/Projetos/laravel_ecommerce/vendor/symfony/console/Application.php(1094): Illuminate\\Console\\Command->run()
#32 /media/flavio/3437-6262/Projetos/laravel_ecommerce/vendor/symfony/console/Application.php(342): Symfony\\Component\\Console\\Application->doRunCommand()
#33 /media/flavio/3437-6262/Projetos/laravel_ecommerce/vendor/symfony/console/Application.php(193): Symfony\\Component\\Console\\Application->doRun()
#34 /media/flavio/3437-6262/Projetos/laravel_ecommerce/vendor/laravel/framework/src/Illuminate/Foundation/Console/Kernel.php(198): Symfony\\Component\\Console\\Application->run()
#35 /media/flavio/3437-6262/Projetos/laravel_ecommerce/vendor/laravel/framework/src/Illuminate/Foundation/Application.php(1205): Illuminate\\Foundation\\Console\\Kernel->handle()
#36 /media/flavio/3437-6262/Projetos/laravel_ecommerce/artisan(13): Illuminate\\Foundation\\Application->handleCommand()
#37 {main}

[previous exception] [object] (PDOException(code: 23000): SQLSTATE[23000]: Integrity constraint violation: 1062 Duplicate entry 'admin@admin.com' for key 'users.users_email_unique' at /media/flavio/3437-6262/Projetos/laravel_ecommerce/vendor/laravel/framework/src/Illuminate/Database/MySqlConnection.php:53)
[stacktrace]
#0 /media/flavio/3437-6262/Projetos/laravel_ecommerce/vendor/laravel/framework/src/Illuminate/Database/MySqlConnection.php(53): PDOStatement->execute()
#1 /media/flavio/3437-6262/Projetos/laravel_ecommerce/vendor/laravel/framework/src/Illuminate/Database/Connection.php(812): Illuminate\\Database\\MySqlConnection->Illuminate\\Database\\{closure}()
#2 /media/flavio/3437-6262/Projetos/laravel_ecommerce/vendor/laravel/framework/src/Illuminate/Database/Connection.php(779): Illuminate\\Database\\Connection->runQueryCallback()
#3 /media/flavio/3437-6262/Projetos/laravel_ecommerce/vendor/laravel/framework/src/Illuminate/Database/MySqlConnection.php(42): Illuminate\\Database\\Connection->run()
#4 /media/flavio/3437-6262/Projetos/laravel_ecommerce/vendor/laravel/framework/src/Illuminate/Database/Query/Builder.php(3748): Illuminate\\Database\\MySqlConnection->insert()
#5 /media/flavio/3437-6262/Projetos/laravel_ecommerce/database/seeders/UsersTableSeeder.php(15): Illuminate\\Database\\Query\\Builder->insert()
#6 /media/flavio/3437-6262/Projetos/laravel_ecommerce/vendor/laravel/framework/src/Illuminate/Container/BoundMethod.php(36): Database\\Seeders\\UsersTableSeeder->run()
#7 /media/flavio/3437-6262/Projetos/laravel_ecommerce/vendor/laravel/framework/src/Illuminate/Container/Util.php(43): Illuminate\\Container\\BoundMethod::Illuminate\\Container\\{closure}()
#8 /media/flavio/3437-6262/Projetos/laravel_ecommerce/vendor/laravel/framework/src/Illuminate/Container/BoundMethod.php(95): Illuminate\\Container\\Util::unwrapIfClosure()
#9 /media/flavio/3437-6262/Projetos/laravel_ecommerce/vendor/laravel/framework/src/Illuminate/Container/BoundMethod.php(35): Illuminate\\Container\\BoundMethod::callBoundMethod()
#10 /media/flavio/3437-6262/Projetos/laravel_ecommerce/vendor/laravel/framework/src/Illuminate/Container/Container.php(694): Illuminate\\Container\\BoundMethod::call()
#11 /media/flavio/3437-6262/Projetos/laravel_ecommerce/vendor/laravel/framework/src/Illuminate/Database/Seeder.php(184): Illuminate\\Container\\Container->call()
#12 /media/flavio/3437-6262/Projetos/laravel_ecommerce/vendor/laravel/framework/src/Illuminate/Database/Seeder.php(193): Illuminate\\Database\\Seeder->Illuminate\\Database\\{closure}()
#13 /media/flavio/3437-6262/Projetos/laravel_ecommerce/vendor/laravel/framework/src/Illuminate/Database/Seeder.php(61): Illuminate\\Database\\Seeder->__invoke()
#14 /media/flavio/3437-6262/Projetos/laravel_ecommerce/database/seeders/DatabaseSeeder.php(17): Illuminate\\Database\\Seeder->call()
#15 /media/flavio/3437-6262/Projetos/laravel_ecommerce/vendor/laravel/framework/src/Illuminate/Container/BoundMethod.php(36): Database\\Seeders\\DatabaseSeeder->run()
#16 /media/flavio/3437-6262/Projetos/laravel_ecommerce/vendor/laravel/framework/src/Illuminate/Container/Util.php(43): Illuminate\\Container\\BoundMethod::Illuminate\\Container\\{closure}()
#17 /media/flavio/3437-6262/Projetos/laravel_ecommerce/vendor/laravel/framework/src/Illuminate/Container/BoundMethod.php(95): Illuminate\\Container\\Util::unwrapIfClosure()
#18 /media/flavio/3437-6262/Projetos/laravel_ecommerce/vendor/laravel/framework/src/Illuminate/Container/BoundMethod.php(35): Illuminate\\Container\\BoundMethod::callBoundMethod()
#19 /media/flavio/3437-6262/Projetos/laravel_ecommerce/vendor/laravel/framework/src/Illuminate/Container/Container.php(694): Illuminate\\Container\\BoundMethod::call()
#20 /media/flavio/3437-6262/Projetos/laravel_ecommerce/vendor/laravel/framework/src/Illuminate/Database/Seeder.php(184): Illuminate\\Container\\Container->call()
#21 /media/flavio/3437-6262/Projetos/laravel_ecommerce/vendor/laravel/framework/src/Illuminate/Database/Seeder.php(193): Illuminate\\Database\\Seeder->Illuminate\\Database\\{closure}()
#22 /media/flavio/3437-6262/Projetos/laravel_ecommerce/vendor/laravel/framework/src/Illuminate/Database/Console/Seeds/SeedCommand.php(70): Illuminate\\Database\\Seeder->__invoke()
#23 /media/flavio/3437-6262/Projetos/laravel_ecommerce/vendor/laravel/framework/src/Illuminate/Database/Eloquent/Concerns/GuardsAttributes.php(155): Illuminate\\Database\\Console\\Seeds\\SeedCommand->Illuminate\\Database\\Console\\Seeds\\{closure}()
#24 /media/flavio/3437-6262/Projetos/laravel_ecommerce/vendor/laravel/framework/src/Illuminate/Database/Console/Seeds/SeedCommand.php(69): Illuminate\\Database\\Eloquent\\Model::unguarded()
#25 /media/flavio/3437-6262/Projetos/laravel_ecommerce/vendor/laravel/framework/src/Illuminate/Container/BoundMethod.php(36): Illuminate\\Database\\Console\\Seeds\\SeedCommand->handle()
#26 /media/flavio/3437-6262/Projetos/laravel_ecommerce/vendor/laravel/framework/src/Illuminate/Container/Util.php(43): Illuminate\\Container\\BoundMethod::Illuminate\\Container\\{closure}()
#27 /media/flavio/3437-6262/Projetos/laravel_ecommerce/vendor/laravel/framework/src/Illuminate/Container/BoundMethod.php(95): Illuminate\\Container\\Util::unwrapIfClosure()
#28 /media/flavio/3437-6262/Projetos/laravel_ecommerce/vendor/laravel/framework/src/Illuminate/Container/BoundMethod.php(35): Illuminate\\Container\\BoundMethod::callBoundMethod()
#29 /media/flavio/3437-6262/Projetos/laravel_ecommerce/vendor/laravel/framework/src/Illuminate/Container/Container.php(694): Illuminate\\Container\\BoundMethod::call()
#30 /media/flavio/3437-6262/Projetos/laravel_ecommerce/vendor/laravel/framework/src/Illuminate/Console/Command.php(213): Illuminate\\Container\\Container->call()
#31 /media/flavio/3437-6262/Projetos/laravel_ecommerce/vendor/symfony/console/Command/Command.php(279): Illuminate\\Console\\Command->execute()
#32 /media/flavio/3437-6262/Projetos/laravel_ecommerce/vendor/laravel/framework/src/Illuminate/Console/Command.php(182): Symfony\\Component\\Console\\Command\\Command->run()
#33 /media/flavio/3437-6262/Projetos/laravel_ecommerce/vendor/symfony/console/Application.php(1094): Illuminate\\Console\\Command->run()
#34 /media/flavio/3437-6262/Projetos/laravel_ecommerce/vendor/symfony/console/Application.php(342): Symfony\\Component\\Console\\Application->doRunCommand()
#35 /media/flavio/3437-6262/Projetos/laravel_ecommerce/vendor/symfony/console/Application.php(193): Symfony\\Component\\Console\\Application->doRun()
#36 /media/flavio/3437-6262/Projetos/laravel_ecommerce/vendor/laravel/framework/src/Illuminate/Foundation/Console/Kernel.php(198): Symfony\\Component\\Console\\Application->run()
#37 /media/flavio/3437-6262/Projetos/laravel_ecommerce/vendor/laravel/framework/src/Illuminate/Foundation/Application.php(1205): Illuminate\\Foundation\\Console\\Kernel->handle()
#38 /media/flavio/3437-6262/Projetos/laravel_ecommerce/artisan(13): Illuminate\\Foundation\\Application->handleCommand()
#39 {main}
"} 
[2024-12-25 22:05:52] local.ERROR: Class "App\Product" not found {"exception":"[object] (Error(code: 0): Class \"App\\Product\" not found at /media/flavio/3437-6262/Projetos/laravel_ecommerce/routes/web.php:11)
[stacktrace]
#0 /media/flavio/3437-6262/Projetos/laravel_ecommerce/vendor/laravel/framework/src/Illuminate/Routing/CallableDispatcher.php(40): Illuminate\\Routing\\RouteFileRegistrar->{closure}()
#1 /media/flavio/3437-6262/Projetos/laravel_ecommerce/vendor/laravel/framework/src/Illuminate/Routing/Route.php(244): Illuminate\\Routing\\CallableDispatcher->dispatch()
#2 /media/flavio/3437-6262/Projetos/laravel_ecommerce/vendor/laravel/framework/src/Illuminate/Routing/Route.php(215): Illuminate\\Routing\\Route->runCallable()
#3 /media/flavio/3437-6262/Projetos/laravel_ecommerce/vendor/laravel/framework/src/Illuminate/Routing/Router.php(808): Illuminate\\Routing\\Route->run()
#4 /media/flavio/3437-6262/Projetos/laravel_ecommerce/vendor/laravel/framework/src/Illuminate/Pipeline/Pipeline.php(144): Illuminate\\Routing\\Router->Illuminate\\Routing\\{closure}()
#5 /media/flavio/3437-6262/Projetos/laravel_ecommerce/vendor/laravel/framework/src/Illuminate/Routing/Middleware/SubstituteBindings.php(51): Illuminate\\Pipeline\\Pipeline->Illuminate\\Pipeline\\{closure}()
#6 /media/flavio/3437-6262/Projetos/laravel_ecommerce/vendor/laravel/framework/src/Illuminate/Pipeline/Pipeline.php(183): Illuminate\\Routing\\Middleware\\SubstituteBindings->handle()
#7 /media/flavio/3437-6262/Projetos/laravel_ecommerce/vendor/laravel/framework/src/Illuminate/Foundation/Http/Middleware/VerifyCsrfToken.php(88): Illuminate\\Pipeline\\Pipeline->Illuminate\\Pipeline\\{closure}()
#8 /media/flavio/3437-6262/Projetos/laravel_ecommerce/vendor/laravel/framework/src/Illuminate/Pipeline/Pipeline.php(183): Illuminate\\Foundation\\Http\\Middleware\\VerifyCsrfToken->handle()
#9 /media/flavio/3437-6262/Projetos/laravel_ecommerce/vendor/laravel/framework/src/Illuminate/View/Middleware/ShareErrorsFromSession.php(49): Illuminate\\Pipeline\\Pipeline->Illuminate\\Pipeline\\{closure}()
#10 /media/flavio/3437-6262/Projetos/laravel_ecommerce/vendor/laravel/framework/src/Illuminate/Pipeline/Pipeline.php(183): Illuminate\\View\\Middleware\\ShareErrorsFromSession->handle()
#11 /media/flavio/3437-6262/Projetos/laravel_ecommerce/vendor/laravel/framework/src/Illuminate/Session/Middleware/StartSession.php(121): Illuminate\\Pipeline\\Pipeline->Illuminate\\Pipeline\\{closure}()
#12 /media/flavio/3437-6262/Projetos/laravel_ecommerce/vendor/laravel/framework/src/Illuminate/Session/Middleware/StartSession.php(64): Illuminate\\Session\\Middleware\\StartSession->handleStatefulRequest()
#13 /media/flavio/3437-6262/Projetos/laravel_ecommerce/vendor/laravel/framework/src/Illuminate/Pipeline/Pipeline.php(183): Illuminate\\Session\\Middleware\\StartSession->handle()
#14 /media/flavio/3437-6262/Projetos/laravel_ecommerce/vendor/laravel/framework/src/Illuminate/Cookie/Middleware/AddQueuedCookiesToResponse.php(37): Illuminate\\Pipeline\\Pipeline->Illuminate\\Pipeline\\{closure}()
#15 /media/flavio/3437-6262/Projetos/laravel_ecommerce/vendor/laravel/framework/src/Illuminate/Pipeline/Pipeline.php(183): Illuminate\\Cookie\\Middleware\\AddQueuedCookiesToResponse->handle()
#16 /media/flavio/3437-6262/Projetos/laravel_ecommerce/vendor/laravel/framework/src/Illuminate/Cookie/Middleware/EncryptCookies.php(75): Illuminate\\Pipeline\\Pipeline->Illuminate\\Pipeline\\{closure}()
#17 /media/flavio/3437-6262/Projetos/laravel_ecommerce/vendor/laravel/framework/src/Illuminate/Pipeline/Pipeline.php(183): Illuminate\\Cookie\\Middleware\\EncryptCookies->handle()
#18 /media/flavio/3437-6262/Projetos/laravel_ecommerce/vendor/laravel/framework/src/Illuminate/Pipeline/Pipeline.php(119): Illuminate\\Pipeline\\Pipeline->Illuminate\\Pipeline\\{closure}()
#19 /media/flavio/3437-6262/Projetos/laravel_ecommerce/vendor/laravel/framework/src/Illuminate/Routing/Router.php(807): Illuminate\\Pipeline\\Pipeline->then()
#20 /media/flavio/3437-6262/Projetos/laravel_ecommerce/vendor/laravel/framework/src/Illuminate/Routing/Router.php(786): Illuminate\\Routing\\Router->runRouteWithinStack()
#21 /media/flavio/3437-6262/Projetos/laravel_ecommerce/vendor/laravel/framework/src/Illuminate/Routing/Router.php(750): Illuminate\\Routing\\Router->runRoute()
#22 /media/flavio/3437-6262/Projetos/laravel_ecommerce/vendor/laravel/framework/src/Illuminate/Routing/Router.php(739): Illuminate\\Routing\\Router->dispatchToRoute()
#23 /media/flavio/3437-6262/Projetos/laravel_ecommerce/vendor/laravel/framework/src/Illuminate/Foundation/Http/Kernel.php(201): Illuminate\\Routing\\Router->dispatch()
#24 /media/flavio/3437-6262/Projetos/laravel_ecommerce/vendor/laravel/framework/src/Illuminate/Pipeline/Pipeline.php(144): Illuminate\\Foundation\\Http\\Kernel->Illuminate\\Foundation\\Http\\{closure}()
#25 /media/flavio/3437-6262/Projetos/laravel_ecommerce/vendor/laravel/framework/src/Illuminate/Foundation/Http/Middleware/TransformsRequest.php(21): Illuminate\\Pipeline\\Pipeline->Illuminate\\Pipeline\\{closure}()
#26 /media/flavio/3437-6262/Projetos/laravel_ecommerce/vendor/laravel/framework/src/Illuminate/Foundation/Http/Middleware/ConvertEmptyStringsToNull.php(31): Illuminate\\Foundation\\Http\\Middleware\\TransformsRequest->handle()
#27 /media/flavio/3437-6262/Projetos/laravel_ecommerce/vendor/laravel/framework/src/Illuminate/Pipeline/Pipeline.php(183): Illuminate\\Foundation\\Http\\Middleware\\ConvertEmptyStringsToNull->handle()
#28 /media/flavio/3437-6262/Projetos/laravel_ecommerce/vendor/laravel/framework/src/Illuminate/Foundation/Http/Middleware/TransformsRequest.php(21): Illuminate\\Pipeline\\Pipeline->Illuminate\\Pipeline\\{closure}()
#29 /media/flavio/3437-6262/Projetos/laravel_ecommerce/vendor/laravel/framework/src/Illuminate/Foundation/Http/Middleware/TrimStrings.php(51): Illuminate\\Foundation\\Http\\Middleware\\TransformsRequest->handle()
#30 /media/flavio/3437-6262/Projetos/laravel_ecommerce/vendor/laravel/framework/src/Illuminate/Pipeline/Pipeline.php(183): Illuminate\\Foundation\\Http\\Middleware\\TrimStrings->handle()
#31 /media/flavio/3437-6262/Projetos/laravel_ecommerce/vendor/laravel/framework/src/Illuminate/Http/Middleware/ValidatePostSize.php(27): Illuminate\\Pipeline\\Pipeline->Illuminate\\Pipeline\\{closure}()
#32 /media/flavio/3437-6262/Projetos/laravel_ecommerce/vendor/laravel/framework/src/Illuminate/Pipeline/Pipeline.php(183): Illuminate\\Http\\Middleware\\ValidatePostSize->handle()
#33 /media/flavio/3437-6262/Projetos/laravel_ecommerce/vendor/laravel/framework/src/Illuminate/Foundation/Http/Middleware/PreventRequestsDuringMaintenance.php(110): Illuminate\\Pipeline\\Pipeline->Illuminate\\Pipeline\\{closure}()
#34 /media/flavio/3437-6262/Projetos/laravel_ecommerce/vendor/laravel/framework/src/Illuminate/Pipeline/Pipeline.php(183): Illuminate\\Foundation\\Http\\Middleware\\PreventRequestsDuringMaintenance->handle()
#35 /media/flavio/3437-6262/Projetos/laravel_ecommerce/vendor/laravel/framework/src/Illuminate/Http/Middleware/HandleCors.php(49): Illuminate\\Pipeline\\Pipeline->Illuminate\\Pipeline\\{closure}()
#36 /media/flavio/3437-6262/Projetos/laravel_ecommerce/vendor/laravel/framework/src/Illuminate/Pipeline/Pipeline.php(183): Illuminate\\Http\\Middleware\\HandleCors->handle()
#37 /media/flavio/3437-6262/Projetos/laravel_ecommerce/vendor/laravel/framework/src/Illuminate/Http/Middleware/TrustProxies.php(58): Illuminate\\Pipeline\\Pipeline->Illuminate\\Pipeline\\{closure}()
#38 /media/flavio/3437-6262/Projetos/laravel_ecommerce/vendor/laravel/framework/src/Illuminate/Pipeline/Pipeline.php(183): Illuminate\\Http\\Middleware\\TrustProxies->handle()
#39 /media/flavio/3437-6262/Projetos/laravel_ecommerce/vendor/laravel/framework/src/Illuminate/Foundation/Http/Middleware/InvokeDeferredCallbacks.php(22): Illuminate\\Pipeline\\Pipeline->Illuminate\\Pipeline\\{closure}()
#40 /media/flavio/3437-6262/Projetos/laravel_ecommerce/vendor/laravel/framework/src/Illuminate/Pipeline/Pipeline.php(183): Illuminate\\Foundation\\Http\\Middleware\\InvokeDeferredCallbacks->handle()
#41 /media/flavio/3437-6262/Projetos/laravel_ecommerce/vendor/laravel/framework/src/Illuminate/Pipeline/Pipeline.php(119): Illuminate\\Pipeline\\Pipeline->Illuminate\\Pipeline\\{closure}()
#42 /media/flavio/3437-6262/Projetos/laravel_ecommerce/vendor/laravel/framework/src/Illuminate/Foundation/Http/Kernel.php(176): Illuminate\\Pipeline\\Pipeline->then()
#43 /media/flavio/3437-6262/Projetos/laravel_ecommerce/vendor/laravel/framework/src/Illuminate/Foundation/Http/Kernel.php(145): Illuminate\\Foundation\\Http\\Kernel->sendRequestThroughRouter()
#44 /media/flavio/3437-6262/Projetos/laravel_ecommerce/vendor/laravel/framework/src/Illuminate/Foundation/Application.php(1190): Illuminate\\Foundation\\Http\\Kernel->handle()
#45 /media/flavio/3437-6262/Projetos/laravel_ecommerce/public/index.php(17): Illuminate\\Foundation\\Application->handleRequest()
#46 /media/flavio/3437-6262/Projetos/laravel_ecommerce/vendor/laravel/framework/src/Illuminate/Foundation/resources/server.php(23): require_once('...')
#47 {main}
"} 
[2024-12-25 22:06:48] local.ERROR: Class "App\Products" not found {"exception":"[object] (Error(code: 0): Class \"App\\Products\" not found at /media/flavio/3437-6262/Projetos/laravel_ecommerce/routes/web.php:11)
[stacktrace]
#0 /media/flavio/3437-6262/Projetos/laravel_ecommerce/vendor/laravel/framework/src/Illuminate/Routing/CallableDispatcher.php(40): Illuminate\\Routing\\RouteFileRegistrar->{closure}()
#1 /media/flavio/3437-6262/Projetos/laravel_ecommerce/vendor/laravel/framework/src/Illuminate/Routing/Route.php(244): Illuminate\\Routing\\CallableDispatcher->dispatch()
#2 /media/flavio/3437-6262/Projetos/laravel_ecommerce/vendor/laravel/framework/src/Illuminate/Routing/Route.php(215): Illuminate\\Routing\\Route->runCallable()
#3 /media/flavio/3437-6262/Projetos/laravel_ecommerce/vendor/laravel/framework/src/Illuminate/Routing/Router.php(808): Illuminate\\Routing\\Route->run()
#4 /media/flavio/3437-6262/Projetos/laravel_ecommerce/vendor/laravel/framework/src/Illuminate/Pipeline/Pipeline.php(144): Illuminate\\Routing\\Router->Illuminate\\Routing\\{closure}()
#5 /media/flavio/3437-6262/Projetos/laravel_ecommerce/vendor/laravel/framework/src/Illuminate/Routing/Middleware/SubstituteBindings.php(51): Illuminate\\Pipeline\\Pipeline->Illuminate\\Pipeline\\{closure}()
#6 /media/flavio/3437-6262/Projetos/laravel_ecommerce/vendor/laravel/framework/src/Illuminate/Pipeline/Pipeline.php(183): Illuminate\\Routing\\Middleware\\SubstituteBindings->handle()
#7 /media/flavio/3437-6262/Projetos/laravel_ecommerce/vendor/laravel/framework/src/Illuminate/Foundation/Http/Middleware/VerifyCsrfToken.php(88): Illuminate\\Pipeline\\Pipeline->Illuminate\\Pipeline\\{closure}()
#8 /media/flavio/3437-6262/Projetos/laravel_ecommerce/vendor/laravel/framework/src/Illuminate/Pipeline/Pipeline.php(183): Illuminate\\Foundation\\Http\\Middleware\\VerifyCsrfToken->handle()
#9 /media/flavio/3437-6262/Projetos/laravel_ecommerce/vendor/laravel/framework/src/Illuminate/View/Middleware/ShareErrorsFromSession.php(49): Illuminate\\Pipeline\\Pipeline->Illuminate\\Pipeline\\{closure}()
#10 /media/flavio/3437-6262/Projetos/laravel_ecommerce/vendor/laravel/framework/src/Illuminate/Pipeline/Pipeline.php(183): Illuminate\\View\\Middleware\\ShareErrorsFromSession->handle()
#11 /media/flavio/3437-6262/Projetos/laravel_ecommerce/vendor/laravel/framework/src/Illuminate/Session/Middleware/StartSession.php(121): Illuminate\\Pipeline\\Pipeline->Illuminate\\Pipeline\\{closure}()
#12 /media/flavio/3437-6262/Projetos/laravel_ecommerce/vendor/laravel/framework/src/Illuminate/Session/Middleware/StartSession.php(64): Illuminate\\Session\\Middleware\\StartSession->handleStatefulRequest()
#13 /media/flavio/3437-6262/Projetos/laravel_ecommerce/vendor/laravel/framework/src/Illuminate/Pipeline/Pipeline.php(183): Illuminate\\Session\\Middleware\\StartSession->handle()
#14 /media/flavio/3437-6262/Projetos/laravel_ecommerce/vendor/laravel/framework/src/Illuminate/Cookie/Middleware/AddQueuedCookiesToResponse.php(37): Illuminate\\Pipeline\\Pipeline->Illuminate\\Pipeline\\{closure}()
#15 /media/flavio/3437-6262/Projetos/laravel_ecommerce/vendor/laravel/framework/src/Illuminate/Pipeline/Pipeline.php(183): Illuminate\\Cookie\\Middleware\\AddQueuedCookiesToResponse->handle()
#16 /media/flavio/3437-6262/Projetos/laravel_ecommerce/vendor/laravel/framework/src/Illuminate/Cookie/Middleware/EncryptCookies.php(75): Illuminate\\Pipeline\\Pipeline->Illuminate\\Pipeline\\{closure}()
#17 /media/flavio/3437-6262/Projetos/laravel_ecommerce/vendor/laravel/framework/src/Illuminate/Pipeline/Pipeline.php(183): Illuminate\\Cookie\\Middleware\\EncryptCookies->handle()
#18 /media/flavio/3437-6262/Projetos/laravel_ecommerce/vendor/laravel/framework/src/Illuminate/Pipeline/Pipeline.php(119): Illuminate\\Pipeline\\Pipeline->Illuminate\\Pipeline\\{closure}()
#19 /media/flavio/3437-6262/Projetos/laravel_ecommerce/vendor/laravel/framework/src/Illuminate/Routing/Router.php(807): Illuminate\\Pipeline\\Pipeline->then()
#20 /media/flavio/3437-6262/Projetos/laravel_ecommerce/vendor/laravel/framework/src/Illuminate/Routing/Router.php(786): Illuminate\\Routing\\Router->runRouteWithinStack()
#21 /media/flavio/3437-6262/Projetos/laravel_ecommerce/vendor/laravel/framework/src/Illuminate/Routing/Router.php(750): Illuminate\\Routing\\Router->runRoute()
#22 /media/flavio/3437-6262/Projetos/laravel_ecommerce/vendor/laravel/framework/src/Illuminate/Routing/Router.php(739): Illuminate\\Routing\\Router->dispatchToRoute()
#23 /media/flavio/3437-6262/Projetos/laravel_ecommerce/vendor/laravel/framework/src/Illuminate/Foundation/Http/Kernel.php(201): Illuminate\\Routing\\Router->dispatch()
#24 /media/flavio/3437-6262/Projetos/laravel_ecommerce/vendor/laravel/framework/src/Illuminate/Pipeline/Pipeline.php(144): Illuminate\\Foundation\\Http\\Kernel->Illuminate\\Foundation\\Http\\{closure}()
#25 /media/flavio/3437-6262/Projetos/laravel_ecommerce/vendor/laravel/framework/src/Illuminate/Foundation/Http/Middleware/TransformsRequest.php(21): Illuminate\\Pipeline\\Pipeline->Illuminate\\Pipeline\\{closure}()
#26 /media/flavio/3437-6262/Projetos/laravel_ecommerce/vendor/laravel/framework/src/Illuminate/Foundation/Http/Middleware/ConvertEmptyStringsToNull.php(31): Illuminate\\Foundation\\Http\\Middleware\\TransformsRequest->handle()
#27 /media/flavio/3437-6262/Projetos/laravel_ecommerce/vendor/laravel/framework/src/Illuminate/Pipeline/Pipeline.php(183): Illuminate\\Foundation\\Http\\Middleware\\ConvertEmptyStringsToNull->handle()
#28 /media/flavio/3437-6262/Projetos/laravel_ecommerce/vendor/laravel/framework/src/Illuminate/Foundation/Http/Middleware/TransformsRequest.php(21): Illuminate\\Pipeline\\Pipeline->Illuminate\\Pipeline\\{closure}()
#29 /media/flavio/3437-6262/Projetos/laravel_ecommerce/vendor/laravel/framework/src/Illuminate/Foundation/Http/Middleware/TrimStrings.php(51): Illuminate\\Foundation\\Http\\Middleware\\TransformsRequest->handle()
#30 /media/flavio/3437-6262/Projetos/laravel_ecommerce/vendor/laravel/framework/src/Illuminate/Pipeline/Pipeline.php(183): Illuminate\\Foundation\\Http\\Middleware\\TrimStrings->handle()
#31 /media/flavio/3437-6262/Projetos/laravel_ecommerce/vendor/laravel/framework/src/Illuminate/Http/Middleware/ValidatePostSize.php(27): Illuminate\\Pipeline\\Pipeline->Illuminate\\Pipeline\\{closure}()
#32 /media/flavio/3437-6262/Projetos/laravel_ecommerce/vendor/laravel/framework/src/Illuminate/Pipeline/Pipeline.php(183): Illuminate\\Http\\Middleware\\ValidatePostSize->handle()
#33 /media/flavio/3437-6262/Projetos/laravel_ecommerce/vendor/laravel/framework/src/Illuminate/Foundation/Http/Middleware/PreventRequestsDuringMaintenance.php(110): Illuminate\\Pipeline\\Pipeline->Illuminate\\Pipeline\\{closure}()
#34 /media/flavio/3437-6262/Projetos/laravel_ecommerce/vendor/laravel/framework/src/Illuminate/Pipeline/Pipeline.php(183): Illuminate\\Foundation\\Http\\Middleware\\PreventRequestsDuringMaintenance->handle()
#35 /media/flavio/3437-6262/Projetos/laravel_ecommerce/vendor/laravel/framework/src/Illuminate/Http/Middleware/HandleCors.php(49): Illuminate\\Pipeline\\Pipeline->Illuminate\\Pipeline\\{closure}()
#36 /media/flavio/3437-6262/Projetos/laravel_ecommerce/vendor/laravel/framework/src/Illuminate/Pipeline/Pipeline.php(183): Illuminate\\Http\\Middleware\\HandleCors->handle()
#37 /media/flavio/3437-6262/Projetos/laravel_ecommerce/vendor/laravel/framework/src/Illuminate/Http/Middleware/TrustProxies.php(58): Illuminate\\Pipeline\\Pipeline->Illuminate\\Pipeline\\{closure}()
#38 /media/flavio/3437-6262/Projetos/laravel_ecommerce/vendor/laravel/framework/src/Illuminate/Pipeline/Pipeline.php(183): Illuminate\\Http\\Middleware\\TrustProxies->handle()
#39 /media/flavio/3437-6262/Projetos/laravel_ecommerce/vendor/laravel/framework/src/Illuminate/Foundation/Http/Middleware/InvokeDeferredCallbacks.php(22): Illuminate\\Pipeline\\Pipeline->Illuminate\\Pipeline\\{closure}()
#40 /media/flavio/3437-6262/Projetos/laravel_ecommerce/vendor/laravel/framework/src/Illuminate/Pipeline/Pipeline.php(183): Illuminate\\Foundation\\Http\\Middleware\\InvokeDeferredCallbacks->handle()
#41 /media/flavio/3437-6262/Projetos/laravel_ecommerce/vendor/laravel/framework/src/Illuminate/Pipeline/Pipeline.php(119): Illuminate\\Pipeline\\Pipeline->Illuminate\\Pipeline\\{closure}()
#42 /media/flavio/3437-6262/Projetos/laravel_ecommerce/vendor/laravel/framework/src/Illuminate/Foundation/Http/Kernel.php(176): Illuminate\\Pipeline\\Pipeline->then()
#43 /media/flavio/3437-6262/Projetos/laravel_ecommerce/vendor/laravel/framework/src/Illuminate/Foundation/Http/Kernel.php(145): Illuminate\\Foundation\\Http\\Kernel->sendRequestThroughRouter()
#44 /media/flavio/3437-6262/Projetos/laravel_ecommerce/vendor/laravel/framework/src/Illuminate/Foundation/Application.php(1190): Illuminate\\Foundation\\Http\\Kernel->handle()
#45 /media/flavio/3437-6262/Projetos/laravel_ecommerce/public/index.php(17): Illuminate\\Foundation\\Application->handleRequest()
#46 /media/flavio/3437-6262/Projetos/laravel_ecommerce/vendor/laravel/framework/src/Illuminate/Foundation/resources/server.php(23): require_once('...')
#47 {main}
"} 
[2024-12-31 18:50:02] local.ERROR: Class "App\Product" not found {"exception":"[object] (Error(code: 0): Class \"App\\Product\" not found at /media/flavio/3437-6262/Projetos/laravel_ecommerce/routes/web.php:11)
[stacktrace]
#0 /media/flavio/3437-6262/Projetos/laravel_ecommerce/vendor/laravel/framework/src/Illuminate/Routing/CallableDispatcher.php(40): Illuminate\\Routing\\RouteFileRegistrar->{closure}()
#1 /media/flavio/3437-6262/Projetos/laravel_ecommerce/vendor/laravel/framework/src/Illuminate/Routing/Route.php(244): Illuminate\\Routing\\CallableDispatcher->dispatch()
#2 /media/flavio/3437-6262/Projetos/laravel_ecommerce/vendor/laravel/framework/src/Illuminate/Routing/Route.php(215): Illuminate\\Routing\\Route->runCallable()
#3 /media/flavio/3437-6262/Projetos/laravel_ecommerce/vendor/laravel/framework/src/Illuminate/Routing/Router.php(808): Illuminate\\Routing\\Route->run()
#4 /media/flavio/3437-6262/Projetos/laravel_ecommerce/vendor/laravel/framework/src/Illuminate/Pipeline/Pipeline.php(144): Illuminate\\Routing\\Router->Illuminate\\Routing\\{closure}()
#5 /media/flavio/3437-6262/Projetos/laravel_ecommerce/vendor/laravel/framework/src/Illuminate/Routing/Middleware/SubstituteBindings.php(51): Illuminate\\Pipeline\\Pipeline->Illuminate\\Pipeline\\{closure}()
#6 /media/flavio/3437-6262/Projetos/laravel_ecommerce/vendor/laravel/framework/src/Illuminate/Pipeline/Pipeline.php(183): Illuminate\\Routing\\Middleware\\SubstituteBindings->handle()
#7 /media/flavio/3437-6262/Projetos/laravel_ecommerce/vendor/laravel/framework/src/Illuminate/Foundation/Http/Middleware/VerifyCsrfToken.php(88): Illuminate\\Pipeline\\Pipeline->Illuminate\\Pipeline\\{closure}()
#8 /media/flavio/3437-6262/Projetos/laravel_ecommerce/vendor/laravel/framework/src/Illuminate/Pipeline/Pipeline.php(183): Illuminate\\Foundation\\Http\\Middleware\\VerifyCsrfToken->handle()
#9 /media/flavio/3437-6262/Projetos/laravel_ecommerce/vendor/laravel/framework/src/Illuminate/View/Middleware/ShareErrorsFromSession.php(49): Illuminate\\Pipeline\\Pipeline->Illuminate\\Pipeline\\{closure}()
#10 /media/flavio/3437-6262/Projetos/laravel_ecommerce/vendor/laravel/framework/src/Illuminate/Pipeline/Pipeline.php(183): Illuminate\\View\\Middleware\\ShareErrorsFromSession->handle()
#11 /media/flavio/3437-6262/Projetos/laravel_ecommerce/vendor/laravel/framework/src/Illuminate/Session/Middleware/StartSession.php(121): Illuminate\\Pipeline\\Pipeline->Illuminate\\Pipeline\\{closure}()
#12 /media/flavio/3437-6262/Projetos/laravel_ecommerce/vendor/laravel/framework/src/Illuminate/Session/Middleware/StartSession.php(64): Illuminate\\Session\\Middleware\\StartSession->handleStatefulRequest()
#13 /media/flavio/3437-6262/Projetos/laravel_ecommerce/vendor/laravel/framework/src/Illuminate/Pipeline/Pipeline.php(183): Illuminate\\Session\\Middleware\\StartSession->handle()
#14 /media/flavio/3437-6262/Projetos/laravel_ecommerce/vendor/laravel/framework/src/Illuminate/Cookie/Middleware/AddQueuedCookiesToResponse.php(37): Illuminate\\Pipeline\\Pipeline->Illuminate\\Pipeline\\{closure}()
#15 /media/flavio/3437-6262/Projetos/laravel_ecommerce/vendor/laravel/framework/src/Illuminate/Pipeline/Pipeline.php(183): Illuminate\\Cookie\\Middleware\\AddQueuedCookiesToResponse->handle()
#16 /media/flavio/3437-6262/Projetos/laravel_ecommerce/vendor/laravel/framework/src/Illuminate/Cookie/Middleware/EncryptCookies.php(75): Illuminate\\Pipeline\\Pipeline->Illuminate\\Pipeline\\{closure}()
#17 /media/flavio/3437-6262/Projetos/laravel_ecommerce/vendor/laravel/framework/src/Illuminate/Pipeline/Pipeline.php(183): Illuminate\\Cookie\\Middleware\\EncryptCookies->handle()
#18 /media/flavio/3437-6262/Projetos/laravel_ecommerce/vendor/laravel/framework/src/Illuminate/Pipeline/Pipeline.php(119): Illuminate\\Pipeline\\Pipeline->Illuminate\\Pipeline\\{closure}()
#19 /media/flavio/3437-6262/Projetos/laravel_ecommerce/vendor/laravel/framework/src/Illuminate/Routing/Router.php(807): Illuminate\\Pipeline\\Pipeline->then()
#20 /media/flavio/3437-6262/Projetos/laravel_ecommerce/vendor/laravel/framework/src/Illuminate/Routing/Router.php(786): Illuminate\\Routing\\Router->runRouteWithinStack()
#21 /media/flavio/3437-6262/Projetos/laravel_ecommerce/vendor/laravel/framework/src/Illuminate/Routing/Router.php(750): Illuminate\\Routing\\Router->runRoute()
#22 /media/flavio/3437-6262/Projetos/laravel_ecommerce/vendor/laravel/framework/src/Illuminate/Routing/Router.php(739): Illuminate\\Routing\\Router->dispatchToRoute()
#23 /media/flavio/3437-6262/Projetos/laravel_ecommerce/vendor/laravel/framework/src/Illuminate/Foundation/Http/Kernel.php(201): Illuminate\\Routing\\Router->dispatch()
#24 /media/flavio/3437-6262/Projetos/laravel_ecommerce/vendor/laravel/framework/src/Illuminate/Pipeline/Pipeline.php(144): Illuminate\\Foundation\\Http\\Kernel->Illuminate\\Foundation\\Http\\{closure}()
#25 /media/flavio/3437-6262/Projetos/laravel_ecommerce/vendor/laravel/framework/src/Illuminate/Foundation/Http/Middleware/TransformsRequest.php(21): Illuminate\\Pipeline\\Pipeline->Illuminate\\Pipeline\\{closure}()
#26 /media/flavio/3437-6262/Projetos/laravel_ecommerce/vendor/laravel/framework/src/Illuminate/Foundation/Http/Middleware/ConvertEmptyStringsToNull.php(31): Illuminate\\Foundation\\Http\\Middleware\\TransformsRequest->handle()
#27 /media/flavio/3437-6262/Projetos/laravel_ecommerce/vendor/laravel/framework/src/Illuminate/Pipeline/Pipeline.php(183): Illuminate\\Foundation\\Http\\Middleware\\ConvertEmptyStringsToNull->handle()
#28 /media/flavio/3437-6262/Projetos/laravel_ecommerce/vendor/laravel/framework/src/Illuminate/Foundation/Http/Middleware/TransformsRequest.php(21): Illuminate\\Pipeline\\Pipeline->Illuminate\\Pipeline\\{closure}()
#29 /media/flavio/3437-6262/Projetos/laravel_ecommerce/vendor/laravel/framework/src/Illuminate/Foundation/Http/Middleware/TrimStrings.php(51): Illuminate\\Foundation\\Http\\Middleware\\TransformsRequest->handle()
#30 /media/flavio/3437-6262/Projetos/laravel_ecommerce/vendor/laravel/framework/src/Illuminate/Pipeline/Pipeline.php(183): Illuminate\\Foundation\\Http\\Middleware\\TrimStrings->handle()
#31 /media/flavio/3437-6262/Projetos/laravel_ecommerce/vendor/laravel/framework/src/Illuminate/Http/Middleware/ValidatePostSize.php(27): Illuminate\\Pipeline\\Pipeline->Illuminate\\Pipeline\\{closure}()
#32 /media/flavio/3437-6262/Projetos/laravel_ecommerce/vendor/laravel/framework/src/Illuminate/Pipeline/Pipeline.php(183): Illuminate\\Http\\Middleware\\ValidatePostSize->handle()
#33 /media/flavio/3437-6262/Projetos/laravel_ecommerce/vendor/laravel/framework/src/Illuminate/Foundation/Http/Middleware/PreventRequestsDuringMaintenance.php(110): Illuminate\\Pipeline\\Pipeline->Illuminate\\Pipeline\\{closure}()
#34 /media/flavio/3437-6262/Projetos/laravel_ecommerce/vendor/laravel/framework/src/Illuminate/Pipeline/Pipeline.php(183): Illuminate\\Foundation\\Http\\Middleware\\PreventRequestsDuringMaintenance->handle()
#35 /media/flavio/3437-6262/Projetos/laravel_ecommerce/vendor/laravel/framework/src/Illuminate/Http/Middleware/HandleCors.php(49): Illuminate\\Pipeline\\Pipeline->Illuminate\\Pipeline\\{closure}()
#36 /media/flavio/3437-6262/Projetos/laravel_ecommerce/vendor/laravel/framework/src/Illuminate/Pipeline/Pipeline.php(183): Illuminate\\Http\\Middleware\\HandleCors->handle()
#37 /media/flavio/3437-6262/Projetos/laravel_ecommerce/vendor/laravel/framework/src/Illuminate/Http/Middleware/TrustProxies.php(58): Illuminate\\Pipeline\\Pipeline->Illuminate\\Pipeline\\{closure}()
#38 /media/flavio/3437-6262/Projetos/laravel_ecommerce/vendor/laravel/framework/src/Illuminate/Pipeline/Pipeline.php(183): Illuminate\\Http\\Middleware\\TrustProxies->handle()
#39 /media/flavio/3437-6262/Projetos/laravel_ecommerce/vendor/laravel/framework/src/Illuminate/Foundation/Http/Middleware/InvokeDeferredCallbacks.php(22): Illuminate\\Pipeline\\Pipeline->Illuminate\\Pipeline\\{closure}()
#40 /media/flavio/3437-6262/Projetos/laravel_ecommerce/vendor/laravel/framework/src/Illuminate/Pipeline/Pipeline.php(183): Illuminate\\Foundation\\Http\\Middleware\\InvokeDeferredCallbacks->handle()
#41 /media/flavio/3437-6262/Projetos/laravel_ecommerce/vendor/laravel/framework/src/Illuminate/Pipeline/Pipeline.php(119): Illuminate\\Pipeline\\Pipeline->Illuminate\\Pipeline\\{closure}()
#42 /media/flavio/3437-6262/Projetos/laravel_ecommerce/vendor/laravel/framework/src/Illuminate/Foundation/Http/Kernel.php(176): Illuminate\\Pipeline\\Pipeline->then()
#43 /media/flavio/3437-6262/Projetos/laravel_ecommerce/vendor/laravel/framework/src/Illuminate/Foundation/Http/Kernel.php(145): Illuminate\\Foundation\\Http\\Kernel->sendRequestThroughRouter()
#44 /media/flavio/3437-6262/Projetos/laravel_ecommerce/vendor/laravel/framework/src/Illuminate/Foundation/Application.php(1190): Illuminate\\Foundation\\Http\\Kernel->handle()
#45 /media/flavio/3437-6262/Projetos/laravel_ecommerce/public/index.php(17): Illuminate\\Foundation\\Application->handleRequest()
#46 /media/flavio/3437-6262/Projetos/laravel_ecommerce/vendor/laravel/framework/src/Illuminate/Foundation/resources/server.php(23): require_once('...')
#47 {main}
"} 
[2024-12-31 18:55:24] local.ERROR: Class "App\User" not found {"exception":"[object] (Error(code: 0): Class \"App\\User\" not found at /media/flavio/3437-6262/Projetos/laravel_ecommerce/routes/web.php:13)
[stacktrace]
#0 /media/flavio/3437-6262/Projetos/laravel_ecommerce/vendor/laravel/framework/src/Illuminate/Routing/CallableDispatcher.php(40): Illuminate\\Routing\\RouteFileRegistrar->{closure}()
#1 /media/flavio/3437-6262/Projetos/laravel_ecommerce/vendor/laravel/framework/src/Illuminate/Routing/Route.php(244): Illuminate\\Routing\\CallableDispatcher->dispatch()
#2 /media/flavio/3437-6262/Projetos/laravel_ecommerce/vendor/laravel/framework/src/Illuminate/Routing/Route.php(215): Illuminate\\Routing\\Route->runCallable()
#3 /media/flavio/3437-6262/Projetos/laravel_ecommerce/vendor/laravel/framework/src/Illuminate/Routing/Router.php(808): Illuminate\\Routing\\Route->run()
#4 /media/flavio/3437-6262/Projetos/laravel_ecommerce/vendor/laravel/framework/src/Illuminate/Pipeline/Pipeline.php(144): Illuminate\\Routing\\Router->Illuminate\\Routing\\{closure}()
#5 /media/flavio/3437-6262/Projetos/laravel_ecommerce/vendor/laravel/framework/src/Illuminate/Routing/Middleware/SubstituteBindings.php(51): Illuminate\\Pipeline\\Pipeline->Illuminate\\Pipeline\\{closure}()
#6 /media/flavio/3437-6262/Projetos/laravel_ecommerce/vendor/laravel/framework/src/Illuminate/Pipeline/Pipeline.php(183): Illuminate\\Routing\\Middleware\\SubstituteBindings->handle()
#7 /media/flavio/3437-6262/Projetos/laravel_ecommerce/vendor/laravel/framework/src/Illuminate/Foundation/Http/Middleware/VerifyCsrfToken.php(88): Illuminate\\Pipeline\\Pipeline->Illuminate\\Pipeline\\{closure}()
#8 /media/flavio/3437-6262/Projetos/laravel_ecommerce/vendor/laravel/framework/src/Illuminate/Pipeline/Pipeline.php(183): Illuminate\\Foundation\\Http\\Middleware\\VerifyCsrfToken->handle()
#9 /media/flavio/3437-6262/Projetos/laravel_ecommerce/vendor/laravel/framework/src/Illuminate/View/Middleware/ShareErrorsFromSession.php(49): Illuminate\\Pipeline\\Pipeline->Illuminate\\Pipeline\\{closure}()
#10 /media/flavio/3437-6262/Projetos/laravel_ecommerce/vendor/laravel/framework/src/Illuminate/Pipeline/Pipeline.php(183): Illuminate\\View\\Middleware\\ShareErrorsFromSession->handle()
#11 /media/flavio/3437-6262/Projetos/laravel_ecommerce/vendor/laravel/framework/src/Illuminate/Session/Middleware/StartSession.php(121): Illuminate\\Pipeline\\Pipeline->Illuminate\\Pipeline\\{closure}()
#12 /media/flavio/3437-6262/Projetos/laravel_ecommerce/vendor/laravel/framework/src/Illuminate/Session/Middleware/StartSession.php(64): Illuminate\\Session\\Middleware\\StartSession->handleStatefulRequest()
#13 /media/flavio/3437-6262/Projetos/laravel_ecommerce/vendor/laravel/framework/src/Illuminate/Pipeline/Pipeline.php(183): Illuminate\\Session\\Middleware\\StartSession->handle()
#14 /media/flavio/3437-6262/Projetos/laravel_ecommerce/vendor/laravel/framework/src/Illuminate/Cookie/Middleware/AddQueuedCookiesToResponse.php(37): Illuminate\\Pipeline\\Pipeline->Illuminate\\Pipeline\\{closure}()
#15 /media/flavio/3437-6262/Projetos/laravel_ecommerce/vendor/laravel/framework/src/Illuminate/Pipeline/Pipeline.php(183): Illuminate\\Cookie\\Middleware\\AddQueuedCookiesToResponse->handle()
#16 /media/flavio/3437-6262/Projetos/laravel_ecommerce/vendor/laravel/framework/src/Illuminate/Cookie/Middleware/EncryptCookies.php(75): Illuminate\\Pipeline\\Pipeline->Illuminate\\Pipeline\\{closure}()
#17 /media/flavio/3437-6262/Projetos/laravel_ecommerce/vendor/laravel/framework/src/Illuminate/Pipeline/Pipeline.php(183): Illuminate\\Cookie\\Middleware\\EncryptCookies->handle()
#18 /media/flavio/3437-6262/Projetos/laravel_ecommerce/vendor/laravel/framework/src/Illuminate/Pipeline/Pipeline.php(119): Illuminate\\Pipeline\\Pipeline->Illuminate\\Pipeline\\{closure}()
#19 /media/flavio/3437-6262/Projetos/laravel_ecommerce/vendor/laravel/framework/src/Illuminate/Routing/Router.php(807): Illuminate\\Pipeline\\Pipeline->then()
#20 /media/flavio/3437-6262/Projetos/laravel_ecommerce/vendor/laravel/framework/src/Illuminate/Routing/Router.php(786): Illuminate\\Routing\\Router->runRouteWithinStack()
#21 /media/flavio/3437-6262/Projetos/laravel_ecommerce/vendor/laravel/framework/src/Illuminate/Routing/Router.php(750): Illuminate\\Routing\\Router->runRoute()
#22 /media/flavio/3437-6262/Projetos/laravel_ecommerce/vendor/laravel/framework/src/Illuminate/Routing/Router.php(739): Illuminate\\Routing\\Router->dispatchToRoute()
#23 /media/flavio/3437-6262/Projetos/laravel_ecommerce/vendor/laravel/framework/src/Illuminate/Foundation/Http/Kernel.php(201): Illuminate\\Routing\\Router->dispatch()
#24 /media/flavio/3437-6262/Projetos/laravel_ecommerce/vendor/laravel/framework/src/Illuminate/Pipeline/Pipeline.php(144): Illuminate\\Foundation\\Http\\Kernel->Illuminate\\Foundation\\Http\\{closure}()
#25 /media/flavio/3437-6262/Projetos/laravel_ecommerce/vendor/laravel/framework/src/Illuminate/Foundation/Http/Middleware/TransformsRequest.php(21): Illuminate\\Pipeline\\Pipeline->Illuminate\\Pipeline\\{closure}()
#26 /media/flavio/3437-6262/Projetos/laravel_ecommerce/vendor/laravel/framework/src/Illuminate/Foundation/Http/Middleware/ConvertEmptyStringsToNull.php(31): Illuminate\\Foundation\\Http\\Middleware\\TransformsRequest->handle()
#27 /media/flavio/3437-6262/Projetos/laravel_ecommerce/vendor/laravel/framework/src/Illuminate/Pipeline/Pipeline.php(183): Illuminate\\Foundation\\Http\\Middleware\\ConvertEmptyStringsToNull->handle()
#28 /media/flavio/3437-6262/Projetos/laravel_ecommerce/vendor/laravel/framework/src/Illuminate/Foundation/Http/Middleware/TransformsRequest.php(21): Illuminate\\Pipeline\\Pipeline->Illuminate\\Pipeline\\{closure}()
#29 /media/flavio/3437-6262/Projetos/laravel_ecommerce/vendor/laravel/framework/src/Illuminate/Foundation/Http/Middleware/TrimStrings.php(51): Illuminate\\Foundation\\Http\\Middleware\\TransformsRequest->handle()
#30 /media/flavio/3437-6262/Projetos/laravel_ecommerce/vendor/laravel/framework/src/Illuminate/Pipeline/Pipeline.php(183): Illuminate\\Foundation\\Http\\Middleware\\TrimStrings->handle()
#31 /media/flavio/3437-6262/Projetos/laravel_ecommerce/vendor/laravel/framework/src/Illuminate/Http/Middleware/ValidatePostSize.php(27): Illuminate\\Pipeline\\Pipeline->Illuminate\\Pipeline\\{closure}()
#32 /media/flavio/3437-6262/Projetos/laravel_ecommerce/vendor/laravel/framework/src/Illuminate/Pipeline/Pipeline.php(183): Illuminate\\Http\\Middleware\\ValidatePostSize->handle()
#33 /media/flavio/3437-6262/Projetos/laravel_ecommerce/vendor/laravel/framework/src/Illuminate/Foundation/Http/Middleware/PreventRequestsDuringMaintenance.php(110): Illuminate\\Pipeline\\Pipeline->Illuminate\\Pipeline\\{closure}()
#34 /media/flavio/3437-6262/Projetos/laravel_ecommerce/vendor/laravel/framework/src/Illuminate/Pipeline/Pipeline.php(183): Illuminate\\Foundation\\Http\\Middleware\\PreventRequestsDuringMaintenance->handle()
#35 /media/flavio/3437-6262/Projetos/laravel_ecommerce/vendor/laravel/framework/src/Illuminate/Http/Middleware/HandleCors.php(49): Illuminate\\Pipeline\\Pipeline->Illuminate\\Pipeline\\{closure}()
#36 /media/flavio/3437-6262/Projetos/laravel_ecommerce/vendor/laravel/framework/src/Illuminate/Pipeline/Pipeline.php(183): Illuminate\\Http\\Middleware\\HandleCors->handle()
#37 /media/flavio/3437-6262/Projetos/laravel_ecommerce/vendor/laravel/framework/src/Illuminate/Http/Middleware/TrustProxies.php(58): Illuminate\\Pipeline\\Pipeline->Illuminate\\Pipeline\\{closure}()
#38 /media/flavio/3437-6262/Projetos/laravel_ecommerce/vendor/laravel/framework/src/Illuminate/Pipeline/Pipeline.php(183): Illuminate\\Http\\Middleware\\TrustProxies->handle()
#39 /media/flavio/3437-6262/Projetos/laravel_ecommerce/vendor/laravel/framework/src/Illuminate/Foundation/Http/Middleware/InvokeDeferredCallbacks.php(22): Illuminate\\Pipeline\\Pipeline->Illuminate\\Pipeline\\{closure}()
#40 /media/flavio/3437-6262/Projetos/laravel_ecommerce/vendor/laravel/framework/src/Illuminate/Pipeline/Pipeline.php(183): Illuminate\\Foundation\\Http\\Middleware\\InvokeDeferredCallbacks->handle()
#41 /media/flavio/3437-6262/Projetos/laravel_ecommerce/vendor/laravel/framework/src/Illuminate/Pipeline/Pipeline.php(119): Illuminate\\Pipeline\\Pipeline->Illuminate\\Pipeline\\{closure}()
#42 /media/flavio/3437-6262/Projetos/laravel_ecommerce/vendor/laravel/framework/src/Illuminate/Foundation/Http/Kernel.php(176): Illuminate\\Pipeline\\Pipeline->then()
#43 /media/flavio/3437-6262/Projetos/laravel_ecommerce/vendor/laravel/framework/src/Illuminate/Foundation/Http/Kernel.php(145): Illuminate\\Foundation\\Http\\Kernel->sendRequestThroughRouter()
#44 /media/flavio/3437-6262/Projetos/laravel_ecommerce/vendor/laravel/framework/src/Illuminate/Foundation/Application.php(1190): Illuminate\\Foundation\\Http\\Kernel->handle()
#45 /media/flavio/3437-6262/Projetos/laravel_ecommerce/public/index.php(17): Illuminate\\Foundation\\Application->handleRequest()
#46 /media/flavio/3437-6262/Projetos/laravel_ecommerce/vendor/laravel/framework/src/Illuminate/Foundation/resources/server.php(23): require_once('...')
#47 {main}
"} 
[2024-12-31 18:58:00] local.ERROR: Undefined constant "user" {"exception":"[object] (Error(code: 0): Undefined constant \"user\" at /media/flavio/3437-6262/Projetos/laravel_ecommerce/routes/web.php:18)
[stacktrace]
#0 /media/flavio/3437-6262/Projetos/laravel_ecommerce/vendor/laravel/framework/src/Illuminate/Routing/CallableDispatcher.php(40): Illuminate\\Routing\\RouteFileRegistrar->{closure}()
#1 /media/flavio/3437-6262/Projetos/laravel_ecommerce/vendor/laravel/framework/src/Illuminate/Routing/Route.php(244): Illuminate\\Routing\\CallableDispatcher->dispatch()
#2 /media/flavio/3437-6262/Projetos/laravel_ecommerce/vendor/laravel/framework/src/Illuminate/Routing/Route.php(215): Illuminate\\Routing\\Route->runCallable()
#3 /media/flavio/3437-6262/Projetos/laravel_ecommerce/vendor/laravel/framework/src/Illuminate/Routing/Router.php(808): Illuminate\\Routing\\Route->run()
#4 /media/flavio/3437-6262/Projetos/laravel_ecommerce/vendor/laravel/framework/src/Illuminate/Pipeline/Pipeline.php(144): Illuminate\\Routing\\Router->Illuminate\\Routing\\{closure}()
#5 /media/flavio/3437-6262/Projetos/laravel_ecommerce/vendor/laravel/framework/src/Illuminate/Routing/Middleware/SubstituteBindings.php(51): Illuminate\\Pipeline\\Pipeline->Illuminate\\Pipeline\\{closure}()
#6 /media/flavio/3437-6262/Projetos/laravel_ecommerce/vendor/laravel/framework/src/Illuminate/Pipeline/Pipeline.php(183): Illuminate\\Routing\\Middleware\\SubstituteBindings->handle()
#7 /media/flavio/3437-6262/Projetos/laravel_ecommerce/vendor/laravel/framework/src/Illuminate/Foundation/Http/Middleware/VerifyCsrfToken.php(88): Illuminate\\Pipeline\\Pipeline->Illuminate\\Pipeline\\{closure}()
#8 /media/flavio/3437-6262/Projetos/laravel_ecommerce/vendor/laravel/framework/src/Illuminate/Pipeline/Pipeline.php(183): Illuminate\\Foundation\\Http\\Middleware\\VerifyCsrfToken->handle()
#9 /media/flavio/3437-6262/Projetos/laravel_ecommerce/vendor/laravel/framework/src/Illuminate/View/Middleware/ShareErrorsFromSession.php(49): Illuminate\\Pipeline\\Pipeline->Illuminate\\Pipeline\\{closure}()
#10 /media/flavio/3437-6262/Projetos/laravel_ecommerce/vendor/laravel/framework/src/Illuminate/Pipeline/Pipeline.php(183): Illuminate\\View\\Middleware\\ShareErrorsFromSession->handle()
#11 /media/flavio/3437-6262/Projetos/laravel_ecommerce/vendor/laravel/framework/src/Illuminate/Session/Middleware/StartSession.php(121): Illuminate\\Pipeline\\Pipeline->Illuminate\\Pipeline\\{closure}()
#12 /media/flavio/3437-6262/Projetos/laravel_ecommerce/vendor/laravel/framework/src/Illuminate/Session/Middleware/StartSession.php(64): Illuminate\\Session\\Middleware\\StartSession->handleStatefulRequest()
#13 /media/flavio/3437-6262/Projetos/laravel_ecommerce/vendor/laravel/framework/src/Illuminate/Pipeline/Pipeline.php(183): Illuminate\\Session\\Middleware\\StartSession->handle()
#14 /media/flavio/3437-6262/Projetos/laravel_ecommerce/vendor/laravel/framework/src/Illuminate/Cookie/Middleware/AddQueuedCookiesToResponse.php(37): Illuminate\\Pipeline\\Pipeline->Illuminate\\Pipeline\\{closure}()
#15 /media/flavio/3437-6262/Projetos/laravel_ecommerce/vendor/laravel/framework/src/Illuminate/Pipeline/Pipeline.php(183): Illuminate\\Cookie\\Middleware\\AddQueuedCookiesToResponse->handle()
#16 /media/flavio/3437-6262/Projetos/laravel_ecommerce/vendor/laravel/framework/src/Illuminate/Cookie/Middleware/EncryptCookies.php(75): Illuminate\\Pipeline\\Pipeline->Illuminate\\Pipeline\\{closure}()
#17 /media/flavio/3437-6262/Projetos/laravel_ecommerce/vendor/laravel/framework/src/Illuminate/Pipeline/Pipeline.php(183): Illuminate\\Cookie\\Middleware\\EncryptCookies->handle()
#18 /media/flavio/3437-6262/Projetos/laravel_ecommerce/vendor/laravel/framework/src/Illuminate/Pipeline/Pipeline.php(119): Illuminate\\Pipeline\\Pipeline->Illuminate\\Pipeline\\{closure}()
#19 /media/flavio/3437-6262/Projetos/laravel_ecommerce/vendor/laravel/framework/src/Illuminate/Routing/Router.php(807): Illuminate\\Pipeline\\Pipeline->then()
#20 /media/flavio/3437-6262/Projetos/laravel_ecommerce/vendor/laravel/framework/src/Illuminate/Routing/Router.php(786): Illuminate\\Routing\\Router->runRouteWithinStack()
#21 /media/flavio/3437-6262/Projetos/laravel_ecommerce/vendor/laravel/framework/src/Illuminate/Routing/Router.php(750): Illuminate\\Routing\\Router->runRoute()
#22 /media/flavio/3437-6262/Projetos/laravel_ecommerce/vendor/laravel/framework/src/Illuminate/Routing/Router.php(739): Illuminate\\Routing\\Router->dispatchToRoute()
#23 /media/flavio/3437-6262/Projetos/laravel_ecommerce/vendor/laravel/framework/src/Illuminate/Foundation/Http/Kernel.php(201): Illuminate\\Routing\\Router->dispatch()
#24 /media/flavio/3437-6262/Projetos/laravel_ecommerce/vendor/laravel/framework/src/Illuminate/Pipeline/Pipeline.php(144): Illuminate\\Foundation\\Http\\Kernel->Illuminate\\Foundation\\Http\\{closure}()
#25 /media/flavio/3437-6262/Projetos/laravel_ecommerce/vendor/laravel/framework/src/Illuminate/Foundation/Http/Middleware/TransformsRequest.php(21): Illuminate\\Pipeline\\Pipeline->Illuminate\\Pipeline\\{closure}()
#26 /media/flavio/3437-6262/Projetos/laravel_ecommerce/vendor/laravel/framework/src/Illuminate/Foundation/Http/Middleware/ConvertEmptyStringsToNull.php(31): Illuminate\\Foundation\\Http\\Middleware\\TransformsRequest->handle()
#27 /media/flavio/3437-6262/Projetos/laravel_ecommerce/vendor/laravel/framework/src/Illuminate/Pipeline/Pipeline.php(183): Illuminate\\Foundation\\Http\\Middleware\\ConvertEmptyStringsToNull->handle()
#28 /media/flavio/3437-6262/Projetos/laravel_ecommerce/vendor/laravel/framework/src/Illuminate/Foundation/Http/Middleware/TransformsRequest.php(21): Illuminate\\Pipeline\\Pipeline->Illuminate\\Pipeline\\{closure}()
#29 /media/flavio/3437-6262/Projetos/laravel_ecommerce/vendor/laravel/framework/src/Illuminate/Foundation/Http/Middleware/TrimStrings.php(51): Illuminate\\Foundation\\Http\\Middleware\\TransformsRequest->handle()
#30 /media/flavio/3437-6262/Projetos/laravel_ecommerce/vendor/laravel/framework/src/Illuminate/Pipeline/Pipeline.php(183): Illuminate\\Foundation\\Http\\Middleware\\TrimStrings->handle()
#31 /media/flavio/3437-6262/Projetos/laravel_ecommerce/vendor/laravel/framework/src/Illuminate/Http/Middleware/ValidatePostSize.php(27): Illuminate\\Pipeline\\Pipeline->Illuminate\\Pipeline\\{closure}()
#32 /media/flavio/3437-6262/Projetos/laravel_ecommerce/vendor/laravel/framework/src/Illuminate/Pipeline/Pipeline.php(183): Illuminate\\Http\\Middleware\\ValidatePostSize->handle()
#33 /media/flavio/3437-6262/Projetos/laravel_ecommerce/vendor/laravel/framework/src/Illuminate/Foundation/Http/Middleware/PreventRequestsDuringMaintenance.php(110): Illuminate\\Pipeline\\Pipeline->Illuminate\\Pipeline\\{closure}()
#34 /media/flavio/3437-6262/Projetos/laravel_ecommerce/vendor/laravel/framework/src/Illuminate/Pipeline/Pipeline.php(183): Illuminate\\Foundation\\Http\\Middleware\\PreventRequestsDuringMaintenance->handle()
#35 /media/flavio/3437-6262/Projetos/laravel_ecommerce/vendor/laravel/framework/src/Illuminate/Http/Middleware/HandleCors.php(49): Illuminate\\Pipeline\\Pipeline->Illuminate\\Pipeline\\{closure}()
#36 /media/flavio/3437-6262/Projetos/laravel_ecommerce/vendor/laravel/framework/src/Illuminate/Pipeline/Pipeline.php(183): Illuminate\\Http\\Middleware\\HandleCors->handle()
#37 /media/flavio/3437-6262/Projetos/laravel_ecommerce/vendor/laravel/framework/src/Illuminate/Http/Middleware/TrustProxies.php(58): Illuminate\\Pipeline\\Pipeline->Illuminate\\Pipeline\\{closure}()
#38 /media/flavio/3437-6262/Projetos/laravel_ecommerce/vendor/laravel/framework/src/Illuminate/Pipeline/Pipeline.php(183): Illuminate\\Http\\Middleware\\TrustProxies->handle()
#39 /media/flavio/3437-6262/Projetos/laravel_ecommerce/vendor/laravel/framework/src/Illuminate/Foundation/Http/Middleware/InvokeDeferredCallbacks.php(22): Illuminate\\Pipeline\\Pipeline->Illuminate\\Pipeline\\{closure}()
#40 /media/flavio/3437-6262/Projetos/laravel_ecommerce/vendor/laravel/framework/src/Illuminate/Pipeline/Pipeline.php(183): Illuminate\\Foundation\\Http\\Middleware\\InvokeDeferredCallbacks->handle()
#41 /media/flavio/3437-6262/Projetos/laravel_ecommerce/vendor/laravel/framework/src/Illuminate/Pipeline/Pipeline.php(119): Illuminate\\Pipeline\\Pipeline->Illuminate\\Pipeline\\{closure}()
#42 /media/flavio/3437-6262/Projetos/laravel_ecommerce/vendor/laravel/framework/src/Illuminate/Foundation/Http/Kernel.php(176): Illuminate\\Pipeline\\Pipeline->then()
#43 /media/flavio/3437-6262/Projetos/laravel_ecommerce/vendor/laravel/framework/src/Illuminate/Foundation/Http/Kernel.php(145): Illuminate\\Foundation\\Http\\Kernel->sendRequestThroughRouter()
#44 /media/flavio/3437-6262/Projetos/laravel_ecommerce/vendor/laravel/framework/src/Illuminate/Foundation/Application.php(1190): Illuminate\\Foundation\\Http\\Kernel->handle()
#45 /media/flavio/3437-6262/Projetos/laravel_ecommerce/public/index.php(17): Illuminate\\Foundation\\Application->handleRequest()
#46 /media/flavio/3437-6262/Projetos/laravel_ecommerce/vendor/laravel/framework/src/Illuminate/Foundation/resources/server.php(23): require_once('...')
#47 {main}
"} 
[2024-12-31 19:00:01] local.ERROR: Class "App\Model\User" not found {"exception":"[object] (Error(code: 0): Class \"App\\Model\\User\" not found at /media/flavio/3437-6262/Projetos/laravel_ecommerce/routes/web.php:19)
[stacktrace]
#0 /media/flavio/3437-6262/Projetos/laravel_ecommerce/vendor/laravel/framework/src/Illuminate/Routing/CallableDispatcher.php(40): Illuminate\\Routing\\RouteFileRegistrar->{closure}()
#1 /media/flavio/3437-6262/Projetos/laravel_ecommerce/vendor/laravel/framework/src/Illuminate/Routing/Route.php(244): Illuminate\\Routing\\CallableDispatcher->dispatch()
#2 /media/flavio/3437-6262/Projetos/laravel_ecommerce/vendor/laravel/framework/src/Illuminate/Routing/Route.php(215): Illuminate\\Routing\\Route->runCallable()
#3 /media/flavio/3437-6262/Projetos/laravel_ecommerce/vendor/laravel/framework/src/Illuminate/Routing/Router.php(808): Illuminate\\Routing\\Route->run()
#4 /media/flavio/3437-6262/Projetos/laravel_ecommerce/vendor/laravel/framework/src/Illuminate/Pipeline/Pipeline.php(144): Illuminate\\Routing\\Router->Illuminate\\Routing\\{closure}()
#5 /media/flavio/3437-6262/Projetos/laravel_ecommerce/vendor/laravel/framework/src/Illuminate/Routing/Middleware/SubstituteBindings.php(51): Illuminate\\Pipeline\\Pipeline->Illuminate\\Pipeline\\{closure}()
#6 /media/flavio/3437-6262/Projetos/laravel_ecommerce/vendor/laravel/framework/src/Illuminate/Pipeline/Pipeline.php(183): Illuminate\\Routing\\Middleware\\SubstituteBindings->handle()
#7 /media/flavio/3437-6262/Projetos/laravel_ecommerce/vendor/laravel/framework/src/Illuminate/Foundation/Http/Middleware/VerifyCsrfToken.php(88): Illuminate\\Pipeline\\Pipeline->Illuminate\\Pipeline\\{closure}()
#8 /media/flavio/3437-6262/Projetos/laravel_ecommerce/vendor/laravel/framework/src/Illuminate/Pipeline/Pipeline.php(183): Illuminate\\Foundation\\Http\\Middleware\\VerifyCsrfToken->handle()
#9 /media/flavio/3437-6262/Projetos/laravel_ecommerce/vendor/laravel/framework/src/Illuminate/View/Middleware/ShareErrorsFromSession.php(49): Illuminate\\Pipeline\\Pipeline->Illuminate\\Pipeline\\{closure}()
#10 /media/flavio/3437-6262/Projetos/laravel_ecommerce/vendor/laravel/framework/src/Illuminate/Pipeline/Pipeline.php(183): Illuminate\\View\\Middleware\\ShareErrorsFromSession->handle()
#11 /media/flavio/3437-6262/Projetos/laravel_ecommerce/vendor/laravel/framework/src/Illuminate/Session/Middleware/StartSession.php(121): Illuminate\\Pipeline\\Pipeline->Illuminate\\Pipeline\\{closure}()
#12 /media/flavio/3437-6262/Projetos/laravel_ecommerce/vendor/laravel/framework/src/Illuminate/Session/Middleware/StartSession.php(64): Illuminate\\Session\\Middleware\\StartSession->handleStatefulRequest()
#13 /media/flavio/3437-6262/Projetos/laravel_ecommerce/vendor/laravel/framework/src/Illuminate/Pipeline/Pipeline.php(183): Illuminate\\Session\\Middleware\\StartSession->handle()
#14 /media/flavio/3437-6262/Projetos/laravel_ecommerce/vendor/laravel/framework/src/Illuminate/Cookie/Middleware/AddQueuedCookiesToResponse.php(37): Illuminate\\Pipeline\\Pipeline->Illuminate\\Pipeline\\{closure}()
#15 /media/flavio/3437-6262/Projetos/laravel_ecommerce/vendor/laravel/framework/src/Illuminate/Pipeline/Pipeline.php(183): Illuminate\\Cookie\\Middleware\\AddQueuedCookiesToResponse->handle()
#16 /media/flavio/3437-6262/Projetos/laravel_ecommerce/vendor/laravel/framework/src/Illuminate/Cookie/Middleware/EncryptCookies.php(75): Illuminate\\Pipeline\\Pipeline->Illuminate\\Pipeline\\{closure}()
#17 /media/flavio/3437-6262/Projetos/laravel_ecommerce/vendor/laravel/framework/src/Illuminate/Pipeline/Pipeline.php(183): Illuminate\\Cookie\\Middleware\\EncryptCookies->handle()
#18 /media/flavio/3437-6262/Projetos/laravel_ecommerce/vendor/laravel/framework/src/Illuminate/Pipeline/Pipeline.php(119): Illuminate\\Pipeline\\Pipeline->Illuminate\\Pipeline\\{closure}()
#19 /media/flavio/3437-6262/Projetos/laravel_ecommerce/vendor/laravel/framework/src/Illuminate/Routing/Router.php(807): Illuminate\\Pipeline\\Pipeline->then()
#20 /media/flavio/3437-6262/Projetos/laravel_ecommerce/vendor/laravel/framework/src/Illuminate/Routing/Router.php(786): Illuminate\\Routing\\Router->runRouteWithinStack()
#21 /media/flavio/3437-6262/Projetos/laravel_ecommerce/vendor/laravel/framework/src/Illuminate/Routing/Router.php(750): Illuminate\\Routing\\Router->runRoute()
#22 /media/flavio/3437-6262/Projetos/laravel_ecommerce/vendor/laravel/framework/src/Illuminate/Routing/Router.php(739): Illuminate\\Routing\\Router->dispatchToRoute()
#23 /media/flavio/3437-6262/Projetos/laravel_ecommerce/vendor/laravel/framework/src/Illuminate/Foundation/Http/Kernel.php(201): Illuminate\\Routing\\Router->dispatch()
#24 /media/flavio/3437-6262/Projetos/laravel_ecommerce/vendor/laravel/framework/src/Illuminate/Pipeline/Pipeline.php(144): Illuminate\\Foundation\\Http\\Kernel->Illuminate\\Foundation\\Http\\{closure}()
#25 /media/flavio/3437-6262/Projetos/laravel_ecommerce/vendor/laravel/framework/src/Illuminate/Foundation/Http/Middleware/TransformsRequest.php(21): Illuminate\\Pipeline\\Pipeline->Illuminate\\Pipeline\\{closure}()
#26 /media/flavio/3437-6262/Projetos/laravel_ecommerce/vendor/laravel/framework/src/Illuminate/Foundation/Http/Middleware/ConvertEmptyStringsToNull.php(31): Illuminate\\Foundation\\Http\\Middleware\\TransformsRequest->handle()
#27 /media/flavio/3437-6262/Projetos/laravel_ecommerce/vendor/laravel/framework/src/Illuminate/Pipeline/Pipeline.php(183): Illuminate\\Foundation\\Http\\Middleware\\ConvertEmptyStringsToNull->handle()
#28 /media/flavio/3437-6262/Projetos/laravel_ecommerce/vendor/laravel/framework/src/Illuminate/Foundation/Http/Middleware/TransformsRequest.php(21): Illuminate\\Pipeline\\Pipeline->Illuminate\\Pipeline\\{closure}()
#29 /media/flavio/3437-6262/Projetos/laravel_ecommerce/vendor/laravel/framework/src/Illuminate/Foundation/Http/Middleware/TrimStrings.php(51): Illuminate\\Foundation\\Http\\Middleware\\TransformsRequest->handle()
#30 /media/flavio/3437-6262/Projetos/laravel_ecommerce/vendor/laravel/framework/src/Illuminate/Pipeline/Pipeline.php(183): Illuminate\\Foundation\\Http\\Middleware\\TrimStrings->handle()
#31 /media/flavio/3437-6262/Projetos/laravel_ecommerce/vendor/laravel/framework/src/Illuminate/Http/Middleware/ValidatePostSize.php(27): Illuminate\\Pipeline\\Pipeline->Illuminate\\Pipeline\\{closure}()
#32 /media/flavio/3437-6262/Projetos/laravel_ecommerce/vendor/laravel/framework/src/Illuminate/Pipeline/Pipeline.php(183): Illuminate\\Http\\Middleware\\ValidatePostSize->handle()
#33 /media/flavio/3437-6262/Projetos/laravel_ecommerce/vendor/laravel/framework/src/Illuminate/Foundation/Http/Middleware/PreventRequestsDuringMaintenance.php(110): Illuminate\\Pipeline\\Pipeline->Illuminate\\Pipeline\\{closure}()
#34 /media/flavio/3437-6262/Projetos/laravel_ecommerce/vendor/laravel/framework/src/Illuminate/Pipeline/Pipeline.php(183): Illuminate\\Foundation\\Http\\Middleware\\PreventRequestsDuringMaintenance->handle()
#35 /media/flavio/3437-6262/Projetos/laravel_ecommerce/vendor/laravel/framework/src/Illuminate/Http/Middleware/HandleCors.php(49): Illuminate\\Pipeline\\Pipeline->Illuminate\\Pipeline\\{closure}()
#36 /media/flavio/3437-6262/Projetos/laravel_ecommerce/vendor/laravel/framework/src/Illuminate/Pipeline/Pipeline.php(183): Illuminate\\Http\\Middleware\\HandleCors->handle()
#37 /media/flavio/3437-6262/Projetos/laravel_ecommerce/vendor/laravel/framework/src/Illuminate/Http/Middleware/TrustProxies.php(58): Illuminate\\Pipeline\\Pipeline->Illuminate\\Pipeline\\{closure}()
#38 /media/flavio/3437-6262/Projetos/laravel_ecommerce/vendor/laravel/framework/src/Illuminate/Pipeline/Pipeline.php(183): Illuminate\\Http\\Middleware\\TrustProxies->handle()
#39 /media/flavio/3437-6262/Projetos/laravel_ecommerce/vendor/laravel/framework/src/Illuminate/Foundation/Http/Middleware/InvokeDeferredCallbacks.php(22): Illuminate\\Pipeline\\Pipeline->Illuminate\\Pipeline\\{closure}()
#40 /media/flavio/3437-6262/Projetos/laravel_ecommerce/vendor/laravel/framework/src/Illuminate/Pipeline/Pipeline.php(183): Illuminate\\Foundation\\Http\\Middleware\\InvokeDeferredCallbacks->handle()
#41 /media/flavio/3437-6262/Projetos/laravel_ecommerce/vendor/laravel/framework/src/Illuminate/Pipeline/Pipeline.php(119): Illuminate\\Pipeline\\Pipeline->Illuminate\\Pipeline\\{closure}()
#42 /media/flavio/3437-6262/Projetos/laravel_ecommerce/vendor/laravel/framework/src/Illuminate/Foundation/Http/Kernel.php(176): Illuminate\\Pipeline\\Pipeline->then()
#43 /media/flavio/3437-6262/Projetos/laravel_ecommerce/vendor/laravel/framework/src/Illuminate/Foundation/Http/Kernel.php(145): Illuminate\\Foundation\\Http\\Kernel->sendRequestThroughRouter()
#44 /media/flavio/3437-6262/Projetos/laravel_ecommerce/vendor/laravel/framework/src/Illuminate/Foundation/Application.php(1190): Illuminate\\Foundation\\Http\\Kernel->handle()
#45 /media/flavio/3437-6262/Projetos/laravel_ecommerce/public/index.php(17): Illuminate\\Foundation\\Application->handleRequest()
#46 /media/flavio/3437-6262/Projetos/laravel_ecommerce/vendor/laravel/framework/src/Illuminate/Foundation/resources/server.php(23): require_once('...')
#47 {main}
"} 
[2025-01-01 13:57:16] local.ERROR: The "intl" PHP extension is required to use the [format] method. {"exception":"[object] (RuntimeException(code: 0): The \"intl\" PHP extension is required to use the [format] method. at /media/flavio/3437-6262/Projetos/laravel_ecommerce/vendor/laravel/framework/src/Illuminate/Support/Number.php:380)
[stacktrace]
#0 /media/flavio/3437-6262/Projetos/laravel_ecommerce/vendor/laravel/framework/src/Illuminate/Support/Number.php(38): Illuminate\\Support\\Number::ensureIntlExtensionIsInstalled()
#1 /media/flavio/3437-6262/Projetos/laravel_ecommerce/vendor/laravel/framework/src/Illuminate/Support/Number.php(168): Illuminate\\Support\\Number::format()
#2 /media/flavio/3437-6262/Projetos/laravel_ecommerce/vendor/laravel/framework/src/Illuminate/Database/Console/ShowCommand.php(177): Illuminate\\Support\\Number::fileSize()
#3 /media/flavio/3437-6262/Projetos/laravel_ecommerce/vendor/laravel/framework/src/Illuminate/Database/Console/ShowCommand.php(137): Illuminate\\Database\\Console\\ShowCommand->displayForCli()
#4 /media/flavio/3437-6262/Projetos/laravel_ecommerce/vendor/laravel/framework/src/Illuminate/Database/Console/ShowCommand.php(66): Illuminate\\Database\\Console\\ShowCommand->display()
#5 /media/flavio/3437-6262/Projetos/laravel_ecommerce/vendor/laravel/framework/src/Illuminate/Container/BoundMethod.php(36): Illuminate\\Database\\Console\\ShowCommand->handle()
#6 /media/flavio/3437-6262/Projetos/laravel_ecommerce/vendor/laravel/framework/src/Illuminate/Container/Util.php(43): Illuminate\\Container\\BoundMethod::Illuminate\\Container\\{closure}()
#7 /media/flavio/3437-6262/Projetos/laravel_ecommerce/vendor/laravel/framework/src/Illuminate/Container/BoundMethod.php(95): Illuminate\\Container\\Util::unwrapIfClosure()
#8 /media/flavio/3437-6262/Projetos/laravel_ecommerce/vendor/laravel/framework/src/Illuminate/Container/BoundMethod.php(35): Illuminate\\Container\\BoundMethod::callBoundMethod()
#9 /media/flavio/3437-6262/Projetos/laravel_ecommerce/vendor/laravel/framework/src/Illuminate/Container/Container.php(694): Illuminate\\Container\\BoundMethod::call()
#10 /media/flavio/3437-6262/Projetos/laravel_ecommerce/vendor/laravel/framework/src/Illuminate/Console/Command.php(213): Illuminate\\Container\\Container->call()
#11 /media/flavio/3437-6262/Projetos/laravel_ecommerce/vendor/symfony/console/Command/Command.php(279): Illuminate\\Console\\Command->execute()
#12 /media/flavio/3437-6262/Projetos/laravel_ecommerce/vendor/laravel/framework/src/Illuminate/Console/Command.php(182): Symfony\\Component\\Console\\Command\\Command->run()
#13 /media/flavio/3437-6262/Projetos/laravel_ecommerce/vendor/symfony/console/Application.php(1094): Illuminate\\Console\\Command->run()
#14 /media/flavio/3437-6262/Projetos/laravel_ecommerce/vendor/symfony/console/Application.php(342): Symfony\\Component\\Console\\Application->doRunCommand()
#15 /media/flavio/3437-6262/Projetos/laravel_ecommerce/vendor/symfony/console/Application.php(193): Symfony\\Component\\Console\\Application->doRun()
#16 /media/flavio/3437-6262/Projetos/laravel_ecommerce/vendor/laravel/framework/src/Illuminate/Foundation/Console/Kernel.php(198): Symfony\\Component\\Console\\Application->run()
#17 /media/flavio/3437-6262/Projetos/laravel_ecommerce/vendor/laravel/framework/src/Illuminate/Foundation/Application.php(1205): Illuminate\\Foundation\\Console\\Kernel->handle()
#18 /media/flavio/3437-6262/Projetos/laravel_ecommerce/artisan(13): Illuminate\\Foundation\\Application->handleCommand()
#19 {main}
"} 
[2025-01-01 14:03:23] local.ERROR: Call to undefined function Database\Seeders\factory() {"exception":"[object] (Error(code: 0): Call to undefined function Database\\Seeders\\factory() at /media/flavio/3437-6262/Projetos/laravel_ecommerce/database/seeders/UsersTableSeeder.php:25)
[stacktrace]
#0 /media/flavio/3437-6262/Projetos/laravel_ecommerce/vendor/laravel/framework/src/Illuminate/Container/BoundMethod.php(36): Database\\Seeders\\UsersTableSeeder->run()
#1 /media/flavio/3437-6262/Projetos/laravel_ecommerce/vendor/laravel/framework/src/Illuminate/Container/Util.php(43): Illuminate\\Container\\BoundMethod::Illuminate\\Container\\{closure}()
#2 /media/flavio/3437-6262/Projetos/laravel_ecommerce/vendor/laravel/framework/src/Illuminate/Container/BoundMethod.php(95): Illuminate\\Container\\Util::unwrapIfClosure()
#3 /media/flavio/3437-6262/Projetos/laravel_ecommerce/vendor/laravel/framework/src/Illuminate/Container/BoundMethod.php(35): Illuminate\\Container\\BoundMethod::callBoundMethod()
#4 /media/flavio/3437-6262/Projetos/laravel_ecommerce/vendor/laravel/framework/src/Illuminate/Container/Container.php(694): Illuminate\\Container\\BoundMethod::call()
#5 /media/flavio/3437-6262/Projetos/laravel_ecommerce/vendor/laravel/framework/src/Illuminate/Database/Seeder.php(184): Illuminate\\Container\\Container->call()
#6 /media/flavio/3437-6262/Projetos/laravel_ecommerce/vendor/laravel/framework/src/Illuminate/Database/Seeder.php(193): Illuminate\\Database\\Seeder->Illuminate\\Database\\{closure}()
#7 /media/flavio/3437-6262/Projetos/laravel_ecommerce/vendor/laravel/framework/src/Illuminate/Database/Console/Seeds/SeedCommand.php(70): Illuminate\\Database\\Seeder->__invoke()
#8 /media/flavio/3437-6262/Projetos/laravel_ecommerce/vendor/laravel/framework/src/Illuminate/Database/Eloquent/Concerns/GuardsAttributes.php(155): Illuminate\\Database\\Console\\Seeds\\SeedCommand->Illuminate\\Database\\Console\\Seeds\\{closure}()
#9 /media/flavio/3437-6262/Projetos/laravel_ecommerce/vendor/laravel/framework/src/Illuminate/Database/Console/Seeds/SeedCommand.php(69): Illuminate\\Database\\Eloquent\\Model::unguarded()
#10 /media/flavio/3437-6262/Projetos/laravel_ecommerce/vendor/laravel/framework/src/Illuminate/Container/BoundMethod.php(36): Illuminate\\Database\\Console\\Seeds\\SeedCommand->handle()
#11 /media/flavio/3437-6262/Projetos/laravel_ecommerce/vendor/laravel/framework/src/Illuminate/Container/Util.php(43): Illuminate\\Container\\BoundMethod::Illuminate\\Container\\{closure}()
#12 /media/flavio/3437-6262/Projetos/laravel_ecommerce/vendor/laravel/framework/src/Illuminate/Container/BoundMethod.php(95): Illuminate\\Container\\Util::unwrapIfClosure()
#13 /media/flavio/3437-6262/Projetos/laravel_ecommerce/vendor/laravel/framework/src/Illuminate/Container/BoundMethod.php(35): Illuminate\\Container\\BoundMethod::callBoundMethod()
#14 /media/flavio/3437-6262/Projetos/laravel_ecommerce/vendor/laravel/framework/src/Illuminate/Container/Container.php(694): Illuminate\\Container\\BoundMethod::call()
#15 /media/flavio/3437-6262/Projetos/laravel_ecommerce/vendor/laravel/framework/src/Illuminate/Console/Command.php(213): Illuminate\\Container\\Container->call()
#16 /media/flavio/3437-6262/Projetos/laravel_ecommerce/vendor/symfony/console/Command/Command.php(279): Illuminate\\Console\\Command->execute()
#17 /media/flavio/3437-6262/Projetos/laravel_ecommerce/vendor/laravel/framework/src/Illuminate/Console/Command.php(182): Symfony\\Component\\Console\\Command\\Command->run()
#18 /media/flavio/3437-6262/Projetos/laravel_ecommerce/vendor/symfony/console/Application.php(1094): Illuminate\\Console\\Command->run()
#19 /media/flavio/3437-6262/Projetos/laravel_ecommerce/vendor/symfony/console/Application.php(342): Symfony\\Component\\Console\\Application->doRunCommand()
#20 /media/flavio/3437-6262/Projetos/laravel_ecommerce/vendor/symfony/console/Application.php(193): Symfony\\Component\\Console\\Application->doRun()
#21 /media/flavio/3437-6262/Projetos/laravel_ecommerce/vendor/laravel/framework/src/Illuminate/Foundation/Console/Kernel.php(198): Symfony\\Component\\Console\\Application->run()
#22 /media/flavio/3437-6262/Projetos/laravel_ecommerce/vendor/laravel/framework/src/Illuminate/Foundation/Application.php(1205): Illuminate\\Foundation\\Console\\Kernel->handle()
#23 /media/flavio/3437-6262/Projetos/laravel_ecommerce/artisan(13): Illuminate\\Foundation\\Application->handleCommand()
#24 {main}
"} 
[2025-01-01 14:07:55] local.ERROR: SQLSTATE[23000]: Integrity constraint violation: 1062 Duplicate entry 'admin@admin.com' for key 'users.users_email_unique' (Connection: mysql, SQL: insert into `users` (`name`, `email`, `email_verified_at`, `password`, `remember_token`) values (Admnistrator, admin@admin.com, 2025-01-01 14:07:55, dfhdskfjhsdkjfhskjfhsk, okokokokokoko)) {"exception":"[object] (Illuminate\\Database\\UniqueConstraintViolationException(code: 23000): SQLSTATE[23000]: Integrity constraint violation: 1062 Duplicate entry 'admin@admin.com' for key 'users.users_email_unique' (Connection: mysql, SQL: insert into `users` (`name`, `email`, `email_verified_at`, `password`, `remember_token`) values (Admnistrator, admin@admin.com, 2025-01-01 14:07:55, dfhdskfjhsdkjfhskjfhsk, okokokokokoko)) at /media/flavio/3437-6262/Projetos/laravel_ecommerce/vendor/laravel/framework/src/Illuminate/Database/Connection.php:820)
[stacktrace]
#0 /media/flavio/3437-6262/Projetos/laravel_ecommerce/vendor/laravel/framework/src/Illuminate/Database/Connection.php(779): Illuminate\\Database\\Connection->runQueryCallback()
#1 /media/flavio/3437-6262/Projetos/laravel_ecommerce/vendor/laravel/framework/src/Illuminate/Database/MySqlConnection.php(42): Illuminate\\Database\\Connection->run()
#2 /media/flavio/3437-6262/Projetos/laravel_ecommerce/vendor/laravel/framework/src/Illuminate/Database/Query/Builder.php(3748): Illuminate\\Database\\MySqlConnection->insert()
#3 /media/flavio/3437-6262/Projetos/laravel_ecommerce/database/seeders/UsersTableSeeder.php(15): Illuminate\\Database\\Query\\Builder->insert()
#4 /media/flavio/3437-6262/Projetos/laravel_ecommerce/vendor/laravel/framework/src/Illuminate/Container/BoundMethod.php(36): Database\\Seeders\\UsersTableSeeder->run()
#5 /media/flavio/3437-6262/Projetos/laravel_ecommerce/vendor/laravel/framework/src/Illuminate/Container/Util.php(43): Illuminate\\Container\\BoundMethod::Illuminate\\Container\\{closure}()
#6 /media/flavio/3437-6262/Projetos/laravel_ecommerce/vendor/laravel/framework/src/Illuminate/Container/BoundMethod.php(95): Illuminate\\Container\\Util::unwrapIfClosure()
#7 /media/flavio/3437-6262/Projetos/laravel_ecommerce/vendor/laravel/framework/src/Illuminate/Container/BoundMethod.php(35): Illuminate\\Container\\BoundMethod::callBoundMethod()
#8 /media/flavio/3437-6262/Projetos/laravel_ecommerce/vendor/laravel/framework/src/Illuminate/Container/Container.php(694): Illuminate\\Container\\BoundMethod::call()
#9 /media/flavio/3437-6262/Projetos/laravel_ecommerce/vendor/laravel/framework/src/Illuminate/Database/Seeder.php(184): Illuminate\\Container\\Container->call()
#10 /media/flavio/3437-6262/Projetos/laravel_ecommerce/vendor/laravel/framework/src/Illuminate/Database/Seeder.php(193): Illuminate\\Database\\Seeder->Illuminate\\Database\\{closure}()
#11 /media/flavio/3437-6262/Projetos/laravel_ecommerce/vendor/laravel/framework/src/Illuminate/Database/Console/Seeds/SeedCommand.php(70): Illuminate\\Database\\Seeder->__invoke()
#12 /media/flavio/3437-6262/Projetos/laravel_ecommerce/vendor/laravel/framework/src/Illuminate/Database/Eloquent/Concerns/GuardsAttributes.php(155): Illuminate\\Database\\Console\\Seeds\\SeedCommand->Illuminate\\Database\\Console\\Seeds\\{closure}()
#13 /media/flavio/3437-6262/Projetos/laravel_ecommerce/vendor/laravel/framework/src/Illuminate/Database/Console/Seeds/SeedCommand.php(69): Illuminate\\Database\\Eloquent\\Model::unguarded()
#14 /media/flavio/3437-6262/Projetos/laravel_ecommerce/vendor/laravel/framework/src/Illuminate/Container/BoundMethod.php(36): Illuminate\\Database\\Console\\Seeds\\SeedCommand->handle()
#15 /media/flavio/3437-6262/Projetos/laravel_ecommerce/vendor/laravel/framework/src/Illuminate/Container/Util.php(43): Illuminate\\Container\\BoundMethod::Illuminate\\Container\\{closure}()
#16 /media/flavio/3437-6262/Projetos/laravel_ecommerce/vendor/laravel/framework/src/Illuminate/Container/BoundMethod.php(95): Illuminate\\Container\\Util::unwrapIfClosure()
#17 /media/flavio/3437-6262/Projetos/laravel_ecommerce/vendor/laravel/framework/src/Illuminate/Container/BoundMethod.php(35): Illuminate\\Container\\BoundMethod::callBoundMethod()
#18 /media/flavio/3437-6262/Projetos/laravel_ecommerce/vendor/laravel/framework/src/Illuminate/Container/Container.php(694): Illuminate\\Container\\BoundMethod::call()
#19 /media/flavio/3437-6262/Projetos/laravel_ecommerce/vendor/laravel/framework/src/Illuminate/Console/Command.php(213): Illuminate\\Container\\Container->call()
#20 /media/flavio/3437-6262/Projetos/laravel_ecommerce/vendor/symfony/console/Command/Command.php(279): Illuminate\\Console\\Command->execute()
#21 /media/flavio/3437-6262/Projetos/laravel_ecommerce/vendor/laravel/framework/src/Illuminate/Console/Command.php(182): Symfony\\Component\\Console\\Command\\Command->run()
#22 /media/flavio/3437-6262/Projetos/laravel_ecommerce/vendor/symfony/console/Application.php(1094): Illuminate\\Console\\Command->run()
#23 /media/flavio/3437-6262/Projetos/laravel_ecommerce/vendor/symfony/console/Application.php(342): Symfony\\Component\\Console\\Application->doRunCommand()
#24 /media/flavio/3437-6262/Projetos/laravel_ecommerce/vendor/symfony/console/Application.php(193): Symfony\\Component\\Console\\Application->doRun()
#25 /media/flavio/3437-6262/Projetos/laravel_ecommerce/vendor/laravel/framework/src/Illuminate/Foundation/Console/Kernel.php(198): Symfony\\Component\\Console\\Application->run()
#26 /media/flavio/3437-6262/Projetos/laravel_ecommerce/vendor/laravel/framework/src/Illuminate/Foundation/Application.php(1205): Illuminate\\Foundation\\Console\\Kernel->handle()
#27 /media/flavio/3437-6262/Projetos/laravel_ecommerce/artisan(13): Illuminate\\Foundation\\Application->handleCommand()
#28 {main}

[previous exception] [object] (PDOException(code: 23000): SQLSTATE[23000]: Integrity constraint violation: 1062 Duplicate entry 'admin@admin.com' for key 'users.users_email_unique' at /media/flavio/3437-6262/Projetos/laravel_ecommerce/vendor/laravel/framework/src/Illuminate/Database/MySqlConnection.php:53)
[stacktrace]
#0 /media/flavio/3437-6262/Projetos/laravel_ecommerce/vendor/laravel/framework/src/Illuminate/Database/MySqlConnection.php(53): PDOStatement->execute()
#1 /media/flavio/3437-6262/Projetos/laravel_ecommerce/vendor/laravel/framework/src/Illuminate/Database/Connection.php(812): Illuminate\\Database\\MySqlConnection->Illuminate\\Database\\{closure}()
#2 /media/flavio/3437-6262/Projetos/laravel_ecommerce/vendor/laravel/framework/src/Illuminate/Database/Connection.php(779): Illuminate\\Database\\Connection->runQueryCallback()
#3 /media/flavio/3437-6262/Projetos/laravel_ecommerce/vendor/laravel/framework/src/Illuminate/Database/MySqlConnection.php(42): Illuminate\\Database\\Connection->run()
#4 /media/flavio/3437-6262/Projetos/laravel_ecommerce/vendor/laravel/framework/src/Illuminate/Database/Query/Builder.php(3748): Illuminate\\Database\\MySqlConnection->insert()
#5 /media/flavio/3437-6262/Projetos/laravel_ecommerce/database/seeders/UsersTableSeeder.php(15): Illuminate\\Database\\Query\\Builder->insert()
#6 /media/flavio/3437-6262/Projetos/laravel_ecommerce/vendor/laravel/framework/src/Illuminate/Container/BoundMethod.php(36): Database\\Seeders\\UsersTableSeeder->run()
#7 /media/flavio/3437-6262/Projetos/laravel_ecommerce/vendor/laravel/framework/src/Illuminate/Container/Util.php(43): Illuminate\\Container\\BoundMethod::Illuminate\\Container\\{closure}()
#8 /media/flavio/3437-6262/Projetos/laravel_ecommerce/vendor/laravel/framework/src/Illuminate/Container/BoundMethod.php(95): Illuminate\\Container\\Util::unwrapIfClosure()
#9 /media/flavio/3437-6262/Projetos/laravel_ecommerce/vendor/laravel/framework/src/Illuminate/Container/BoundMethod.php(35): Illuminate\\Container\\BoundMethod::callBoundMethod()
#10 /media/flavio/3437-6262/Projetos/laravel_ecommerce/vendor/laravel/framework/src/Illuminate/Container/Container.php(694): Illuminate\\Container\\BoundMethod::call()
#11 /media/flavio/3437-6262/Projetos/laravel_ecommerce/vendor/laravel/framework/src/Illuminate/Database/Seeder.php(184): Illuminate\\Container\\Container->call()
#12 /media/flavio/3437-6262/Projetos/laravel_ecommerce/vendor/laravel/framework/src/Illuminate/Database/Seeder.php(193): Illuminate\\Database\\Seeder->Illuminate\\Database\\{closure}()
#13 /media/flavio/3437-6262/Projetos/laravel_ecommerce/vendor/laravel/framework/src/Illuminate/Database/Console/Seeds/SeedCommand.php(70): Illuminate\\Database\\Seeder->__invoke()
#14 /media/flavio/3437-6262/Projetos/laravel_ecommerce/vendor/laravel/framework/src/Illuminate/Database/Eloquent/Concerns/GuardsAttributes.php(155): Illuminate\\Database\\Console\\Seeds\\SeedCommand->Illuminate\\Database\\Console\\Seeds\\{closure}()
#15 /media/flavio/3437-6262/Projetos/laravel_ecommerce/vendor/laravel/framework/src/Illuminate/Database/Console/Seeds/SeedCommand.php(69): Illuminate\\Database\\Eloquent\\Model::unguarded()
#16 /media/flavio/3437-6262/Projetos/laravel_ecommerce/vendor/laravel/framework/src/Illuminate/Container/BoundMethod.php(36): Illuminate\\Database\\Console\\Seeds\\SeedCommand->handle()
#17 /media/flavio/3437-6262/Projetos/laravel_ecommerce/vendor/laravel/framework/src/Illuminate/Container/Util.php(43): Illuminate\\Container\\BoundMethod::Illuminate\\Container\\{closure}()
#18 /media/flavio/3437-6262/Projetos/laravel_ecommerce/vendor/laravel/framework/src/Illuminate/Container/BoundMethod.php(95): Illuminate\\Container\\Util::unwrapIfClosure()
#19 /media/flavio/3437-6262/Projetos/laravel_ecommerce/vendor/laravel/framework/src/Illuminate/Container/BoundMethod.php(35): Illuminate\\Container\\BoundMethod::callBoundMethod()
#20 /media/flavio/3437-6262/Projetos/laravel_ecommerce/vendor/laravel/framework/src/Illuminate/Container/Container.php(694): Illuminate\\Container\\BoundMethod::call()
#21 /media/flavio/3437-6262/Projetos/laravel_ecommerce/vendor/laravel/framework/src/Illuminate/Console/Command.php(213): Illuminate\\Container\\Container->call()
#22 /media/flavio/3437-6262/Projetos/laravel_ecommerce/vendor/symfony/console/Command/Command.php(279): Illuminate\\Console\\Command->execute()
#23 /media/flavio/3437-6262/Projetos/laravel_ecommerce/vendor/laravel/framework/src/Illuminate/Console/Command.php(182): Symfony\\Component\\Console\\Command\\Command->run()
#24 /media/flavio/3437-6262/Projetos/laravel_ecommerce/vendor/symfony/console/Application.php(1094): Illuminate\\Console\\Command->run()
#25 /media/flavio/3437-6262/Projetos/laravel_ecommerce/vendor/symfony/console/Application.php(342): Symfony\\Component\\Console\\Application->doRunCommand()
#26 /media/flavio/3437-6262/Projetos/laravel_ecommerce/vendor/symfony/console/Application.php(193): Symfony\\Component\\Console\\Application->doRun()
#27 /media/flavio/3437-6262/Projetos/laravel_ecommerce/vendor/laravel/framework/src/Illuminate/Foundation/Console/Kernel.php(198): Symfony\\Component\\Console\\Application->run()
#28 /media/flavio/3437-6262/Projetos/laravel_ecommerce/vendor/laravel/framework/src/Illuminate/Foundation/Application.php(1205): Illuminate\\Foundation\\Console\\Kernel->handle()
#29 /media/flavio/3437-6262/Projetos/laravel_ecommerce/artisan(13): Illuminate\\Foundation\\Application->handleCommand()
#30 {main}
"} 
[2025-01-01 14:12:17] local.ERROR: SQLSTATE[23000]: Integrity constraint violation: 1062 Duplicate entry 'admin@admin.com' for key 'users.users_email_unique' (Connection: mysql, SQL: insert into `users` (`name`, `email`, `email_verified_at`, `password`, `remember_token`) values (Admnistrator, admin@admin.com, 2025-01-01 14:12:17, dfhdskfjhsdkjfhskjfhsk, okokokokokoko)) {"exception":"[object] (Illuminate\\Database\\UniqueConstraintViolationException(code: 23000): SQLSTATE[23000]: Integrity constraint violation: 1062 Duplicate entry 'admin@admin.com' for key 'users.users_email_unique' (Connection: mysql, SQL: insert into `users` (`name`, `email`, `email_verified_at`, `password`, `remember_token`) values (Admnistrator, admin@admin.com, 2025-01-01 14:12:17, dfhdskfjhsdkjfhskjfhsk, okokokokokoko)) at /media/flavio/3437-6262/Projetos/laravel_ecommerce/vendor/laravel/framework/src/Illuminate/Database/Connection.php:820)
[stacktrace]
#0 /media/flavio/3437-6262/Projetos/laravel_ecommerce/vendor/laravel/framework/src/Illuminate/Database/Connection.php(779): Illuminate\\Database\\Connection->runQueryCallback()
#1 /media/flavio/3437-6262/Projetos/laravel_ecommerce/vendor/laravel/framework/src/Illuminate/Database/MySqlConnection.php(42): Illuminate\\Database\\Connection->run()
#2 /media/flavio/3437-6262/Projetos/laravel_ecommerce/vendor/laravel/framework/src/Illuminate/Database/Query/Builder.php(3748): Illuminate\\Database\\MySqlConnection->insert()
#3 /media/flavio/3437-6262/Projetos/laravel_ecommerce/database/seeders/UsersTableSeeder.php(15): Illuminate\\Database\\Query\\Builder->insert()
#4 /media/flavio/3437-6262/Projetos/laravel_ecommerce/vendor/laravel/framework/src/Illuminate/Container/BoundMethod.php(36): Database\\Seeders\\UsersTableSeeder->run()
#5 /media/flavio/3437-6262/Projetos/laravel_ecommerce/vendor/laravel/framework/src/Illuminate/Container/Util.php(43): Illuminate\\Container\\BoundMethod::Illuminate\\Container\\{closure}()
#6 /media/flavio/3437-6262/Projetos/laravel_ecommerce/vendor/laravel/framework/src/Illuminate/Container/BoundMethod.php(95): Illuminate\\Container\\Util::unwrapIfClosure()
#7 /media/flavio/3437-6262/Projetos/laravel_ecommerce/vendor/laravel/framework/src/Illuminate/Container/BoundMethod.php(35): Illuminate\\Container\\BoundMethod::callBoundMethod()
#8 /media/flavio/3437-6262/Projetos/laravel_ecommerce/vendor/laravel/framework/src/Illuminate/Container/Container.php(694): Illuminate\\Container\\BoundMethod::call()
#9 /media/flavio/3437-6262/Projetos/laravel_ecommerce/vendor/laravel/framework/src/Illuminate/Database/Seeder.php(184): Illuminate\\Container\\Container->call()
#10 /media/flavio/3437-6262/Projetos/laravel_ecommerce/vendor/laravel/framework/src/Illuminate/Database/Seeder.php(193): Illuminate\\Database\\Seeder->Illuminate\\Database\\{closure}()
#11 /media/flavio/3437-6262/Projetos/laravel_ecommerce/vendor/laravel/framework/src/Illuminate/Database/Console/Seeds/SeedCommand.php(70): Illuminate\\Database\\Seeder->__invoke()
#12 /media/flavio/3437-6262/Projetos/laravel_ecommerce/vendor/laravel/framework/src/Illuminate/Database/Eloquent/Concerns/GuardsAttributes.php(155): Illuminate\\Database\\Console\\Seeds\\SeedCommand->Illuminate\\Database\\Console\\Seeds\\{closure}()
#13 /media/flavio/3437-6262/Projetos/laravel_ecommerce/vendor/laravel/framework/src/Illuminate/Database/Console/Seeds/SeedCommand.php(69): Illuminate\\Database\\Eloquent\\Model::unguarded()
#14 /media/flavio/3437-6262/Projetos/laravel_ecommerce/vendor/laravel/framework/src/Illuminate/Container/BoundMethod.php(36): Illuminate\\Database\\Console\\Seeds\\SeedCommand->handle()
#15 /media/flavio/3437-6262/Projetos/laravel_ecommerce/vendor/laravel/framework/src/Illuminate/Container/Util.php(43): Illuminate\\Container\\BoundMethod::Illuminate\\Container\\{closure}()
#16 /media/flavio/3437-6262/Projetos/laravel_ecommerce/vendor/laravel/framework/src/Illuminate/Container/BoundMethod.php(95): Illuminate\\Container\\Util::unwrapIfClosure()
#17 /media/flavio/3437-6262/Projetos/laravel_ecommerce/vendor/laravel/framework/src/Illuminate/Container/BoundMethod.php(35): Illuminate\\Container\\BoundMethod::callBoundMethod()
#18 /media/flavio/3437-6262/Projetos/laravel_ecommerce/vendor/laravel/framework/src/Illuminate/Container/Container.php(694): Illuminate\\Container\\BoundMethod::call()
#19 /media/flavio/3437-6262/Projetos/laravel_ecommerce/vendor/laravel/framework/src/Illuminate/Console/Command.php(213): Illuminate\\Container\\Container->call()
#20 /media/flavio/3437-6262/Projetos/laravel_ecommerce/vendor/symfony/console/Command/Command.php(279): Illuminate\\Console\\Command->execute()
#21 /media/flavio/3437-6262/Projetos/laravel_ecommerce/vendor/laravel/framework/src/Illuminate/Console/Command.php(182): Symfony\\Component\\Console\\Command\\Command->run()
#22 /media/flavio/3437-6262/Projetos/laravel_ecommerce/vendor/symfony/console/Application.php(1094): Illuminate\\Console\\Command->run()
#23 /media/flavio/3437-6262/Projetos/laravel_ecommerce/vendor/symfony/console/Application.php(342): Symfony\\Component\\Console\\Application->doRunCommand()
#24 /media/flavio/3437-6262/Projetos/laravel_ecommerce/vendor/symfony/console/Application.php(193): Symfony\\Component\\Console\\Application->doRun()
#25 /media/flavio/3437-6262/Projetos/laravel_ecommerce/vendor/laravel/framework/src/Illuminate/Foundation/Console/Kernel.php(198): Symfony\\Component\\Console\\Application->run()
#26 /media/flavio/3437-6262/Projetos/laravel_ecommerce/vendor/laravel/framework/src/Illuminate/Foundation/Application.php(1205): Illuminate\\Foundation\\Console\\Kernel->handle()
#27 /media/flavio/3437-6262/Projetos/laravel_ecommerce/artisan(13): Illuminate\\Foundation\\Application->handleCommand()
#28 {main}

[previous exception] [object] (PDOException(code: 23000): SQLSTATE[23000]: Integrity constraint violation: 1062 Duplicate entry 'admin@admin.com' for key 'users.users_email_unique' at /media/flavio/3437-6262/Projetos/laravel_ecommerce/vendor/laravel/framework/src/Illuminate/Database/MySqlConnection.php:53)
[stacktrace]
#0 /media/flavio/3437-6262/Projetos/laravel_ecommerce/vendor/laravel/framework/src/Illuminate/Database/MySqlConnection.php(53): PDOStatement->execute()
#1 /media/flavio/3437-6262/Projetos/laravel_ecommerce/vendor/laravel/framework/src/Illuminate/Database/Connection.php(812): Illuminate\\Database\\MySqlConnection->Illuminate\\Database\\{closure}()
#2 /media/flavio/3437-6262/Projetos/laravel_ecommerce/vendor/laravel/framework/src/Illuminate/Database/Connection.php(779): Illuminate\\Database\\Connection->runQueryCallback()
#3 /media/flavio/3437-6262/Projetos/laravel_ecommerce/vendor/laravel/framework/src/Illuminate/Database/MySqlConnection.php(42): Illuminate\\Database\\Connection->run()
#4 /media/flavio/3437-6262/Projetos/laravel_ecommerce/vendor/laravel/framework/src/Illuminate/Database/Query/Builder.php(3748): Illuminate\\Database\\MySqlConnection->insert()
#5 /media/flavio/3437-6262/Projetos/laravel_ecommerce/database/seeders/UsersTableSeeder.php(15): Illuminate\\Database\\Query\\Builder->insert()
#6 /media/flavio/3437-6262/Projetos/laravel_ecommerce/vendor/laravel/framework/src/Illuminate/Container/BoundMethod.php(36): Database\\Seeders\\UsersTableSeeder->run()
#7 /media/flavio/3437-6262/Projetos/laravel_ecommerce/vendor/laravel/framework/src/Illuminate/Container/Util.php(43): Illuminate\\Container\\BoundMethod::Illuminate\\Container\\{closure}()
#8 /media/flavio/3437-6262/Projetos/laravel_ecommerce/vendor/laravel/framework/src/Illuminate/Container/BoundMethod.php(95): Illuminate\\Container\\Util::unwrapIfClosure()
#9 /media/flavio/3437-6262/Projetos/laravel_ecommerce/vendor/laravel/framework/src/Illuminate/Container/BoundMethod.php(35): Illuminate\\Container\\BoundMethod::callBoundMethod()
#10 /media/flavio/3437-6262/Projetos/laravel_ecommerce/vendor/laravel/framework/src/Illuminate/Container/Container.php(694): Illuminate\\Container\\BoundMethod::call()
#11 /media/flavio/3437-6262/Projetos/laravel_ecommerce/vendor/laravel/framework/src/Illuminate/Database/Seeder.php(184): Illuminate\\Container\\Container->call()
#12 /media/flavio/3437-6262/Projetos/laravel_ecommerce/vendor/laravel/framework/src/Illuminate/Database/Seeder.php(193): Illuminate\\Database\\Seeder->Illuminate\\Database\\{closure}()
#13 /media/flavio/3437-6262/Projetos/laravel_ecommerce/vendor/laravel/framework/src/Illuminate/Database/Console/Seeds/SeedCommand.php(70): Illuminate\\Database\\Seeder->__invoke()
#14 /media/flavio/3437-6262/Projetos/laravel_ecommerce/vendor/laravel/framework/src/Illuminate/Database/Eloquent/Concerns/GuardsAttributes.php(155): Illuminate\\Database\\Console\\Seeds\\SeedCommand->Illuminate\\Database\\Console\\Seeds\\{closure}()
#15 /media/flavio/3437-6262/Projetos/laravel_ecommerce/vendor/laravel/framework/src/Illuminate/Database/Console/Seeds/SeedCommand.php(69): Illuminate\\Database\\Eloquent\\Model::unguarded()
#16 /media/flavio/3437-6262/Projetos/laravel_ecommerce/vendor/laravel/framework/src/Illuminate/Container/BoundMethod.php(36): Illuminate\\Database\\Console\\Seeds\\SeedCommand->handle()
#17 /media/flavio/3437-6262/Projetos/laravel_ecommerce/vendor/laravel/framework/src/Illuminate/Container/Util.php(43): Illuminate\\Container\\BoundMethod::Illuminate\\Container\\{closure}()
#18 /media/flavio/3437-6262/Projetos/laravel_ecommerce/vendor/laravel/framework/src/Illuminate/Container/BoundMethod.php(95): Illuminate\\Container\\Util::unwrapIfClosure()
#19 /media/flavio/3437-6262/Projetos/laravel_ecommerce/vendor/laravel/framework/src/Illuminate/Container/BoundMethod.php(35): Illuminate\\Container\\BoundMethod::callBoundMethod()
#20 /media/flavio/3437-6262/Projetos/laravel_ecommerce/vendor/laravel/framework/src/Illuminate/Container/Container.php(694): Illuminate\\Container\\BoundMethod::call()
#21 /media/flavio/3437-6262/Projetos/laravel_ecommerce/vendor/laravel/framework/src/Illuminate/Console/Command.php(213): Illuminate\\Container\\Container->call()
#22 /media/flavio/3437-6262/Projetos/laravel_ecommerce/vendor/symfony/console/Command/Command.php(279): Illuminate\\Console\\Command->execute()
#23 /media/flavio/3437-6262/Projetos/laravel_ecommerce/vendor/laravel/framework/src/Illuminate/Console/Command.php(182): Symfony\\Component\\Console\\Command\\Command->run()
#24 /media/flavio/3437-6262/Projetos/laravel_ecommerce/vendor/symfony/console/Application.php(1094): Illuminate\\Console\\Command->run()
#25 /media/flavio/3437-6262/Projetos/laravel_ecommerce/vendor/symfony/console/Application.php(342): Symfony\\Component\\Console\\Application->doRunCommand()
#26 /media/flavio/3437-6262/Projetos/laravel_ecommerce/vendor/symfony/console/Application.php(193): Symfony\\Component\\Console\\Application->doRun()
#27 /media/flavio/3437-6262/Projetos/laravel_ecommerce/vendor/laravel/framework/src/Illuminate/Foundation/Console/Kernel.php(198): Symfony\\Component\\Console\\Application->run()
#28 /media/flavio/3437-6262/Projetos/laravel_ecommerce/vendor/laravel/framework/src/Illuminate/Foundation/Application.php(1205): Illuminate\\Foundation\\Console\\Kernel->handle()
#29 /media/flavio/3437-6262/Projetos/laravel_ecommerce/artisan(13): Illuminate\\Foundation\\Application->handleCommand()
#30 {main}
"} 
[2025-01-01 14:18:18] local.ERROR: Call to undefined method App\Models\Store::factory() {"exception":"[object] (BadMethodCallException(code: 0): Call to undefined method App\\Models\\Store::factory() at /media/flavio/3437-6262/Projetos/laravel_ecommerce/vendor/laravel/framework/src/Illuminate/Support/Traits/ForwardsCalls.php:67)
[stacktrace]
#0 /media/flavio/3437-6262/Projetos/laravel_ecommerce/vendor/laravel/framework/src/Illuminate/Support/Traits/ForwardsCalls.php(36): Illuminate\\Database\\Eloquent\\Model::throwBadMethodCallException()
#1 /media/flavio/3437-6262/Projetos/laravel_ecommerce/vendor/laravel/framework/src/Illuminate/Database/Eloquent/Model.php(2368): Illuminate\\Database\\Eloquent\\Model->forwardCallTo()
#2 /media/flavio/3437-6262/Projetos/laravel_ecommerce/vendor/laravel/framework/src/Illuminate/Database/Eloquent/Model.php(2380): Illuminate\\Database\\Eloquent\\Model->__call()
#3 /media/flavio/3437-6262/Projetos/laravel_ecommerce/database/seeders/UsersTableSeeder.php(26): Illuminate\\Database\\Eloquent\\Model::__callStatic()
#4 /media/flavio/3437-6262/Projetos/laravel_ecommerce/vendor/laravel/framework/src/Illuminate/Collections/Traits/EnumeratesValues.php(259): Database\\Seeders\\UsersTableSeeder->Database\\Seeders\\{closure}()
#5 /media/flavio/3437-6262/Projetos/laravel_ecommerce/database/seeders/UsersTableSeeder.php(25): Illuminate\\Support\\Collection->each()
#6 /media/flavio/3437-6262/Projetos/laravel_ecommerce/vendor/laravel/framework/src/Illuminate/Container/BoundMethod.php(36): Database\\Seeders\\UsersTableSeeder->run()
#7 /media/flavio/3437-6262/Projetos/laravel_ecommerce/vendor/laravel/framework/src/Illuminate/Container/Util.php(43): Illuminate\\Container\\BoundMethod::Illuminate\\Container\\{closure}()
#8 /media/flavio/3437-6262/Projetos/laravel_ecommerce/vendor/laravel/framework/src/Illuminate/Container/BoundMethod.php(95): Illuminate\\Container\\Util::unwrapIfClosure()
#9 /media/flavio/3437-6262/Projetos/laravel_ecommerce/vendor/laravel/framework/src/Illuminate/Container/BoundMethod.php(35): Illuminate\\Container\\BoundMethod::callBoundMethod()
#10 /media/flavio/3437-6262/Projetos/laravel_ecommerce/vendor/laravel/framework/src/Illuminate/Container/Container.php(694): Illuminate\\Container\\BoundMethod::call()
#11 /media/flavio/3437-6262/Projetos/laravel_ecommerce/vendor/laravel/framework/src/Illuminate/Database/Seeder.php(184): Illuminate\\Container\\Container->call()
#12 /media/flavio/3437-6262/Projetos/laravel_ecommerce/vendor/laravel/framework/src/Illuminate/Database/Seeder.php(193): Illuminate\\Database\\Seeder->Illuminate\\Database\\{closure}()
#13 /media/flavio/3437-6262/Projetos/laravel_ecommerce/vendor/laravel/framework/src/Illuminate/Database/Console/Seeds/SeedCommand.php(70): Illuminate\\Database\\Seeder->__invoke()
#14 /media/flavio/3437-6262/Projetos/laravel_ecommerce/vendor/laravel/framework/src/Illuminate/Database/Eloquent/Concerns/GuardsAttributes.php(155): Illuminate\\Database\\Console\\Seeds\\SeedCommand->Illuminate\\Database\\Console\\Seeds\\{closure}()
#15 /media/flavio/3437-6262/Projetos/laravel_ecommerce/vendor/laravel/framework/src/Illuminate/Database/Console/Seeds/SeedCommand.php(69): Illuminate\\Database\\Eloquent\\Model::unguarded()
#16 /media/flavio/3437-6262/Projetos/laravel_ecommerce/vendor/laravel/framework/src/Illuminate/Container/BoundMethod.php(36): Illuminate\\Database\\Console\\Seeds\\SeedCommand->handle()
#17 /media/flavio/3437-6262/Projetos/laravel_ecommerce/vendor/laravel/framework/src/Illuminate/Container/Util.php(43): Illuminate\\Container\\BoundMethod::Illuminate\\Container\\{closure}()
#18 /media/flavio/3437-6262/Projetos/laravel_ecommerce/vendor/laravel/framework/src/Illuminate/Container/BoundMethod.php(95): Illuminate\\Container\\Util::unwrapIfClosure()
#19 /media/flavio/3437-6262/Projetos/laravel_ecommerce/vendor/laravel/framework/src/Illuminate/Container/BoundMethod.php(35): Illuminate\\Container\\BoundMethod::callBoundMethod()
#20 /media/flavio/3437-6262/Projetos/laravel_ecommerce/vendor/laravel/framework/src/Illuminate/Container/Container.php(694): Illuminate\\Container\\BoundMethod::call()
#21 /media/flavio/3437-6262/Projetos/laravel_ecommerce/vendor/laravel/framework/src/Illuminate/Console/Command.php(213): Illuminate\\Container\\Container->call()
#22 /media/flavio/3437-6262/Projetos/laravel_ecommerce/vendor/symfony/console/Command/Command.php(279): Illuminate\\Console\\Command->execute()
#23 /media/flavio/3437-6262/Projetos/laravel_ecommerce/vendor/laravel/framework/src/Illuminate/Console/Command.php(182): Symfony\\Component\\Console\\Command\\Command->run()
#24 /media/flavio/3437-6262/Projetos/laravel_ecommerce/vendor/symfony/console/Application.php(1094): Illuminate\\Console\\Command->run()
#25 /media/flavio/3437-6262/Projetos/laravel_ecommerce/vendor/symfony/console/Application.php(342): Symfony\\Component\\Console\\Application->doRunCommand()
#26 /media/flavio/3437-6262/Projetos/laravel_ecommerce/vendor/symfony/console/Application.php(193): Symfony\\Component\\Console\\Application->doRun()
#27 /media/flavio/3437-6262/Projetos/laravel_ecommerce/vendor/laravel/framework/src/Illuminate/Foundation/Console/Kernel.php(198): Symfony\\Component\\Console\\Application->run()
#28 /media/flavio/3437-6262/Projetos/laravel_ecommerce/vendor/laravel/framework/src/Illuminate/Foundation/Application.php(1205): Illuminate\\Foundation\\Console\\Kernel->handle()
#29 /media/flavio/3437-6262/Projetos/laravel_ecommerce/artisan(13): Illuminate\\Foundation\\Application->handleCommand()
#30 {main}
"} 
[2025-01-01 14:30:38] local.ERROR: Call to undefined function Database\Seeders\factory() {"exception":"[object] (Error(code: 0): Call to undefined function Database\\Seeders\\factory() at /media/flavio/3437-6262/Projetos/laravel_ecommerce/database/seeders/ProductTableSeeder.php:15)
[stacktrace]
#0 /media/flavio/3437-6262/Projetos/laravel_ecommerce/vendor/laravel/framework/src/Illuminate/Container/BoundMethod.php(36): Database\\Seeders\\ProductTableSeeder->run()
#1 /media/flavio/3437-6262/Projetos/laravel_ecommerce/vendor/laravel/framework/src/Illuminate/Container/Util.php(43): Illuminate\\Container\\BoundMethod::Illuminate\\Container\\{closure}()
#2 /media/flavio/3437-6262/Projetos/laravel_ecommerce/vendor/laravel/framework/src/Illuminate/Container/BoundMethod.php(95): Illuminate\\Container\\Util::unwrapIfClosure()
#3 /media/flavio/3437-6262/Projetos/laravel_ecommerce/vendor/laravel/framework/src/Illuminate/Container/BoundMethod.php(35): Illuminate\\Container\\BoundMethod::callBoundMethod()
#4 /media/flavio/3437-6262/Projetos/laravel_ecommerce/vendor/laravel/framework/src/Illuminate/Container/Container.php(694): Illuminate\\Container\\BoundMethod::call()
#5 /media/flavio/3437-6262/Projetos/laravel_ecommerce/vendor/laravel/framework/src/Illuminate/Database/Seeder.php(184): Illuminate\\Container\\Container->call()
#6 /media/flavio/3437-6262/Projetos/laravel_ecommerce/vendor/laravel/framework/src/Illuminate/Database/Seeder.php(193): Illuminate\\Database\\Seeder->Illuminate\\Database\\{closure}()
#7 /media/flavio/3437-6262/Projetos/laravel_ecommerce/vendor/laravel/framework/src/Illuminate/Database/Console/Seeds/SeedCommand.php(70): Illuminate\\Database\\Seeder->__invoke()
#8 /media/flavio/3437-6262/Projetos/laravel_ecommerce/vendor/laravel/framework/src/Illuminate/Database/Eloquent/Concerns/GuardsAttributes.php(155): Illuminate\\Database\\Console\\Seeds\\SeedCommand->Illuminate\\Database\\Console\\Seeds\\{closure}()
#9 /media/flavio/3437-6262/Projetos/laravel_ecommerce/vendor/laravel/framework/src/Illuminate/Database/Console/Seeds/SeedCommand.php(69): Illuminate\\Database\\Eloquent\\Model::unguarded()
#10 /media/flavio/3437-6262/Projetos/laravel_ecommerce/vendor/laravel/framework/src/Illuminate/Container/BoundMethod.php(36): Illuminate\\Database\\Console\\Seeds\\SeedCommand->handle()
#11 /media/flavio/3437-6262/Projetos/laravel_ecommerce/vendor/laravel/framework/src/Illuminate/Container/Util.php(43): Illuminate\\Container\\BoundMethod::Illuminate\\Container\\{closure}()
#12 /media/flavio/3437-6262/Projetos/laravel_ecommerce/vendor/laravel/framework/src/Illuminate/Container/BoundMethod.php(95): Illuminate\\Container\\Util::unwrapIfClosure()
#13 /media/flavio/3437-6262/Projetos/laravel_ecommerce/vendor/laravel/framework/src/Illuminate/Container/BoundMethod.php(35): Illuminate\\Container\\BoundMethod::callBoundMethod()
#14 /media/flavio/3437-6262/Projetos/laravel_ecommerce/vendor/laravel/framework/src/Illuminate/Container/Container.php(694): Illuminate\\Container\\BoundMethod::call()
#15 /media/flavio/3437-6262/Projetos/laravel_ecommerce/vendor/laravel/framework/src/Illuminate/Console/Command.php(213): Illuminate\\Container\\Container->call()
#16 /media/flavio/3437-6262/Projetos/laravel_ecommerce/vendor/symfony/console/Command/Command.php(279): Illuminate\\Console\\Command->execute()
#17 /media/flavio/3437-6262/Projetos/laravel_ecommerce/vendor/laravel/framework/src/Illuminate/Console/Command.php(182): Symfony\\Component\\Console\\Command\\Command->run()
#18 /media/flavio/3437-6262/Projetos/laravel_ecommerce/vendor/symfony/console/Application.php(1094): Illuminate\\Console\\Command->run()
#19 /media/flavio/3437-6262/Projetos/laravel_ecommerce/vendor/symfony/console/Application.php(342): Symfony\\Component\\Console\\Application->doRunCommand()
#20 /media/flavio/3437-6262/Projetos/laravel_ecommerce/vendor/symfony/console/Application.php(193): Symfony\\Component\\Console\\Application->doRun()
#21 /media/flavio/3437-6262/Projetos/laravel_ecommerce/vendor/laravel/framework/src/Illuminate/Foundation/Console/Kernel.php(198): Symfony\\Component\\Console\\Application->run()
#22 /media/flavio/3437-6262/Projetos/laravel_ecommerce/vendor/laravel/framework/src/Illuminate/Foundation/Application.php(1205): Illuminate\\Foundation\\Console\\Kernel->handle()
#23 /media/flavio/3437-6262/Projetos/laravel_ecommerce/artisan(13): Illuminate\\Foundation\\Application->handleCommand()
#24 {main}
"} 
[2025-01-01 14:31:27] local.ERROR: Call to undefined function Database\Seeders\factory() {"exception":"[object] (Error(code: 0): Call to undefined function Database\\Seeders\\factory() at /media/flavio/3437-6262/Projetos/laravel_ecommerce/database/seeders/ProductTableSeeder.php:15)
[stacktrace]
#0 /media/flavio/3437-6262/Projetos/laravel_ecommerce/vendor/laravel/framework/src/Illuminate/Container/BoundMethod.php(36): Database\\Seeders\\ProductTableSeeder->run()
#1 /media/flavio/3437-6262/Projetos/laravel_ecommerce/vendor/laravel/framework/src/Illuminate/Container/Util.php(43): Illuminate\\Container\\BoundMethod::Illuminate\\Container\\{closure}()
#2 /media/flavio/3437-6262/Projetos/laravel_ecommerce/vendor/laravel/framework/src/Illuminate/Container/BoundMethod.php(95): Illuminate\\Container\\Util::unwrapIfClosure()
#3 /media/flavio/3437-6262/Projetos/laravel_ecommerce/vendor/laravel/framework/src/Illuminate/Container/BoundMethod.php(35): Illuminate\\Container\\BoundMethod::callBoundMethod()
#4 /media/flavio/3437-6262/Projetos/laravel_ecommerce/vendor/laravel/framework/src/Illuminate/Container/Container.php(694): Illuminate\\Container\\BoundMethod::call()
#5 /media/flavio/3437-6262/Projetos/laravel_ecommerce/vendor/laravel/framework/src/Illuminate/Database/Seeder.php(184): Illuminate\\Container\\Container->call()
#6 /media/flavio/3437-6262/Projetos/laravel_ecommerce/vendor/laravel/framework/src/Illuminate/Database/Seeder.php(193): Illuminate\\Database\\Seeder->Illuminate\\Database\\{closure}()
#7 /media/flavio/3437-6262/Projetos/laravel_ecommerce/vendor/laravel/framework/src/Illuminate/Database/Console/Seeds/SeedCommand.php(70): Illuminate\\Database\\Seeder->__invoke()
#8 /media/flavio/3437-6262/Projetos/laravel_ecommerce/vendor/laravel/framework/src/Illuminate/Database/Eloquent/Concerns/GuardsAttributes.php(155): Illuminate\\Database\\Console\\Seeds\\SeedCommand->Illuminate\\Database\\Console\\Seeds\\{closure}()
#9 /media/flavio/3437-6262/Projetos/laravel_ecommerce/vendor/laravel/framework/src/Illuminate/Database/Console/Seeds/SeedCommand.php(69): Illuminate\\Database\\Eloquent\\Model::unguarded()
#10 /media/flavio/3437-6262/Projetos/laravel_ecommerce/vendor/laravel/framework/src/Illuminate/Container/BoundMethod.php(36): Illuminate\\Database\\Console\\Seeds\\SeedCommand->handle()
#11 /media/flavio/3437-6262/Projetos/laravel_ecommerce/vendor/laravel/framework/src/Illuminate/Container/Util.php(43): Illuminate\\Container\\BoundMethod::Illuminate\\Container\\{closure}()
#12 /media/flavio/3437-6262/Projetos/laravel_ecommerce/vendor/laravel/framework/src/Illuminate/Container/BoundMethod.php(95): Illuminate\\Container\\Util::unwrapIfClosure()
#13 /media/flavio/3437-6262/Projetos/laravel_ecommerce/vendor/laravel/framework/src/Illuminate/Container/BoundMethod.php(35): Illuminate\\Container\\BoundMethod::callBoundMethod()
#14 /media/flavio/3437-6262/Projetos/laravel_ecommerce/vendor/laravel/framework/src/Illuminate/Container/Container.php(694): Illuminate\\Container\\BoundMethod::call()
#15 /media/flavio/3437-6262/Projetos/laravel_ecommerce/vendor/laravel/framework/src/Illuminate/Console/Command.php(213): Illuminate\\Container\\Container->call()
#16 /media/flavio/3437-6262/Projetos/laravel_ecommerce/vendor/symfony/console/Command/Command.php(279): Illuminate\\Console\\Command->execute()
#17 /media/flavio/3437-6262/Projetos/laravel_ecommerce/vendor/laravel/framework/src/Illuminate/Console/Command.php(182): Symfony\\Component\\Console\\Command\\Command->run()
#18 /media/flavio/3437-6262/Projetos/laravel_ecommerce/vendor/symfony/console/Application.php(1094): Illuminate\\Console\\Command->run()
#19 /media/flavio/3437-6262/Projetos/laravel_ecommerce/vendor/symfony/console/Application.php(342): Symfony\\Component\\Console\\Application->doRunCommand()
#20 /media/flavio/3437-6262/Projetos/laravel_ecommerce/vendor/symfony/console/Application.php(193): Symfony\\Component\\Console\\Application->doRun()
#21 /media/flavio/3437-6262/Projetos/laravel_ecommerce/vendor/laravel/framework/src/Illuminate/Foundation/Console/Kernel.php(198): Symfony\\Component\\Console\\Application->run()
#22 /media/flavio/3437-6262/Projetos/laravel_ecommerce/vendor/laravel/framework/src/Illuminate/Foundation/Application.php(1205): Illuminate\\Foundation\\Console\\Kernel->handle()
#23 /media/flavio/3437-6262/Projetos/laravel_ecommerce/artisan(13): Illuminate\\Foundation\\Application->handleCommand()
#24 {main}
"} 
[2025-01-01 14:32:00] local.ERROR: Call to undefined method App\Models\Product::factory() {"exception":"[object] (BadMethodCallException(code: 0): Call to undefined method App\\Models\\Product::factory() at /media/flavio/3437-6262/Projetos/laravel_ecommerce/vendor/laravel/framework/src/Illuminate/Support/Traits/ForwardsCalls.php:67)
[stacktrace]
#0 /media/flavio/3437-6262/Projetos/laravel_ecommerce/vendor/laravel/framework/src/Illuminate/Support/Traits/ForwardsCalls.php(36): Illuminate\\Database\\Eloquent\\Model::throwBadMethodCallException()
#1 /media/flavio/3437-6262/Projetos/laravel_ecommerce/vendor/laravel/framework/src/Illuminate/Database/Eloquent/Model.php(2368): Illuminate\\Database\\Eloquent\\Model->forwardCallTo()
#2 /media/flavio/3437-6262/Projetos/laravel_ecommerce/vendor/laravel/framework/src/Illuminate/Database/Eloquent/Model.php(2380): Illuminate\\Database\\Eloquent\\Model->__call()
#3 /media/flavio/3437-6262/Projetos/laravel_ecommerce/database/seeders/ProductTableSeeder.php(15): Illuminate\\Database\\Eloquent\\Model::__callStatic()
#4 /media/flavio/3437-6262/Projetos/laravel_ecommerce/vendor/laravel/framework/src/Illuminate/Container/BoundMethod.php(36): Database\\Seeders\\ProductTableSeeder->run()
#5 /media/flavio/3437-6262/Projetos/laravel_ecommerce/vendor/laravel/framework/src/Illuminate/Container/Util.php(43): Illuminate\\Container\\BoundMethod::Illuminate\\Container\\{closure}()
#6 /media/flavio/3437-6262/Projetos/laravel_ecommerce/vendor/laravel/framework/src/Illuminate/Container/BoundMethod.php(95): Illuminate\\Container\\Util::unwrapIfClosure()
#7 /media/flavio/3437-6262/Projetos/laravel_ecommerce/vendor/laravel/framework/src/Illuminate/Container/BoundMethod.php(35): Illuminate\\Container\\BoundMethod::callBoundMethod()
#8 /media/flavio/3437-6262/Projetos/laravel_ecommerce/vendor/laravel/framework/src/Illuminate/Container/Container.php(694): Illuminate\\Container\\BoundMethod::call()
#9 /media/flavio/3437-6262/Projetos/laravel_ecommerce/vendor/laravel/framework/src/Illuminate/Database/Seeder.php(184): Illuminate\\Container\\Container->call()
#10 /media/flavio/3437-6262/Projetos/laravel_ecommerce/vendor/laravel/framework/src/Illuminate/Database/Seeder.php(193): Illuminate\\Database\\Seeder->Illuminate\\Database\\{closure}()
#11 /media/flavio/3437-6262/Projetos/laravel_ecommerce/vendor/laravel/framework/src/Illuminate/Database/Console/Seeds/SeedCommand.php(70): Illuminate\\Database\\Seeder->__invoke()
#12 /media/flavio/3437-6262/Projetos/laravel_ecommerce/vendor/laravel/framework/src/Illuminate/Database/Eloquent/Concerns/GuardsAttributes.php(155): Illuminate\\Database\\Console\\Seeds\\SeedCommand->Illuminate\\Database\\Console\\Seeds\\{closure}()
#13 /media/flavio/3437-6262/Projetos/laravel_ecommerce/vendor/laravel/framework/src/Illuminate/Database/Console/Seeds/SeedCommand.php(69): Illuminate\\Database\\Eloquent\\Model::unguarded()
#14 /media/flavio/3437-6262/Projetos/laravel_ecommerce/vendor/laravel/framework/src/Illuminate/Container/BoundMethod.php(36): Illuminate\\Database\\Console\\Seeds\\SeedCommand->handle()
#15 /media/flavio/3437-6262/Projetos/laravel_ecommerce/vendor/laravel/framework/src/Illuminate/Container/Util.php(43): Illuminate\\Container\\BoundMethod::Illuminate\\Container\\{closure}()
#16 /media/flavio/3437-6262/Projetos/laravel_ecommerce/vendor/laravel/framework/src/Illuminate/Container/BoundMethod.php(95): Illuminate\\Container\\Util::unwrapIfClosure()
#17 /media/flavio/3437-6262/Projetos/laravel_ecommerce/vendor/laravel/framework/src/Illuminate/Container/BoundMethod.php(35): Illuminate\\Container\\BoundMethod::callBoundMethod()
#18 /media/flavio/3437-6262/Projetos/laravel_ecommerce/vendor/laravel/framework/src/Illuminate/Container/Container.php(694): Illuminate\\Container\\BoundMethod::call()
#19 /media/flavio/3437-6262/Projetos/laravel_ecommerce/vendor/laravel/framework/src/Illuminate/Console/Command.php(213): Illuminate\\Container\\Container->call()
#20 /media/flavio/3437-6262/Projetos/laravel_ecommerce/vendor/symfony/console/Command/Command.php(279): Illuminate\\Console\\Command->execute()
#21 /media/flavio/3437-6262/Projetos/laravel_ecommerce/vendor/laravel/framework/src/Illuminate/Console/Command.php(182): Symfony\\Component\\Console\\Command\\Command->run()
#22 /media/flavio/3437-6262/Projetos/laravel_ecommerce/vendor/symfony/console/Application.php(1094): Illuminate\\Console\\Command->run()
#23 /media/flavio/3437-6262/Projetos/laravel_ecommerce/vendor/symfony/console/Application.php(342): Symfony\\Component\\Console\\Application->doRunCommand()
#24 /media/flavio/3437-6262/Projetos/laravel_ecommerce/vendor/symfony/console/Application.php(193): Symfony\\Component\\Console\\Application->doRun()
#25 /media/flavio/3437-6262/Projetos/laravel_ecommerce/vendor/laravel/framework/src/Illuminate/Foundation/Console/Kernel.php(198): Symfony\\Component\\Console\\Application->run()
#26 /media/flavio/3437-6262/Projetos/laravel_ecommerce/vendor/laravel/framework/src/Illuminate/Foundation/Application.php(1205): Illuminate\\Foundation\\Console\\Kernel->handle()
#27 /media/flavio/3437-6262/Projetos/laravel_ecommerce/artisan(13): Illuminate\\Foundation\\Application->handleCommand()
#28 {main}
"} 
[2025-01-01 14:39:48] local.ERROR: Call to undefined method App\Models\Store::factory() {"exception":"[object] (BadMethodCallException(code: 0): Call to undefined method App\\Models\\Store::factory() at /media/flavio/3437-6262/Projetos/laravel_ecommerce/vendor/laravel/framework/src/Illuminate/Support/Traits/ForwardsCalls.php:67)
[stacktrace]
#0 /media/flavio/3437-6262/Projetos/laravel_ecommerce/vendor/laravel/framework/src/Illuminate/Support/Traits/ForwardsCalls.php(36): Illuminate\\Database\\Eloquent\\Model::throwBadMethodCallException()
#1 /media/flavio/3437-6262/Projetos/laravel_ecommerce/vendor/laravel/framework/src/Illuminate/Database/Eloquent/Model.php(2368): Illuminate\\Database\\Eloquent\\Model->forwardCallTo()
#2 /media/flavio/3437-6262/Projetos/laravel_ecommerce/vendor/laravel/framework/src/Illuminate/Database/Eloquent/Model.php(2380): Illuminate\\Database\\Eloquent\\Model->__call()
#3 /media/flavio/3437-6262/Projetos/laravel_ecommerce/database/seeders/StoreTableSeeder.php(22): Illuminate\\Database\\Eloquent\\Model::__callStatic()
#4 /media/flavio/3437-6262/Projetos/laravel_ecommerce/vendor/laravel/framework/src/Illuminate/Container/BoundMethod.php(36): Database\\Seeders\\StoreTableSeeder->run()
#5 /media/flavio/3437-6262/Projetos/laravel_ecommerce/vendor/laravel/framework/src/Illuminate/Container/Util.php(43): Illuminate\\Container\\BoundMethod::Illuminate\\Container\\{closure}()
#6 /media/flavio/3437-6262/Projetos/laravel_ecommerce/vendor/laravel/framework/src/Illuminate/Container/BoundMethod.php(95): Illuminate\\Container\\Util::unwrapIfClosure()
#7 /media/flavio/3437-6262/Projetos/laravel_ecommerce/vendor/laravel/framework/src/Illuminate/Container/BoundMethod.php(35): Illuminate\\Container\\BoundMethod::callBoundMethod()
#8 /media/flavio/3437-6262/Projetos/laravel_ecommerce/vendor/laravel/framework/src/Illuminate/Container/Container.php(694): Illuminate\\Container\\BoundMethod::call()
#9 /media/flavio/3437-6262/Projetos/laravel_ecommerce/vendor/laravel/framework/src/Illuminate/Database/Seeder.php(184): Illuminate\\Container\\Container->call()
#10 /media/flavio/3437-6262/Projetos/laravel_ecommerce/vendor/laravel/framework/src/Illuminate/Database/Seeder.php(193): Illuminate\\Database\\Seeder->Illuminate\\Database\\{closure}()
#11 /media/flavio/3437-6262/Projetos/laravel_ecommerce/vendor/laravel/framework/src/Illuminate/Database/Console/Seeds/SeedCommand.php(70): Illuminate\\Database\\Seeder->__invoke()
#12 /media/flavio/3437-6262/Projetos/laravel_ecommerce/vendor/laravel/framework/src/Illuminate/Database/Eloquent/Concerns/GuardsAttributes.php(155): Illuminate\\Database\\Console\\Seeds\\SeedCommand->Illuminate\\Database\\Console\\Seeds\\{closure}()
#13 /media/flavio/3437-6262/Projetos/laravel_ecommerce/vendor/laravel/framework/src/Illuminate/Database/Console/Seeds/SeedCommand.php(69): Illuminate\\Database\\Eloquent\\Model::unguarded()
#14 /media/flavio/3437-6262/Projetos/laravel_ecommerce/vendor/laravel/framework/src/Illuminate/Container/BoundMethod.php(36): Illuminate\\Database\\Console\\Seeds\\SeedCommand->handle()
#15 /media/flavio/3437-6262/Projetos/laravel_ecommerce/vendor/laravel/framework/src/Illuminate/Container/Util.php(43): Illuminate\\Container\\BoundMethod::Illuminate\\Container\\{closure}()
#16 /media/flavio/3437-6262/Projetos/laravel_ecommerce/vendor/laravel/framework/src/Illuminate/Container/BoundMethod.php(95): Illuminate\\Container\\Util::unwrapIfClosure()
#17 /media/flavio/3437-6262/Projetos/laravel_ecommerce/vendor/laravel/framework/src/Illuminate/Container/BoundMethod.php(35): Illuminate\\Container\\BoundMethod::callBoundMethod()
#18 /media/flavio/3437-6262/Projetos/laravel_ecommerce/vendor/laravel/framework/src/Illuminate/Container/Container.php(694): Illuminate\\Container\\BoundMethod::call()
#19 /media/flavio/3437-6262/Projetos/laravel_ecommerce/vendor/laravel/framework/src/Illuminate/Console/Command.php(213): Illuminate\\Container\\Container->call()
#20 /media/flavio/3437-6262/Projetos/laravel_ecommerce/vendor/symfony/console/Command/Command.php(279): Illuminate\\Console\\Command->execute()
#21 /media/flavio/3437-6262/Projetos/laravel_ecommerce/vendor/laravel/framework/src/Illuminate/Console/Command.php(182): Symfony\\Component\\Console\\Command\\Command->run()
#22 /media/flavio/3437-6262/Projetos/laravel_ecommerce/vendor/symfony/console/Application.php(1094): Illuminate\\Console\\Command->run()
#23 /media/flavio/3437-6262/Projetos/laravel_ecommerce/vendor/symfony/console/Application.php(342): Symfony\\Component\\Console\\Application->doRunCommand()
#24 /media/flavio/3437-6262/Projetos/laravel_ecommerce/vendor/symfony/console/Application.php(193): Symfony\\Component\\Console\\Application->doRun()
#25 /media/flavio/3437-6262/Projetos/laravel_ecommerce/vendor/laravel/framework/src/Illuminate/Foundation/Console/Kernel.php(198): Symfony\\Component\\Console\\Application->run()
#26 /media/flavio/3437-6262/Projetos/laravel_ecommerce/vendor/laravel/framework/src/Illuminate/Foundation/Application.php(1205): Illuminate\\Foundation\\Console\\Kernel->handle()
#27 /media/flavio/3437-6262/Projetos/laravel_ecommerce/artisan(13): Illuminate\\Foundation\\Application->handleCommand()
#28 {main}
"} 
[2025-01-01 14:44:02] local.ERROR: syntax error, unexpected token "*" {"exception":"[object] (ParseError(code: 0): syntax error, unexpected token \"*\" at /media/flavio/3437-6262/Projetos/laravel_ecommerce/database/seeders/StoreTableSeeder.php:20)
[stacktrace]
#0 /media/flavio/3437-6262/Projetos/laravel_ecommerce/vendor/composer/ClassLoader.php(427): Composer\\Autoload\\{closure}()
#1 [internal function]: Composer\\Autoload\\ClassLoader->loadClass()
#2 /media/flavio/3437-6262/Projetos/laravel_ecommerce/vendor/laravel/framework/src/Illuminate/Container/Container.php(944): ReflectionClass->__construct()
#3 /media/flavio/3437-6262/Projetos/laravel_ecommerce/vendor/laravel/framework/src/Illuminate/Container/Container.php(819): Illuminate\\Container\\Container->build()
#4 /media/flavio/3437-6262/Projetos/laravel_ecommerce/vendor/laravel/framework/src/Illuminate/Foundation/Application.php(1048): Illuminate\\Container\\Container->resolve()
#5 /media/flavio/3437-6262/Projetos/laravel_ecommerce/vendor/laravel/framework/src/Illuminate/Container/Container.php(755): Illuminate\\Foundation\\Application->resolve()
#6 /media/flavio/3437-6262/Projetos/laravel_ecommerce/vendor/laravel/framework/src/Illuminate/Foundation/Application.php(1030): Illuminate\\Container\\Container->make()
#7 /media/flavio/3437-6262/Projetos/laravel_ecommerce/vendor/laravel/framework/src/Illuminate/Database/Console/Seeds/SeedCommand.php(98): Illuminate\\Foundation\\Application->make()
#8 /media/flavio/3437-6262/Projetos/laravel_ecommerce/vendor/laravel/framework/src/Illuminate/Database/Console/Seeds/SeedCommand.php(70): Illuminate\\Database\\Console\\Seeds\\SeedCommand->getSeeder()
#9 /media/flavio/3437-6262/Projetos/laravel_ecommerce/vendor/laravel/framework/src/Illuminate/Database/Eloquent/Concerns/GuardsAttributes.php(155): Illuminate\\Database\\Console\\Seeds\\SeedCommand->Illuminate\\Database\\Console\\Seeds\\{closure}()
#10 /media/flavio/3437-6262/Projetos/laravel_ecommerce/vendor/laravel/framework/src/Illuminate/Database/Console/Seeds/SeedCommand.php(69): Illuminate\\Database\\Eloquent\\Model::unguarded()
#11 /media/flavio/3437-6262/Projetos/laravel_ecommerce/vendor/laravel/framework/src/Illuminate/Container/BoundMethod.php(36): Illuminate\\Database\\Console\\Seeds\\SeedCommand->handle()
#12 /media/flavio/3437-6262/Projetos/laravel_ecommerce/vendor/laravel/framework/src/Illuminate/Container/Util.php(43): Illuminate\\Container\\BoundMethod::Illuminate\\Container\\{closure}()
#13 /media/flavio/3437-6262/Projetos/laravel_ecommerce/vendor/laravel/framework/src/Illuminate/Container/BoundMethod.php(95): Illuminate\\Container\\Util::unwrapIfClosure()
#14 /media/flavio/3437-6262/Projetos/laravel_ecommerce/vendor/laravel/framework/src/Illuminate/Container/BoundMethod.php(35): Illuminate\\Container\\BoundMethod::callBoundMethod()
#15 /media/flavio/3437-6262/Projetos/laravel_ecommerce/vendor/laravel/framework/src/Illuminate/Container/Container.php(694): Illuminate\\Container\\BoundMethod::call()
#16 /media/flavio/3437-6262/Projetos/laravel_ecommerce/vendor/laravel/framework/src/Illuminate/Console/Command.php(213): Illuminate\\Container\\Container->call()
#17 /media/flavio/3437-6262/Projetos/laravel_ecommerce/vendor/symfony/console/Command/Command.php(279): Illuminate\\Console\\Command->execute()
#18 /media/flavio/3437-6262/Projetos/laravel_ecommerce/vendor/laravel/framework/src/Illuminate/Console/Command.php(182): Symfony\\Component\\Console\\Command\\Command->run()
#19 /media/flavio/3437-6262/Projetos/laravel_ecommerce/vendor/symfony/console/Application.php(1094): Illuminate\\Console\\Command->run()
#20 /media/flavio/3437-6262/Projetos/laravel_ecommerce/vendor/symfony/console/Application.php(342): Symfony\\Component\\Console\\Application->doRunCommand()
#21 /media/flavio/3437-6262/Projetos/laravel_ecommerce/vendor/symfony/console/Application.php(193): Symfony\\Component\\Console\\Application->doRun()
#22 /media/flavio/3437-6262/Projetos/laravel_ecommerce/vendor/laravel/framework/src/Illuminate/Foundation/Console/Kernel.php(198): Symfony\\Component\\Console\\Application->run()
#23 /media/flavio/3437-6262/Projetos/laravel_ecommerce/vendor/laravel/framework/src/Illuminate/Foundation/Application.php(1205): Illuminate\\Foundation\\Console\\Kernel->handle()
#24 /media/flavio/3437-6262/Projetos/laravel_ecommerce/artisan(13): Illuminate\\Foundation\\Application->handleCommand()
#25 {main}
"} 
[2025-01-01 14:44:55] local.ERROR: Call to undefined method App\Models\Store::factory() {"exception":"[object] (BadMethodCallException(code: 0): Call to undefined method App\\Models\\Store::factory() at /media/flavio/3437-6262/Projetos/laravel_ecommerce/vendor/laravel/framework/src/Illuminate/Support/Traits/ForwardsCalls.php:67)
[stacktrace]
#0 /media/flavio/3437-6262/Projetos/laravel_ecommerce/vendor/laravel/framework/src/Illuminate/Support/Traits/ForwardsCalls.php(36): Illuminate\\Database\\Eloquent\\Model::throwBadMethodCallException()
#1 /media/flavio/3437-6262/Projetos/laravel_ecommerce/vendor/laravel/framework/src/Illuminate/Database/Eloquent/Model.php(2368): Illuminate\\Database\\Eloquent\\Model->forwardCallTo()
#2 /media/flavio/3437-6262/Projetos/laravel_ecommerce/vendor/laravel/framework/src/Illuminate/Database/Eloquent/Model.php(2380): Illuminate\\Database\\Eloquent\\Model->__call()
#3 /media/flavio/3437-6262/Projetos/laravel_ecommerce/database/seeders/StoreTableSeeder.php(22): Illuminate\\Database\\Eloquent\\Model::__callStatic()
#4 /media/flavio/3437-6262/Projetos/laravel_ecommerce/vendor/laravel/framework/src/Illuminate/Container/BoundMethod.php(36): Database\\Seeders\\StoreTableSeeder->run()
#5 /media/flavio/3437-6262/Projetos/laravel_ecommerce/vendor/laravel/framework/src/Illuminate/Container/Util.php(43): Illuminate\\Container\\BoundMethod::Illuminate\\Container\\{closure}()
#6 /media/flavio/3437-6262/Projetos/laravel_ecommerce/vendor/laravel/framework/src/Illuminate/Container/BoundMethod.php(95): Illuminate\\Container\\Util::unwrapIfClosure()
#7 /media/flavio/3437-6262/Projetos/laravel_ecommerce/vendor/laravel/framework/src/Illuminate/Container/BoundMethod.php(35): Illuminate\\Container\\BoundMethod::callBoundMethod()
#8 /media/flavio/3437-6262/Projetos/laravel_ecommerce/vendor/laravel/framework/src/Illuminate/Container/Container.php(694): Illuminate\\Container\\BoundMethod::call()
#9 /media/flavio/3437-6262/Projetos/laravel_ecommerce/vendor/laravel/framework/src/Illuminate/Database/Seeder.php(184): Illuminate\\Container\\Container->call()
#10 /media/flavio/3437-6262/Projetos/laravel_ecommerce/vendor/laravel/framework/src/Illuminate/Database/Seeder.php(193): Illuminate\\Database\\Seeder->Illuminate\\Database\\{closure}()
#11 /media/flavio/3437-6262/Projetos/laravel_ecommerce/vendor/laravel/framework/src/Illuminate/Database/Console/Seeds/SeedCommand.php(70): Illuminate\\Database\\Seeder->__invoke()
#12 /media/flavio/3437-6262/Projetos/laravel_ecommerce/vendor/laravel/framework/src/Illuminate/Database/Eloquent/Concerns/GuardsAttributes.php(155): Illuminate\\Database\\Console\\Seeds\\SeedCommand->Illuminate\\Database\\Console\\Seeds\\{closure}()
#13 /media/flavio/3437-6262/Projetos/laravel_ecommerce/vendor/laravel/framework/src/Illuminate/Database/Console/Seeds/SeedCommand.php(69): Illuminate\\Database\\Eloquent\\Model::unguarded()
#14 /media/flavio/3437-6262/Projetos/laravel_ecommerce/vendor/laravel/framework/src/Illuminate/Container/BoundMethod.php(36): Illuminate\\Database\\Console\\Seeds\\SeedCommand->handle()
#15 /media/flavio/3437-6262/Projetos/laravel_ecommerce/vendor/laravel/framework/src/Illuminate/Container/Util.php(43): Illuminate\\Container\\BoundMethod::Illuminate\\Container\\{closure}()
#16 /media/flavio/3437-6262/Projetos/laravel_ecommerce/vendor/laravel/framework/src/Illuminate/Container/BoundMethod.php(95): Illuminate\\Container\\Util::unwrapIfClosure()
#17 /media/flavio/3437-6262/Projetos/laravel_ecommerce/vendor/laravel/framework/src/Illuminate/Container/BoundMethod.php(35): Illuminate\\Container\\BoundMethod::callBoundMethod()
#18 /media/flavio/3437-6262/Projetos/laravel_ecommerce/vendor/laravel/framework/src/Illuminate/Container/Container.php(694): Illuminate\\Container\\BoundMethod::call()
#19 /media/flavio/3437-6262/Projetos/laravel_ecommerce/vendor/laravel/framework/src/Illuminate/Console/Command.php(213): Illuminate\\Container\\Container->call()
#20 /media/flavio/3437-6262/Projetos/laravel_ecommerce/vendor/symfony/console/Command/Command.php(279): Illuminate\\Console\\Command->execute()
#21 /media/flavio/3437-6262/Projetos/laravel_ecommerce/vendor/laravel/framework/src/Illuminate/Console/Command.php(182): Symfony\\Component\\Console\\Command\\Command->run()
#22 /media/flavio/3437-6262/Projetos/laravel_ecommerce/vendor/symfony/console/Application.php(1094): Illuminate\\Console\\Command->run()
#23 /media/flavio/3437-6262/Projetos/laravel_ecommerce/vendor/symfony/console/Application.php(342): Symfony\\Component\\Console\\Application->doRunCommand()
#24 /media/flavio/3437-6262/Projetos/laravel_ecommerce/vendor/symfony/console/Application.php(193): Symfony\\Component\\Console\\Application->doRun()
#25 /media/flavio/3437-6262/Projetos/laravel_ecommerce/vendor/laravel/framework/src/Illuminate/Foundation/Console/Kernel.php(198): Symfony\\Component\\Console\\Application->run()
#26 /media/flavio/3437-6262/Projetos/laravel_ecommerce/vendor/laravel/framework/src/Illuminate/Foundation/Application.php(1205): Illuminate\\Foundation\\Console\\Kernel->handle()
#27 /media/flavio/3437-6262/Projetos/laravel_ecommerce/artisan(13): Illuminate\\Foundation\\Application->handleCommand()
#28 {main}
"} 
[2025-01-01 14:46:54] local.ERROR: Call to undefined method App\Models\Product::factory() {"exception":"[object] (BadMethodCallException(code: 0): Call to undefined method App\\Models\\Product::factory() at /media/flavio/3437-6262/Projetos/laravel_ecommerce/vendor/laravel/framework/src/Illuminate/Support/Traits/ForwardsCalls.php:67)
[stacktrace]
#0 /media/flavio/3437-6262/Projetos/laravel_ecommerce/vendor/laravel/framework/src/Illuminate/Support/Traits/ForwardsCalls.php(36): Illuminate\\Database\\Eloquent\\Model::throwBadMethodCallException()
#1 /media/flavio/3437-6262/Projetos/laravel_ecommerce/vendor/laravel/framework/src/Illuminate/Database/Eloquent/Model.php(2368): Illuminate\\Database\\Eloquent\\Model->forwardCallTo()
#2 /media/flavio/3437-6262/Projetos/laravel_ecommerce/vendor/laravel/framework/src/Illuminate/Database/Eloquent/Model.php(2380): Illuminate\\Database\\Eloquent\\Model->__call()
#3 /media/flavio/3437-6262/Projetos/laravel_ecommerce/database/seeders/ProductTableSeeder.php(16): Illuminate\\Database\\Eloquent\\Model::__callStatic()
#4 /media/flavio/3437-6262/Projetos/laravel_ecommerce/vendor/laravel/framework/src/Illuminate/Container/BoundMethod.php(36): Database\\Seeders\\ProductTableSeeder->run()
#5 /media/flavio/3437-6262/Projetos/laravel_ecommerce/vendor/laravel/framework/src/Illuminate/Container/Util.php(43): Illuminate\\Container\\BoundMethod::Illuminate\\Container\\{closure}()
#6 /media/flavio/3437-6262/Projetos/laravel_ecommerce/vendor/laravel/framework/src/Illuminate/Container/BoundMethod.php(95): Illuminate\\Container\\Util::unwrapIfClosure()
#7 /media/flavio/3437-6262/Projetos/laravel_ecommerce/vendor/laravel/framework/src/Illuminate/Container/BoundMethod.php(35): Illuminate\\Container\\BoundMethod::callBoundMethod()
#8 /media/flavio/3437-6262/Projetos/laravel_ecommerce/vendor/laravel/framework/src/Illuminate/Container/Container.php(694): Illuminate\\Container\\BoundMethod::call()
#9 /media/flavio/3437-6262/Projetos/laravel_ecommerce/vendor/laravel/framework/src/Illuminate/Database/Seeder.php(184): Illuminate\\Container\\Container->call()
#10 /media/flavio/3437-6262/Projetos/laravel_ecommerce/vendor/laravel/framework/src/Illuminate/Database/Seeder.php(193): Illuminate\\Database\\Seeder->Illuminate\\Database\\{closure}()
#11 /media/flavio/3437-6262/Projetos/laravel_ecommerce/vendor/laravel/framework/src/Illuminate/Database/Console/Seeds/SeedCommand.php(70): Illuminate\\Database\\Seeder->__invoke()
#12 /media/flavio/3437-6262/Projetos/laravel_ecommerce/vendor/laravel/framework/src/Illuminate/Database/Eloquent/Concerns/GuardsAttributes.php(155): Illuminate\\Database\\Console\\Seeds\\SeedCommand->Illuminate\\Database\\Console\\Seeds\\{closure}()
#13 /media/flavio/3437-6262/Projetos/laravel_ecommerce/vendor/laravel/framework/src/Illuminate/Database/Console/Seeds/SeedCommand.php(69): Illuminate\\Database\\Eloquent\\Model::unguarded()
#14 /media/flavio/3437-6262/Projetos/laravel_ecommerce/vendor/laravel/framework/src/Illuminate/Container/BoundMethod.php(36): Illuminate\\Database\\Console\\Seeds\\SeedCommand->handle()
#15 /media/flavio/3437-6262/Projetos/laravel_ecommerce/vendor/laravel/framework/src/Illuminate/Container/Util.php(43): Illuminate\\Container\\BoundMethod::Illuminate\\Container\\{closure}()
#16 /media/flavio/3437-6262/Projetos/laravel_ecommerce/vendor/laravel/framework/src/Illuminate/Container/BoundMethod.php(95): Illuminate\\Container\\Util::unwrapIfClosure()
#17 /media/flavio/3437-6262/Projetos/laravel_ecommerce/vendor/laravel/framework/src/Illuminate/Container/BoundMethod.php(35): Illuminate\\Container\\BoundMethod::callBoundMethod()
#18 /media/flavio/3437-6262/Projetos/laravel_ecommerce/vendor/laravel/framework/src/Illuminate/Container/Container.php(694): Illuminate\\Container\\BoundMethod::call()
#19 /media/flavio/3437-6262/Projetos/laravel_ecommerce/vendor/laravel/framework/src/Illuminate/Console/Command.php(213): Illuminate\\Container\\Container->call()
#20 /media/flavio/3437-6262/Projetos/laravel_ecommerce/vendor/symfony/console/Command/Command.php(279): Illuminate\\Console\\Command->execute()
#21 /media/flavio/3437-6262/Projetos/laravel_ecommerce/vendor/laravel/framework/src/Illuminate/Console/Command.php(182): Symfony\\Component\\Console\\Command\\Command->run()
#22 /media/flavio/3437-6262/Projetos/laravel_ecommerce/vendor/symfony/console/Application.php(1094): Illuminate\\Console\\Command->run()
#23 /media/flavio/3437-6262/Projetos/laravel_ecommerce/vendor/symfony/console/Application.php(342): Symfony\\Component\\Console\\Application->doRunCommand()
#24 /media/flavio/3437-6262/Projetos/laravel_ecommerce/vendor/symfony/console/Application.php(193): Symfony\\Component\\Console\\Application->doRun()
#25 /media/flavio/3437-6262/Projetos/laravel_ecommerce/vendor/laravel/framework/src/Illuminate/Foundation/Console/Kernel.php(198): Symfony\\Component\\Console\\Application->run()
#26 /media/flavio/3437-6262/Projetos/laravel_ecommerce/vendor/laravel/framework/src/Illuminate/Foundation/Application.php(1205): Illuminate\\Foundation\\Console\\Kernel->handle()
#27 /media/flavio/3437-6262/Projetos/laravel_ecommerce/artisan(13): Illuminate\\Foundation\\Application->handleCommand()
#28 {main}
"} 
[2025-01-01 21:16:35] local.ERROR: Command "make:StoreController" is not defined.

Did you mean one of these?
    make:cache-table
    make:cast
    make:channel
    make:class
    make:command
    make:component
    make:controller
    make:enum
    make:event
    make:exception
    make:factory
    make:interface
    make:job
    make:job-middleware
    make:listener
    make:mail
    make:middleware
    make:migration
    make:model
    make:notification
    make:notifications-table
    make:observer
    make:policy
    make:provider
    make:queue-batches-table
    make:queue-failed-table
    make:queue-table
    make:request
    make:resource
    make:rule
    make:scope
    make:seeder
    make:session-table
    make:test
    make:trait
    make:view {"exception":"[object] (Symfony\\Component\\Console\\Exception\\CommandNotFoundException(code: 0): Command \"make:StoreController\" is not defined.

Did you mean one of these?
    make:cache-table
    make:cast
    make:channel
    make:class
    make:command
    make:component
    make:controller
    make:enum
    make:event
    make:exception
    make:factory
    make:interface
    make:job
    make:job-middleware
    make:listener
    make:mail
    make:middleware
    make:migration
    make:model
    make:notification
    make:notifications-table
    make:observer
    make:policy
    make:provider
    make:queue-batches-table
    make:queue-failed-table
    make:queue-table
    make:request
    make:resource
    make:rule
    make:scope
    make:seeder
    make:session-table
    make:test
    make:trait
    make:view at /media/flavio/3437-6262/Projetos/laravel_ecommerce/vendor/symfony/console/Application.php:726)
[stacktrace]
#0 /media/flavio/3437-6262/Projetos/laravel_ecommerce/vendor/symfony/console/Application.php(284): Symfony\\Component\\Console\\Application->find()
#1 /media/flavio/3437-6262/Projetos/laravel_ecommerce/vendor/symfony/console/Application.php(193): Symfony\\Component\\Console\\Application->doRun()
#2 /media/flavio/3437-6262/Projetos/laravel_ecommerce/vendor/laravel/framework/src/Illuminate/Foundation/Console/Kernel.php(198): Symfony\\Component\\Console\\Application->run()
#3 /media/flavio/3437-6262/Projetos/laravel_ecommerce/vendor/laravel/framework/src/Illuminate/Foundation/Application.php(1205): Illuminate\\Foundation\\Console\\Kernel->handle()
#4 /media/flavio/3437-6262/Projetos/laravel_ecommerce/artisan(13): Illuminate\\Foundation\\Application->handleCommand()
#5 {main}
"} 
[2025-01-01 21:16:54] local.ERROR: Command "make:contoller" is not defined.

Did you mean one of these?
    make:cache-table
    make:cast
    make:channel
    make:class
    make:command
    make:component
    make:controller
    make:enum
    make:event
    make:exception
    make:factory
    make:interface
    make:job
    make:job-middleware
    make:listener
    make:mail
    make:middleware
    make:migration
    make:model
    make:notification
    make:notifications-table
    make:observer
    make:policy
    make:provider
    make:queue-batches-table
    make:queue-failed-table
    make:queue-table
    make:request
    make:resource
    make:rule
    make:scope
    make:seeder
    make:session-table
    make:test
    make:trait
    make:view {"exception":"[object] (Symfony\\Component\\Console\\Exception\\CommandNotFoundException(code: 0): Command \"make:contoller\" is not defined.

Did you mean one of these?
    make:cache-table
    make:cast
    make:channel
    make:class
    make:command
    make:component
    make:controller
    make:enum
    make:event
    make:exception
    make:factory
    make:interface
    make:job
    make:job-middleware
    make:listener
    make:mail
    make:middleware
    make:migration
    make:model
    make:notification
    make:notifications-table
    make:observer
    make:policy
    make:provider
    make:queue-batches-table
    make:queue-failed-table
    make:queue-table
    make:request
    make:resource
    make:rule
    make:scope
    make:seeder
    make:session-table
    make:test
    make:trait
    make:view at /media/flavio/3437-6262/Projetos/laravel_ecommerce/vendor/symfony/console/Application.php:726)
[stacktrace]
#0 /media/flavio/3437-6262/Projetos/laravel_ecommerce/vendor/symfony/console/Application.php(284): Symfony\\Component\\Console\\Application->find()
#1 /media/flavio/3437-6262/Projetos/laravel_ecommerce/vendor/symfony/console/Application.php(193): Symfony\\Component\\Console\\Application->doRun()
#2 /media/flavio/3437-6262/Projetos/laravel_ecommerce/vendor/laravel/framework/src/Illuminate/Foundation/Console/Kernel.php(198): Symfony\\Component\\Console\\Application->run()
#3 /media/flavio/3437-6262/Projetos/laravel_ecommerce/vendor/laravel/framework/src/Illuminate/Foundation/Application.php(1205): Illuminate\\Foundation\\Console\\Kernel->handle()
#4 /media/flavio/3437-6262/Projetos/laravel_ecommerce/artisan(13): Illuminate\\Foundation\\Application->handleCommand()
#5 {main}
"} 
[2025-01-01 21:44:11] local.ERROR: Target class [StoreController] does not exist. {"exception":"[object] (Illuminate\\Contracts\\Container\\BindingResolutionException(code: 0): Target class [StoreController] does not exist. at /media/flavio/3437-6262/Projetos/laravel_ecommerce/vendor/laravel/framework/src/Illuminate/Container/Container.php:946)
[stacktrace]
#0 /media/flavio/3437-6262/Projetos/laravel_ecommerce/vendor/laravel/framework/src/Illuminate/Container/Container.php(819): Illuminate\\Container\\Container->build()
#1 /media/flavio/3437-6262/Projetos/laravel_ecommerce/vendor/laravel/framework/src/Illuminate/Foundation/Application.php(1048): Illuminate\\Container\\Container->resolve()
#2 /media/flavio/3437-6262/Projetos/laravel_ecommerce/vendor/laravel/framework/src/Illuminate/Container/Container.php(755): Illuminate\\Foundation\\Application->resolve()
#3 /media/flavio/3437-6262/Projetos/laravel_ecommerce/vendor/laravel/framework/src/Illuminate/Foundation/Application.php(1030): Illuminate\\Container\\Container->make()
#4 /media/flavio/3437-6262/Projetos/laravel_ecommerce/vendor/laravel/framework/src/Illuminate/Routing/Route.php(285): Illuminate\\Foundation\\Application->make()
#5 /media/flavio/3437-6262/Projetos/laravel_ecommerce/vendor/laravel/framework/src/Illuminate/Routing/Route.php(267): Illuminate\\Routing\\Route->getController()
#6 /media/flavio/3437-6262/Projetos/laravel_ecommerce/vendor/laravel/framework/src/Illuminate/Routing/Route.php(212): Illuminate\\Routing\\Route->runController()
#7 /media/flavio/3437-6262/Projetos/laravel_ecommerce/vendor/laravel/framework/src/Illuminate/Routing/Router.php(808): Illuminate\\Routing\\Route->run()
#8 /media/flavio/3437-6262/Projetos/laravel_ecommerce/vendor/laravel/framework/src/Illuminate/Pipeline/Pipeline.php(144): Illuminate\\Routing\\Router->Illuminate\\Routing\\{closure}()
#9 /media/flavio/3437-6262/Projetos/laravel_ecommerce/vendor/laravel/framework/src/Illuminate/Routing/Middleware/SubstituteBindings.php(51): Illuminate\\Pipeline\\Pipeline->Illuminate\\Pipeline\\{closure}()
#10 /media/flavio/3437-6262/Projetos/laravel_ecommerce/vendor/laravel/framework/src/Illuminate/Pipeline/Pipeline.php(183): Illuminate\\Routing\\Middleware\\SubstituteBindings->handle()
#11 /media/flavio/3437-6262/Projetos/laravel_ecommerce/vendor/laravel/framework/src/Illuminate/Foundation/Http/Middleware/VerifyCsrfToken.php(88): Illuminate\\Pipeline\\Pipeline->Illuminate\\Pipeline\\{closure}()
#12 /media/flavio/3437-6262/Projetos/laravel_ecommerce/vendor/laravel/framework/src/Illuminate/Pipeline/Pipeline.php(183): Illuminate\\Foundation\\Http\\Middleware\\VerifyCsrfToken->handle()
#13 /media/flavio/3437-6262/Projetos/laravel_ecommerce/vendor/laravel/framework/src/Illuminate/View/Middleware/ShareErrorsFromSession.php(49): Illuminate\\Pipeline\\Pipeline->Illuminate\\Pipeline\\{closure}()
#14 /media/flavio/3437-6262/Projetos/laravel_ecommerce/vendor/laravel/framework/src/Illuminate/Pipeline/Pipeline.php(183): Illuminate\\View\\Middleware\\ShareErrorsFromSession->handle()
#15 /media/flavio/3437-6262/Projetos/laravel_ecommerce/vendor/laravel/framework/src/Illuminate/Session/Middleware/StartSession.php(121): Illuminate\\Pipeline\\Pipeline->Illuminate\\Pipeline\\{closure}()
#16 /media/flavio/3437-6262/Projetos/laravel_ecommerce/vendor/laravel/framework/src/Illuminate/Session/Middleware/StartSession.php(64): Illuminate\\Session\\Middleware\\StartSession->handleStatefulRequest()
#17 /media/flavio/3437-6262/Projetos/laravel_ecommerce/vendor/laravel/framework/src/Illuminate/Pipeline/Pipeline.php(183): Illuminate\\Session\\Middleware\\StartSession->handle()
#18 /media/flavio/3437-6262/Projetos/laravel_ecommerce/vendor/laravel/framework/src/Illuminate/Cookie/Middleware/AddQueuedCookiesToResponse.php(37): Illuminate\\Pipeline\\Pipeline->Illuminate\\Pipeline\\{closure}()
#19 /media/flavio/3437-6262/Projetos/laravel_ecommerce/vendor/laravel/framework/src/Illuminate/Pipeline/Pipeline.php(183): Illuminate\\Cookie\\Middleware\\AddQueuedCookiesToResponse->handle()
#20 /media/flavio/3437-6262/Projetos/laravel_ecommerce/vendor/laravel/framework/src/Illuminate/Cookie/Middleware/EncryptCookies.php(75): Illuminate\\Pipeline\\Pipeline->Illuminate\\Pipeline\\{closure}()
#21 /media/flavio/3437-6262/Projetos/laravel_ecommerce/vendor/laravel/framework/src/Illuminate/Pipeline/Pipeline.php(183): Illuminate\\Cookie\\Middleware\\EncryptCookies->handle()
#22 /media/flavio/3437-6262/Projetos/laravel_ecommerce/vendor/laravel/framework/src/Illuminate/Pipeline/Pipeline.php(119): Illuminate\\Pipeline\\Pipeline->Illuminate\\Pipeline\\{closure}()
#23 /media/flavio/3437-6262/Projetos/laravel_ecommerce/vendor/laravel/framework/src/Illuminate/Routing/Router.php(807): Illuminate\\Pipeline\\Pipeline->then()
#24 /media/flavio/3437-6262/Projetos/laravel_ecommerce/vendor/laravel/framework/src/Illuminate/Routing/Router.php(786): Illuminate\\Routing\\Router->runRouteWithinStack()
#25 /media/flavio/3437-6262/Projetos/laravel_ecommerce/vendor/laravel/framework/src/Illuminate/Routing/Router.php(750): Illuminate\\Routing\\Router->runRoute()
#26 /media/flavio/3437-6262/Projetos/laravel_ecommerce/vendor/laravel/framework/src/Illuminate/Routing/Router.php(739): Illuminate\\Routing\\Router->dispatchToRoute()
#27 /media/flavio/3437-6262/Projetos/laravel_ecommerce/vendor/laravel/framework/src/Illuminate/Foundation/Http/Kernel.php(201): Illuminate\\Routing\\Router->dispatch()
#28 /media/flavio/3437-6262/Projetos/laravel_ecommerce/vendor/laravel/framework/src/Illuminate/Pipeline/Pipeline.php(144): Illuminate\\Foundation\\Http\\Kernel->Illuminate\\Foundation\\Http\\{closure}()
#29 /media/flavio/3437-6262/Projetos/laravel_ecommerce/vendor/laravel/framework/src/Illuminate/Foundation/Http/Middleware/TransformsRequest.php(21): Illuminate\\Pipeline\\Pipeline->Illuminate\\Pipeline\\{closure}()
#30 /media/flavio/3437-6262/Projetos/laravel_ecommerce/vendor/laravel/framework/src/Illuminate/Foundation/Http/Middleware/ConvertEmptyStringsToNull.php(31): Illuminate\\Foundation\\Http\\Middleware\\TransformsRequest->handle()
#31 /media/flavio/3437-6262/Projetos/laravel_ecommerce/vendor/laravel/framework/src/Illuminate/Pipeline/Pipeline.php(183): Illuminate\\Foundation\\Http\\Middleware\\ConvertEmptyStringsToNull->handle()
#32 /media/flavio/3437-6262/Projetos/laravel_ecommerce/vendor/laravel/framework/src/Illuminate/Foundation/Http/Middleware/TransformsRequest.php(21): Illuminate\\Pipeline\\Pipeline->Illuminate\\Pipeline\\{closure}()
#33 /media/flavio/3437-6262/Projetos/laravel_ecommerce/vendor/laravel/framework/src/Illuminate/Foundation/Http/Middleware/TrimStrings.php(51): Illuminate\\Foundation\\Http\\Middleware\\TransformsRequest->handle()
#34 /media/flavio/3437-6262/Projetos/laravel_ecommerce/vendor/laravel/framework/src/Illuminate/Pipeline/Pipeline.php(183): Illuminate\\Foundation\\Http\\Middleware\\TrimStrings->handle()
#35 /media/flavio/3437-6262/Projetos/laravel_ecommerce/vendor/laravel/framework/src/Illuminate/Http/Middleware/ValidatePostSize.php(27): Illuminate\\Pipeline\\Pipeline->Illuminate\\Pipeline\\{closure}()
#36 /media/flavio/3437-6262/Projetos/laravel_ecommerce/vendor/laravel/framework/src/Illuminate/Pipeline/Pipeline.php(183): Illuminate\\Http\\Middleware\\ValidatePostSize->handle()
#37 /media/flavio/3437-6262/Projetos/laravel_ecommerce/vendor/laravel/framework/src/Illuminate/Foundation/Http/Middleware/PreventRequestsDuringMaintenance.php(110): Illuminate\\Pipeline\\Pipeline->Illuminate\\Pipeline\\{closure}()
#38 /media/flavio/3437-6262/Projetos/laravel_ecommerce/vendor/laravel/framework/src/Illuminate/Pipeline/Pipeline.php(183): Illuminate\\Foundation\\Http\\Middleware\\PreventRequestsDuringMaintenance->handle()
#39 /media/flavio/3437-6262/Projetos/laravel_ecommerce/vendor/laravel/framework/src/Illuminate/Http/Middleware/HandleCors.php(49): Illuminate\\Pipeline\\Pipeline->Illuminate\\Pipeline\\{closure}()
#40 /media/flavio/3437-6262/Projetos/laravel_ecommerce/vendor/laravel/framework/src/Illuminate/Pipeline/Pipeline.php(183): Illuminate\\Http\\Middleware\\HandleCors->handle()
#41 /media/flavio/3437-6262/Projetos/laravel_ecommerce/vendor/laravel/framework/src/Illuminate/Http/Middleware/TrustProxies.php(58): Illuminate\\Pipeline\\Pipeline->Illuminate\\Pipeline\\{closure}()
#42 /media/flavio/3437-6262/Projetos/laravel_ecommerce/vendor/laravel/framework/src/Illuminate/Pipeline/Pipeline.php(183): Illuminate\\Http\\Middleware\\TrustProxies->handle()
#43 /media/flavio/3437-6262/Projetos/laravel_ecommerce/vendor/laravel/framework/src/Illuminate/Foundation/Http/Middleware/InvokeDeferredCallbacks.php(22): Illuminate\\Pipeline\\Pipeline->Illuminate\\Pipeline\\{closure}()
#44 /media/flavio/3437-6262/Projetos/laravel_ecommerce/vendor/laravel/framework/src/Illuminate/Pipeline/Pipeline.php(183): Illuminate\\Foundation\\Http\\Middleware\\InvokeDeferredCallbacks->handle()
#45 /media/flavio/3437-6262/Projetos/laravel_ecommerce/vendor/laravel/framework/src/Illuminate/Pipeline/Pipeline.php(119): Illuminate\\Pipeline\\Pipeline->Illuminate\\Pipeline\\{closure}()
#46 /media/flavio/3437-6262/Projetos/laravel_ecommerce/vendor/laravel/framework/src/Illuminate/Foundation/Http/Kernel.php(176): Illuminate\\Pipeline\\Pipeline->then()
#47 /media/flavio/3437-6262/Projetos/laravel_ecommerce/vendor/laravel/framework/src/Illuminate/Foundation/Http/Kernel.php(145): Illuminate\\Foundation\\Http\\Kernel->sendRequestThroughRouter()
#48 /media/flavio/3437-6262/Projetos/laravel_ecommerce/vendor/laravel/framework/src/Illuminate/Foundation/Application.php(1190): Illuminate\\Foundation\\Http\\Kernel->handle()
#49 /media/flavio/3437-6262/Projetos/laravel_ecommerce/public/index.php(17): Illuminate\\Foundation\\Application->handleRequest()
#50 /media/flavio/3437-6262/Projetos/laravel_ecommerce/vendor/laravel/framework/src/Illuminate/Foundation/resources/server.php(23): require_once('...')
#51 {main}

[previous exception] [object] (ReflectionException(code: -1): Class \"StoreController\" does not exist at /media/flavio/3437-6262/Projetos/laravel_ecommerce/vendor/laravel/framework/src/Illuminate/Container/Container.php:944)
[stacktrace]
#0 /media/flavio/3437-6262/Projetos/laravel_ecommerce/vendor/laravel/framework/src/Illuminate/Container/Container.php(944): ReflectionClass->__construct()
#1 /media/flavio/3437-6262/Projetos/laravel_ecommerce/vendor/laravel/framework/src/Illuminate/Container/Container.php(819): Illuminate\\Container\\Container->build()
#2 /media/flavio/3437-6262/Projetos/laravel_ecommerce/vendor/laravel/framework/src/Illuminate/Foundation/Application.php(1048): Illuminate\\Container\\Container->resolve()
#3 /media/flavio/3437-6262/Projetos/laravel_ecommerce/vendor/laravel/framework/src/Illuminate/Container/Container.php(755): Illuminate\\Foundation\\Application->resolve()
#4 /media/flavio/3437-6262/Projetos/laravel_ecommerce/vendor/laravel/framework/src/Illuminate/Foundation/Application.php(1030): Illuminate\\Container\\Container->make()
#5 /media/flavio/3437-6262/Projetos/laravel_ecommerce/vendor/laravel/framework/src/Illuminate/Routing/Route.php(285): Illuminate\\Foundation\\Application->make()
#6 /media/flavio/3437-6262/Projetos/laravel_ecommerce/vendor/laravel/framework/src/Illuminate/Routing/Route.php(267): Illuminate\\Routing\\Route->getController()
#7 /media/flavio/3437-6262/Projetos/laravel_ecommerce/vendor/laravel/framework/src/Illuminate/Routing/Route.php(212): Illuminate\\Routing\\Route->runController()
#8 /media/flavio/3437-6262/Projetos/laravel_ecommerce/vendor/laravel/framework/src/Illuminate/Routing/Router.php(808): Illuminate\\Routing\\Route->run()
#9 /media/flavio/3437-6262/Projetos/laravel_ecommerce/vendor/laravel/framework/src/Illuminate/Pipeline/Pipeline.php(144): Illuminate\\Routing\\Router->Illuminate\\Routing\\{closure}()
#10 /media/flavio/3437-6262/Projetos/laravel_ecommerce/vendor/laravel/framework/src/Illuminate/Routing/Middleware/SubstituteBindings.php(51): Illuminate\\Pipeline\\Pipeline->Illuminate\\Pipeline\\{closure}()
#11 /media/flavio/3437-6262/Projetos/laravel_ecommerce/vendor/laravel/framework/src/Illuminate/Pipeline/Pipeline.php(183): Illuminate\\Routing\\Middleware\\SubstituteBindings->handle()
#12 /media/flavio/3437-6262/Projetos/laravel_ecommerce/vendor/laravel/framework/src/Illuminate/Foundation/Http/Middleware/VerifyCsrfToken.php(88): Illuminate\\Pipeline\\Pipeline->Illuminate\\Pipeline\\{closure}()
#13 /media/flavio/3437-6262/Projetos/laravel_ecommerce/vendor/laravel/framework/src/Illuminate/Pipeline/Pipeline.php(183): Illuminate\\Foundation\\Http\\Middleware\\VerifyCsrfToken->handle()
#14 /media/flavio/3437-6262/Projetos/laravel_ecommerce/vendor/laravel/framework/src/Illuminate/View/Middleware/ShareErrorsFromSession.php(49): Illuminate\\Pipeline\\Pipeline->Illuminate\\Pipeline\\{closure}()
#15 /media/flavio/3437-6262/Projetos/laravel_ecommerce/vendor/laravel/framework/src/Illuminate/Pipeline/Pipeline.php(183): Illuminate\\View\\Middleware\\ShareErrorsFromSession->handle()
#16 /media/flavio/3437-6262/Projetos/laravel_ecommerce/vendor/laravel/framework/src/Illuminate/Session/Middleware/StartSession.php(121): Illuminate\\Pipeline\\Pipeline->Illuminate\\Pipeline\\{closure}()
#17 /media/flavio/3437-6262/Projetos/laravel_ecommerce/vendor/laravel/framework/src/Illuminate/Session/Middleware/StartSession.php(64): Illuminate\\Session\\Middleware\\StartSession->handleStatefulRequest()
#18 /media/flavio/3437-6262/Projetos/laravel_ecommerce/vendor/laravel/framework/src/Illuminate/Pipeline/Pipeline.php(183): Illuminate\\Session\\Middleware\\StartSession->handle()
#19 /media/flavio/3437-6262/Projetos/laravel_ecommerce/vendor/laravel/framework/src/Illuminate/Cookie/Middleware/AddQueuedCookiesToResponse.php(37): Illuminate\\Pipeline\\Pipeline->Illuminate\\Pipeline\\{closure}()
#20 /media/flavio/3437-6262/Projetos/laravel_ecommerce/vendor/laravel/framework/src/Illuminate/Pipeline/Pipeline.php(183): Illuminate\\Cookie\\Middleware\\AddQueuedCookiesToResponse->handle()
#21 /media/flavio/3437-6262/Projetos/laravel_ecommerce/vendor/laravel/framework/src/Illuminate/Cookie/Middleware/EncryptCookies.php(75): Illuminate\\Pipeline\\Pipeline->Illuminate\\Pipeline\\{closure}()
#22 /media/flavio/3437-6262/Projetos/laravel_ecommerce/vendor/laravel/framework/src/Illuminate/Pipeline/Pipeline.php(183): Illuminate\\Cookie\\Middleware\\EncryptCookies->handle()
#23 /media/flavio/3437-6262/Projetos/laravel_ecommerce/vendor/laravel/framework/src/Illuminate/Pipeline/Pipeline.php(119): Illuminate\\Pipeline\\Pipeline->Illuminate\\Pipeline\\{closure}()
#24 /media/flavio/3437-6262/Projetos/laravel_ecommerce/vendor/laravel/framework/src/Illuminate/Routing/Router.php(807): Illuminate\\Pipeline\\Pipeline->then()
#25 /media/flavio/3437-6262/Projetos/laravel_ecommerce/vendor/laravel/framework/src/Illuminate/Routing/Router.php(786): Illuminate\\Routing\\Router->runRouteWithinStack()
#26 /media/flavio/3437-6262/Projetos/laravel_ecommerce/vendor/laravel/framework/src/Illuminate/Routing/Router.php(750): Illuminate\\Routing\\Router->runRoute()
#27 /media/flavio/3437-6262/Projetos/laravel_ecommerce/vendor/laravel/framework/src/Illuminate/Routing/Router.php(739): Illuminate\\Routing\\Router->dispatchToRoute()
#28 /media/flavio/3437-6262/Projetos/laravel_ecommerce/vendor/laravel/framework/src/Illuminate/Foundation/Http/Kernel.php(201): Illuminate\\Routing\\Router->dispatch()
#29 /media/flavio/3437-6262/Projetos/laravel_ecommerce/vendor/laravel/framework/src/Illuminate/Pipeline/Pipeline.php(144): Illuminate\\Foundation\\Http\\Kernel->Illuminate\\Foundation\\Http\\{closure}()
#30 /media/flavio/3437-6262/Projetos/laravel_ecommerce/vendor/laravel/framework/src/Illuminate/Foundation/Http/Middleware/TransformsRequest.php(21): Illuminate\\Pipeline\\Pipeline->Illuminate\\Pipeline\\{closure}()
#31 /media/flavio/3437-6262/Projetos/laravel_ecommerce/vendor/laravel/framework/src/Illuminate/Foundation/Http/Middleware/ConvertEmptyStringsToNull.php(31): Illuminate\\Foundation\\Http\\Middleware\\TransformsRequest->handle()
#32 /media/flavio/3437-6262/Projetos/laravel_ecommerce/vendor/laravel/framework/src/Illuminate/Pipeline/Pipeline.php(183): Illuminate\\Foundation\\Http\\Middleware\\ConvertEmptyStringsToNull->handle()
#33 /media/flavio/3437-6262/Projetos/laravel_ecommerce/vendor/laravel/framework/src/Illuminate/Foundation/Http/Middleware/TransformsRequest.php(21): Illuminate\\Pipeline\\Pipeline->Illuminate\\Pipeline\\{closure}()
#34 /media/flavio/3437-6262/Projetos/laravel_ecommerce/vendor/laravel/framework/src/Illuminate/Foundation/Http/Middleware/TrimStrings.php(51): Illuminate\\Foundation\\Http\\Middleware\\TransformsRequest->handle()
#35 /media/flavio/3437-6262/Projetos/laravel_ecommerce/vendor/laravel/framework/src/Illuminate/Pipeline/Pipeline.php(183): Illuminate\\Foundation\\Http\\Middleware\\TrimStrings->handle()
#36 /media/flavio/3437-6262/Projetos/laravel_ecommerce/vendor/laravel/framework/src/Illuminate/Http/Middleware/ValidatePostSize.php(27): Illuminate\\Pipeline\\Pipeline->Illuminate\\Pipeline\\{closure}()
#37 /media/flavio/3437-6262/Projetos/laravel_ecommerce/vendor/laravel/framework/src/Illuminate/Pipeline/Pipeline.php(183): Illuminate\\Http\\Middleware\\ValidatePostSize->handle()
#38 /media/flavio/3437-6262/Projetos/laravel_ecommerce/vendor/laravel/framework/src/Illuminate/Foundation/Http/Middleware/PreventRequestsDuringMaintenance.php(110): Illuminate\\Pipeline\\Pipeline->Illuminate\\Pipeline\\{closure}()
#39 /media/flavio/3437-6262/Projetos/laravel_ecommerce/vendor/laravel/framework/src/Illuminate/Pipeline/Pipeline.php(183): Illuminate\\Foundation\\Http\\Middleware\\PreventRequestsDuringMaintenance->handle()
#40 /media/flavio/3437-6262/Projetos/laravel_ecommerce/vendor/laravel/framework/src/Illuminate/Http/Middleware/HandleCors.php(49): Illuminate\\Pipeline\\Pipeline->Illuminate\\Pipeline\\{closure}()
#41 /media/flavio/3437-6262/Projetos/laravel_ecommerce/vendor/laravel/framework/src/Illuminate/Pipeline/Pipeline.php(183): Illuminate\\Http\\Middleware\\HandleCors->handle()
#42 /media/flavio/3437-6262/Projetos/laravel_ecommerce/vendor/laravel/framework/src/Illuminate/Http/Middleware/TrustProxies.php(58): Illuminate\\Pipeline\\Pipeline->Illuminate\\Pipeline\\{closure}()
#43 /media/flavio/3437-6262/Projetos/laravel_ecommerce/vendor/laravel/framework/src/Illuminate/Pipeline/Pipeline.php(183): Illuminate\\Http\\Middleware\\TrustProxies->handle()
#44 /media/flavio/3437-6262/Projetos/laravel_ecommerce/vendor/laravel/framework/src/Illuminate/Foundation/Http/Middleware/InvokeDeferredCallbacks.php(22): Illuminate\\Pipeline\\Pipeline->Illuminate\\Pipeline\\{closure}()
#45 /media/flavio/3437-6262/Projetos/laravel_ecommerce/vendor/laravel/framework/src/Illuminate/Pipeline/Pipeline.php(183): Illuminate\\Foundation\\Http\\Middleware\\InvokeDeferredCallbacks->handle()
#46 /media/flavio/3437-6262/Projetos/laravel_ecommerce/vendor/laravel/framework/src/Illuminate/Pipeline/Pipeline.php(119): Illuminate\\Pipeline\\Pipeline->Illuminate\\Pipeline\\{closure}()
#47 /media/flavio/3437-6262/Projetos/laravel_ecommerce/vendor/laravel/framework/src/Illuminate/Foundation/Http/Kernel.php(176): Illuminate\\Pipeline\\Pipeline->then()
#48 /media/flavio/3437-6262/Projetos/laravel_ecommerce/vendor/laravel/framework/src/Illuminate/Foundation/Http/Kernel.php(145): Illuminate\\Foundation\\Http\\Kernel->sendRequestThroughRouter()
#49 /media/flavio/3437-6262/Projetos/laravel_ecommerce/vendor/laravel/framework/src/Illuminate/Foundation/Application.php(1190): Illuminate\\Foundation\\Http\\Kernel->handle()
#50 /media/flavio/3437-6262/Projetos/laravel_ecommerce/public/index.php(17): Illuminate\\Foundation\\Application->handleRequest()
#51 /media/flavio/3437-6262/Projetos/laravel_ecommerce/vendor/laravel/framework/src/Illuminate/Foundation/resources/server.php(23): require_once('...')
#52 {main}
"} 
[2025-01-01 21:46:08] local.ERROR: Target class [StoreController] does not exist. {"exception":"[object] (Illuminate\\Contracts\\Container\\BindingResolutionException(code: 0): Target class [StoreController] does not exist. at /media/flavio/3437-6262/Projetos/laravel_ecommerce/vendor/laravel/framework/src/Illuminate/Container/Container.php:946)
[stacktrace]
#0 /media/flavio/3437-6262/Projetos/laravel_ecommerce/vendor/laravel/framework/src/Illuminate/Container/Container.php(819): Illuminate\\Container\\Container->build()
#1 /media/flavio/3437-6262/Projetos/laravel_ecommerce/vendor/laravel/framework/src/Illuminate/Foundation/Application.php(1048): Illuminate\\Container\\Container->resolve()
#2 /media/flavio/3437-6262/Projetos/laravel_ecommerce/vendor/laravel/framework/src/Illuminate/Container/Container.php(755): Illuminate\\Foundation\\Application->resolve()
#3 /media/flavio/3437-6262/Projetos/laravel_ecommerce/vendor/laravel/framework/src/Illuminate/Foundation/Application.php(1030): Illuminate\\Container\\Container->make()
#4 /media/flavio/3437-6262/Projetos/laravel_ecommerce/vendor/laravel/framework/src/Illuminate/Routing/Route.php(285): Illuminate\\Foundation\\Application->make()
#5 /media/flavio/3437-6262/Projetos/laravel_ecommerce/vendor/laravel/framework/src/Illuminate/Routing/Route.php(267): Illuminate\\Routing\\Route->getController()
#6 /media/flavio/3437-6262/Projetos/laravel_ecommerce/vendor/laravel/framework/src/Illuminate/Routing/Route.php(212): Illuminate\\Routing\\Route->runController()
#7 /media/flavio/3437-6262/Projetos/laravel_ecommerce/vendor/laravel/framework/src/Illuminate/Routing/Router.php(808): Illuminate\\Routing\\Route->run()
#8 /media/flavio/3437-6262/Projetos/laravel_ecommerce/vendor/laravel/framework/src/Illuminate/Pipeline/Pipeline.php(144): Illuminate\\Routing\\Router->Illuminate\\Routing\\{closure}()
#9 /media/flavio/3437-6262/Projetos/laravel_ecommerce/vendor/laravel/framework/src/Illuminate/Routing/Middleware/SubstituteBindings.php(51): Illuminate\\Pipeline\\Pipeline->Illuminate\\Pipeline\\{closure}()
#10 /media/flavio/3437-6262/Projetos/laravel_ecommerce/vendor/laravel/framework/src/Illuminate/Pipeline/Pipeline.php(183): Illuminate\\Routing\\Middleware\\SubstituteBindings->handle()
#11 /media/flavio/3437-6262/Projetos/laravel_ecommerce/vendor/laravel/framework/src/Illuminate/Foundation/Http/Middleware/VerifyCsrfToken.php(88): Illuminate\\Pipeline\\Pipeline->Illuminate\\Pipeline\\{closure}()
#12 /media/flavio/3437-6262/Projetos/laravel_ecommerce/vendor/laravel/framework/src/Illuminate/Pipeline/Pipeline.php(183): Illuminate\\Foundation\\Http\\Middleware\\VerifyCsrfToken->handle()
#13 /media/flavio/3437-6262/Projetos/laravel_ecommerce/vendor/laravel/framework/src/Illuminate/View/Middleware/ShareErrorsFromSession.php(49): Illuminate\\Pipeline\\Pipeline->Illuminate\\Pipeline\\{closure}()
#14 /media/flavio/3437-6262/Projetos/laravel_ecommerce/vendor/laravel/framework/src/Illuminate/Pipeline/Pipeline.php(183): Illuminate\\View\\Middleware\\ShareErrorsFromSession->handle()
#15 /media/flavio/3437-6262/Projetos/laravel_ecommerce/vendor/laravel/framework/src/Illuminate/Session/Middleware/StartSession.php(121): Illuminate\\Pipeline\\Pipeline->Illuminate\\Pipeline\\{closure}()
#16 /media/flavio/3437-6262/Projetos/laravel_ecommerce/vendor/laravel/framework/src/Illuminate/Session/Middleware/StartSession.php(64): Illuminate\\Session\\Middleware\\StartSession->handleStatefulRequest()
#17 /media/flavio/3437-6262/Projetos/laravel_ecommerce/vendor/laravel/framework/src/Illuminate/Pipeline/Pipeline.php(183): Illuminate\\Session\\Middleware\\StartSession->handle()
#18 /media/flavio/3437-6262/Projetos/laravel_ecommerce/vendor/laravel/framework/src/Illuminate/Cookie/Middleware/AddQueuedCookiesToResponse.php(37): Illuminate\\Pipeline\\Pipeline->Illuminate\\Pipeline\\{closure}()
#19 /media/flavio/3437-6262/Projetos/laravel_ecommerce/vendor/laravel/framework/src/Illuminate/Pipeline/Pipeline.php(183): Illuminate\\Cookie\\Middleware\\AddQueuedCookiesToResponse->handle()
#20 /media/flavio/3437-6262/Projetos/laravel_ecommerce/vendor/laravel/framework/src/Illuminate/Cookie/Middleware/EncryptCookies.php(75): Illuminate\\Pipeline\\Pipeline->Illuminate\\Pipeline\\{closure}()
#21 /media/flavio/3437-6262/Projetos/laravel_ecommerce/vendor/laravel/framework/src/Illuminate/Pipeline/Pipeline.php(183): Illuminate\\Cookie\\Middleware\\EncryptCookies->handle()
#22 /media/flavio/3437-6262/Projetos/laravel_ecommerce/vendor/laravel/framework/src/Illuminate/Pipeline/Pipeline.php(119): Illuminate\\Pipeline\\Pipeline->Illuminate\\Pipeline\\{closure}()
#23 /media/flavio/3437-6262/Projetos/laravel_ecommerce/vendor/laravel/framework/src/Illuminate/Routing/Router.php(807): Illuminate\\Pipeline\\Pipeline->then()
#24 /media/flavio/3437-6262/Projetos/laravel_ecommerce/vendor/laravel/framework/src/Illuminate/Routing/Router.php(786): Illuminate\\Routing\\Router->runRouteWithinStack()
#25 /media/flavio/3437-6262/Projetos/laravel_ecommerce/vendor/laravel/framework/src/Illuminate/Routing/Router.php(750): Illuminate\\Routing\\Router->runRoute()
#26 /media/flavio/3437-6262/Projetos/laravel_ecommerce/vendor/laravel/framework/src/Illuminate/Routing/Router.php(739): Illuminate\\Routing\\Router->dispatchToRoute()
#27 /media/flavio/3437-6262/Projetos/laravel_ecommerce/vendor/laravel/framework/src/Illuminate/Foundation/Http/Kernel.php(201): Illuminate\\Routing\\Router->dispatch()
#28 /media/flavio/3437-6262/Projetos/laravel_ecommerce/vendor/laravel/framework/src/Illuminate/Pipeline/Pipeline.php(144): Illuminate\\Foundation\\Http\\Kernel->Illuminate\\Foundation\\Http\\{closure}()
#29 /media/flavio/3437-6262/Projetos/laravel_ecommerce/vendor/laravel/framework/src/Illuminate/Foundation/Http/Middleware/TransformsRequest.php(21): Illuminate\\Pipeline\\Pipeline->Illuminate\\Pipeline\\{closure}()
#30 /media/flavio/3437-6262/Projetos/laravel_ecommerce/vendor/laravel/framework/src/Illuminate/Foundation/Http/Middleware/ConvertEmptyStringsToNull.php(31): Illuminate\\Foundation\\Http\\Middleware\\TransformsRequest->handle()
#31 /media/flavio/3437-6262/Projetos/laravel_ecommerce/vendor/laravel/framework/src/Illuminate/Pipeline/Pipeline.php(183): Illuminate\\Foundation\\Http\\Middleware\\ConvertEmptyStringsToNull->handle()
#32 /media/flavio/3437-6262/Projetos/laravel_ecommerce/vendor/laravel/framework/src/Illuminate/Foundation/Http/Middleware/TransformsRequest.php(21): Illuminate\\Pipeline\\Pipeline->Illuminate\\Pipeline\\{closure}()
#33 /media/flavio/3437-6262/Projetos/laravel_ecommerce/vendor/laravel/framework/src/Illuminate/Foundation/Http/Middleware/TrimStrings.php(51): Illuminate\\Foundation\\Http\\Middleware\\TransformsRequest->handle()
#34 /media/flavio/3437-6262/Projetos/laravel_ecommerce/vendor/laravel/framework/src/Illuminate/Pipeline/Pipeline.php(183): Illuminate\\Foundation\\Http\\Middleware\\TrimStrings->handle()
#35 /media/flavio/3437-6262/Projetos/laravel_ecommerce/vendor/laravel/framework/src/Illuminate/Http/Middleware/ValidatePostSize.php(27): Illuminate\\Pipeline\\Pipeline->Illuminate\\Pipeline\\{closure}()
#36 /media/flavio/3437-6262/Projetos/laravel_ecommerce/vendor/laravel/framework/src/Illuminate/Pipeline/Pipeline.php(183): Illuminate\\Http\\Middleware\\ValidatePostSize->handle()
#37 /media/flavio/3437-6262/Projetos/laravel_ecommerce/vendor/laravel/framework/src/Illuminate/Foundation/Http/Middleware/PreventRequestsDuringMaintenance.php(110): Illuminate\\Pipeline\\Pipeline->Illuminate\\Pipeline\\{closure}()
#38 /media/flavio/3437-6262/Projetos/laravel_ecommerce/vendor/laravel/framework/src/Illuminate/Pipeline/Pipeline.php(183): Illuminate\\Foundation\\Http\\Middleware\\PreventRequestsDuringMaintenance->handle()
#39 /media/flavio/3437-6262/Projetos/laravel_ecommerce/vendor/laravel/framework/src/Illuminate/Http/Middleware/HandleCors.php(49): Illuminate\\Pipeline\\Pipeline->Illuminate\\Pipeline\\{closure}()
#40 /media/flavio/3437-6262/Projetos/laravel_ecommerce/vendor/laravel/framework/src/Illuminate/Pipeline/Pipeline.php(183): Illuminate\\Http\\Middleware\\HandleCors->handle()
#41 /media/flavio/3437-6262/Projetos/laravel_ecommerce/vendor/laravel/framework/src/Illuminate/Http/Middleware/TrustProxies.php(58): Illuminate\\Pipeline\\Pipeline->Illuminate\\Pipeline\\{closure}()
#42 /media/flavio/3437-6262/Projetos/laravel_ecommerce/vendor/laravel/framework/src/Illuminate/Pipeline/Pipeline.php(183): Illuminate\\Http\\Middleware\\TrustProxies->handle()
#43 /media/flavio/3437-6262/Projetos/laravel_ecommerce/vendor/laravel/framework/src/Illuminate/Foundation/Http/Middleware/InvokeDeferredCallbacks.php(22): Illuminate\\Pipeline\\Pipeline->Illuminate\\Pipeline\\{closure}()
#44 /media/flavio/3437-6262/Projetos/laravel_ecommerce/vendor/laravel/framework/src/Illuminate/Pipeline/Pipeline.php(183): Illuminate\\Foundation\\Http\\Middleware\\InvokeDeferredCallbacks->handle()
#45 /media/flavio/3437-6262/Projetos/laravel_ecommerce/vendor/laravel/framework/src/Illuminate/Pipeline/Pipeline.php(119): Illuminate\\Pipeline\\Pipeline->Illuminate\\Pipeline\\{closure}()
#46 /media/flavio/3437-6262/Projetos/laravel_ecommerce/vendor/laravel/framework/src/Illuminate/Foundation/Http/Kernel.php(176): Illuminate\\Pipeline\\Pipeline->then()
#47 /media/flavio/3437-6262/Projetos/laravel_ecommerce/vendor/laravel/framework/src/Illuminate/Foundation/Http/Kernel.php(145): Illuminate\\Foundation\\Http\\Kernel->sendRequestThroughRouter()
#48 /media/flavio/3437-6262/Projetos/laravel_ecommerce/vendor/laravel/framework/src/Illuminate/Foundation/Application.php(1190): Illuminate\\Foundation\\Http\\Kernel->handle()
#49 /media/flavio/3437-6262/Projetos/laravel_ecommerce/public/index.php(17): Illuminate\\Foundation\\Application->handleRequest()
#50 /media/flavio/3437-6262/Projetos/laravel_ecommerce/vendor/laravel/framework/src/Illuminate/Foundation/resources/server.php(23): require_once('...')
#51 {main}

[previous exception] [object] (ReflectionException(code: -1): Class \"StoreController\" does not exist at /media/flavio/3437-6262/Projetos/laravel_ecommerce/vendor/laravel/framework/src/Illuminate/Container/Container.php:944)
[stacktrace]
#0 /media/flavio/3437-6262/Projetos/laravel_ecommerce/vendor/laravel/framework/src/Illuminate/Container/Container.php(944): ReflectionClass->__construct()
#1 /media/flavio/3437-6262/Projetos/laravel_ecommerce/vendor/laravel/framework/src/Illuminate/Container/Container.php(819): Illuminate\\Container\\Container->build()
#2 /media/flavio/3437-6262/Projetos/laravel_ecommerce/vendor/laravel/framework/src/Illuminate/Foundation/Application.php(1048): Illuminate\\Container\\Container->resolve()
#3 /media/flavio/3437-6262/Projetos/laravel_ecommerce/vendor/laravel/framework/src/Illuminate/Container/Container.php(755): Illuminate\\Foundation\\Application->resolve()
#4 /media/flavio/3437-6262/Projetos/laravel_ecommerce/vendor/laravel/framework/src/Illuminate/Foundation/Application.php(1030): Illuminate\\Container\\Container->make()
#5 /media/flavio/3437-6262/Projetos/laravel_ecommerce/vendor/laravel/framework/src/Illuminate/Routing/Route.php(285): Illuminate\\Foundation\\Application->make()
#6 /media/flavio/3437-6262/Projetos/laravel_ecommerce/vendor/laravel/framework/src/Illuminate/Routing/Route.php(267): Illuminate\\Routing\\Route->getController()
#7 /media/flavio/3437-6262/Projetos/laravel_ecommerce/vendor/laravel/framework/src/Illuminate/Routing/Route.php(212): Illuminate\\Routing\\Route->runController()
#8 /media/flavio/3437-6262/Projetos/laravel_ecommerce/vendor/laravel/framework/src/Illuminate/Routing/Router.php(808): Illuminate\\Routing\\Route->run()
#9 /media/flavio/3437-6262/Projetos/laravel_ecommerce/vendor/laravel/framework/src/Illuminate/Pipeline/Pipeline.php(144): Illuminate\\Routing\\Router->Illuminate\\Routing\\{closure}()
#10 /media/flavio/3437-6262/Projetos/laravel_ecommerce/vendor/laravel/framework/src/Illuminate/Routing/Middleware/SubstituteBindings.php(51): Illuminate\\Pipeline\\Pipeline->Illuminate\\Pipeline\\{closure}()
#11 /media/flavio/3437-6262/Projetos/laravel_ecommerce/vendor/laravel/framework/src/Illuminate/Pipeline/Pipeline.php(183): Illuminate\\Routing\\Middleware\\SubstituteBindings->handle()
#12 /media/flavio/3437-6262/Projetos/laravel_ecommerce/vendor/laravel/framework/src/Illuminate/Foundation/Http/Middleware/VerifyCsrfToken.php(88): Illuminate\\Pipeline\\Pipeline->Illuminate\\Pipeline\\{closure}()
#13 /media/flavio/3437-6262/Projetos/laravel_ecommerce/vendor/laravel/framework/src/Illuminate/Pipeline/Pipeline.php(183): Illuminate\\Foundation\\Http\\Middleware\\VerifyCsrfToken->handle()
#14 /media/flavio/3437-6262/Projetos/laravel_ecommerce/vendor/laravel/framework/src/Illuminate/View/Middleware/ShareErrorsFromSession.php(49): Illuminate\\Pipeline\\Pipeline->Illuminate\\Pipeline\\{closure}()
#15 /media/flavio/3437-6262/Projetos/laravel_ecommerce/vendor/laravel/framework/src/Illuminate/Pipeline/Pipeline.php(183): Illuminate\\View\\Middleware\\ShareErrorsFromSession->handle()
#16 /media/flavio/3437-6262/Projetos/laravel_ecommerce/vendor/laravel/framework/src/Illuminate/Session/Middleware/StartSession.php(121): Illuminate\\Pipeline\\Pipeline->Illuminate\\Pipeline\\{closure}()
#17 /media/flavio/3437-6262/Projetos/laravel_ecommerce/vendor/laravel/framework/src/Illuminate/Session/Middleware/StartSession.php(64): Illuminate\\Session\\Middleware\\StartSession->handleStatefulRequest()
#18 /media/flavio/3437-6262/Projetos/laravel_ecommerce/vendor/laravel/framework/src/Illuminate/Pipeline/Pipeline.php(183): Illuminate\\Session\\Middleware\\StartSession->handle()
#19 /media/flavio/3437-6262/Projetos/laravel_ecommerce/vendor/laravel/framework/src/Illuminate/Cookie/Middleware/AddQueuedCookiesToResponse.php(37): Illuminate\\Pipeline\\Pipeline->Illuminate\\Pipeline\\{closure}()
#20 /media/flavio/3437-6262/Projetos/laravel_ecommerce/vendor/laravel/framework/src/Illuminate/Pipeline/Pipeline.php(183): Illuminate\\Cookie\\Middleware\\AddQueuedCookiesToResponse->handle()
#21 /media/flavio/3437-6262/Projetos/laravel_ecommerce/vendor/laravel/framework/src/Illuminate/Cookie/Middleware/EncryptCookies.php(75): Illuminate\\Pipeline\\Pipeline->Illuminate\\Pipeline\\{closure}()
#22 /media/flavio/3437-6262/Projetos/laravel_ecommerce/vendor/laravel/framework/src/Illuminate/Pipeline/Pipeline.php(183): Illuminate\\Cookie\\Middleware\\EncryptCookies->handle()
#23 /media/flavio/3437-6262/Projetos/laravel_ecommerce/vendor/laravel/framework/src/Illuminate/Pipeline/Pipeline.php(119): Illuminate\\Pipeline\\Pipeline->Illuminate\\Pipeline\\{closure}()
#24 /media/flavio/3437-6262/Projetos/laravel_ecommerce/vendor/laravel/framework/src/Illuminate/Routing/Router.php(807): Illuminate\\Pipeline\\Pipeline->then()
#25 /media/flavio/3437-6262/Projetos/laravel_ecommerce/vendor/laravel/framework/src/Illuminate/Routing/Router.php(786): Illuminate\\Routing\\Router->runRouteWithinStack()
#26 /media/flavio/3437-6262/Projetos/laravel_ecommerce/vendor/laravel/framework/src/Illuminate/Routing/Router.php(750): Illuminate\\Routing\\Router->runRoute()
#27 /media/flavio/3437-6262/Projetos/laravel_ecommerce/vendor/laravel/framework/src/Illuminate/Routing/Router.php(739): Illuminate\\Routing\\Router->dispatchToRoute()
#28 /media/flavio/3437-6262/Projetos/laravel_ecommerce/vendor/laravel/framework/src/Illuminate/Foundation/Http/Kernel.php(201): Illuminate\\Routing\\Router->dispatch()
#29 /media/flavio/3437-6262/Projetos/laravel_ecommerce/vendor/laravel/framework/src/Illuminate/Pipeline/Pipeline.php(144): Illuminate\\Foundation\\Http\\Kernel->Illuminate\\Foundation\\Http\\{closure}()
#30 /media/flavio/3437-6262/Projetos/laravel_ecommerce/vendor/laravel/framework/src/Illuminate/Foundation/Http/Middleware/TransformsRequest.php(21): Illuminate\\Pipeline\\Pipeline->Illuminate\\Pipeline\\{closure}()
#31 /media/flavio/3437-6262/Projetos/laravel_ecommerce/vendor/laravel/framework/src/Illuminate/Foundation/Http/Middleware/ConvertEmptyStringsToNull.php(31): Illuminate\\Foundation\\Http\\Middleware\\TransformsRequest->handle()
#32 /media/flavio/3437-6262/Projetos/laravel_ecommerce/vendor/laravel/framework/src/Illuminate/Pipeline/Pipeline.php(183): Illuminate\\Foundation\\Http\\Middleware\\ConvertEmptyStringsToNull->handle()
#33 /media/flavio/3437-6262/Projetos/laravel_ecommerce/vendor/laravel/framework/src/Illuminate/Foundation/Http/Middleware/TransformsRequest.php(21): Illuminate\\Pipeline\\Pipeline->Illuminate\\Pipeline\\{closure}()
#34 /media/flavio/3437-6262/Projetos/laravel_ecommerce/vendor/laravel/framework/src/Illuminate/Foundation/Http/Middleware/TrimStrings.php(51): Illuminate\\Foundation\\Http\\Middleware\\TransformsRequest->handle()
#35 /media/flavio/3437-6262/Projetos/laravel_ecommerce/vendor/laravel/framework/src/Illuminate/Pipeline/Pipeline.php(183): Illuminate\\Foundation\\Http\\Middleware\\TrimStrings->handle()
#36 /media/flavio/3437-6262/Projetos/laravel_ecommerce/vendor/laravel/framework/src/Illuminate/Http/Middleware/ValidatePostSize.php(27): Illuminate\\Pipeline\\Pipeline->Illuminate\\Pipeline\\{closure}()
#37 /media/flavio/3437-6262/Projetos/laravel_ecommerce/vendor/laravel/framework/src/Illuminate/Pipeline/Pipeline.php(183): Illuminate\\Http\\Middleware\\ValidatePostSize->handle()
#38 /media/flavio/3437-6262/Projetos/laravel_ecommerce/vendor/laravel/framework/src/Illuminate/Foundation/Http/Middleware/PreventRequestsDuringMaintenance.php(110): Illuminate\\Pipeline\\Pipeline->Illuminate\\Pipeline\\{closure}()
#39 /media/flavio/3437-6262/Projetos/laravel_ecommerce/vendor/laravel/framework/src/Illuminate/Pipeline/Pipeline.php(183): Illuminate\\Foundation\\Http\\Middleware\\PreventRequestsDuringMaintenance->handle()
#40 /media/flavio/3437-6262/Projetos/laravel_ecommerce/vendor/laravel/framework/src/Illuminate/Http/Middleware/HandleCors.php(49): Illuminate\\Pipeline\\Pipeline->Illuminate\\Pipeline\\{closure}()
#41 /media/flavio/3437-6262/Projetos/laravel_ecommerce/vendor/laravel/framework/src/Illuminate/Pipeline/Pipeline.php(183): Illuminate\\Http\\Middleware\\HandleCors->handle()
#42 /media/flavio/3437-6262/Projetos/laravel_ecommerce/vendor/laravel/framework/src/Illuminate/Http/Middleware/TrustProxies.php(58): Illuminate\\Pipeline\\Pipeline->Illuminate\\Pipeline\\{closure}()
#43 /media/flavio/3437-6262/Projetos/laravel_ecommerce/vendor/laravel/framework/src/Illuminate/Pipeline/Pipeline.php(183): Illuminate\\Http\\Middleware\\TrustProxies->handle()
#44 /media/flavio/3437-6262/Projetos/laravel_ecommerce/vendor/laravel/framework/src/Illuminate/Foundation/Http/Middleware/InvokeDeferredCallbacks.php(22): Illuminate\\Pipeline\\Pipeline->Illuminate\\Pipeline\\{closure}()
#45 /media/flavio/3437-6262/Projetos/laravel_ecommerce/vendor/laravel/framework/src/Illuminate/Pipeline/Pipeline.php(183): Illuminate\\Foundation\\Http\\Middleware\\InvokeDeferredCallbacks->handle()
#46 /media/flavio/3437-6262/Projetos/laravel_ecommerce/vendor/laravel/framework/src/Illuminate/Pipeline/Pipeline.php(119): Illuminate\\Pipeline\\Pipeline->Illuminate\\Pipeline\\{closure}()
#47 /media/flavio/3437-6262/Projetos/laravel_ecommerce/vendor/laravel/framework/src/Illuminate/Foundation/Http/Kernel.php(176): Illuminate\\Pipeline\\Pipeline->then()
#48 /media/flavio/3437-6262/Projetos/laravel_ecommerce/vendor/laravel/framework/src/Illuminate/Foundation/Http/Kernel.php(145): Illuminate\\Foundation\\Http\\Kernel->sendRequestThroughRouter()
#49 /media/flavio/3437-6262/Projetos/laravel_ecommerce/vendor/laravel/framework/src/Illuminate/Foundation/Application.php(1190): Illuminate\\Foundation\\Http\\Kernel->handle()
#50 /media/flavio/3437-6262/Projetos/laravel_ecommerce/public/index.php(17): Illuminate\\Foundation\\Application->handleRequest()
#51 /media/flavio/3437-6262/Projetos/laravel_ecommerce/vendor/laravel/framework/src/Illuminate/Foundation/resources/server.php(23): require_once('...')
#52 {main}
"} 
[2025-01-01 21:48:31] local.ERROR: Target class [StoreController] does not exist. {"exception":"[object] (Illuminate\\Contracts\\Container\\BindingResolutionException(code: 0): Target class [StoreController] does not exist. at /media/flavio/3437-6262/Projetos/laravel_ecommerce/vendor/laravel/framework/src/Illuminate/Container/Container.php:946)
[stacktrace]
#0 /media/flavio/3437-6262/Projetos/laravel_ecommerce/vendor/laravel/framework/src/Illuminate/Container/Container.php(819): Illuminate\\Container\\Container->build()
#1 /media/flavio/3437-6262/Projetos/laravel_ecommerce/vendor/laravel/framework/src/Illuminate/Foundation/Application.php(1048): Illuminate\\Container\\Container->resolve()
#2 /media/flavio/3437-6262/Projetos/laravel_ecommerce/vendor/laravel/framework/src/Illuminate/Container/Container.php(755): Illuminate\\Foundation\\Application->resolve()
#3 /media/flavio/3437-6262/Projetos/laravel_ecommerce/vendor/laravel/framework/src/Illuminate/Foundation/Application.php(1030): Illuminate\\Container\\Container->make()
#4 /media/flavio/3437-6262/Projetos/laravel_ecommerce/vendor/laravel/framework/src/Illuminate/Routing/Route.php(285): Illuminate\\Foundation\\Application->make()
#5 /media/flavio/3437-6262/Projetos/laravel_ecommerce/vendor/laravel/framework/src/Illuminate/Routing/Route.php(267): Illuminate\\Routing\\Route->getController()
#6 /media/flavio/3437-6262/Projetos/laravel_ecommerce/vendor/laravel/framework/src/Illuminate/Routing/Route.php(212): Illuminate\\Routing\\Route->runController()
#7 /media/flavio/3437-6262/Projetos/laravel_ecommerce/vendor/laravel/framework/src/Illuminate/Routing/Router.php(808): Illuminate\\Routing\\Route->run()
#8 /media/flavio/3437-6262/Projetos/laravel_ecommerce/vendor/laravel/framework/src/Illuminate/Pipeline/Pipeline.php(144): Illuminate\\Routing\\Router->Illuminate\\Routing\\{closure}()
#9 /media/flavio/3437-6262/Projetos/laravel_ecommerce/vendor/laravel/framework/src/Illuminate/Routing/Middleware/SubstituteBindings.php(51): Illuminate\\Pipeline\\Pipeline->Illuminate\\Pipeline\\{closure}()
#10 /media/flavio/3437-6262/Projetos/laravel_ecommerce/vendor/laravel/framework/src/Illuminate/Pipeline/Pipeline.php(183): Illuminate\\Routing\\Middleware\\SubstituteBindings->handle()
#11 /media/flavio/3437-6262/Projetos/laravel_ecommerce/vendor/laravel/framework/src/Illuminate/Foundation/Http/Middleware/VerifyCsrfToken.php(88): Illuminate\\Pipeline\\Pipeline->Illuminate\\Pipeline\\{closure}()
#12 /media/flavio/3437-6262/Projetos/laravel_ecommerce/vendor/laravel/framework/src/Illuminate/Pipeline/Pipeline.php(183): Illuminate\\Foundation\\Http\\Middleware\\VerifyCsrfToken->handle()
#13 /media/flavio/3437-6262/Projetos/laravel_ecommerce/vendor/laravel/framework/src/Illuminate/View/Middleware/ShareErrorsFromSession.php(49): Illuminate\\Pipeline\\Pipeline->Illuminate\\Pipeline\\{closure}()
#14 /media/flavio/3437-6262/Projetos/laravel_ecommerce/vendor/laravel/framework/src/Illuminate/Pipeline/Pipeline.php(183): Illuminate\\View\\Middleware\\ShareErrorsFromSession->handle()
#15 /media/flavio/3437-6262/Projetos/laravel_ecommerce/vendor/laravel/framework/src/Illuminate/Session/Middleware/StartSession.php(121): Illuminate\\Pipeline\\Pipeline->Illuminate\\Pipeline\\{closure}()
#16 /media/flavio/3437-6262/Projetos/laravel_ecommerce/vendor/laravel/framework/src/Illuminate/Session/Middleware/StartSession.php(64): Illuminate\\Session\\Middleware\\StartSession->handleStatefulRequest()
#17 /media/flavio/3437-6262/Projetos/laravel_ecommerce/vendor/laravel/framework/src/Illuminate/Pipeline/Pipeline.php(183): Illuminate\\Session\\Middleware\\StartSession->handle()
#18 /media/flavio/3437-6262/Projetos/laravel_ecommerce/vendor/laravel/framework/src/Illuminate/Cookie/Middleware/AddQueuedCookiesToResponse.php(37): Illuminate\\Pipeline\\Pipeline->Illuminate\\Pipeline\\{closure}()
#19 /media/flavio/3437-6262/Projetos/laravel_ecommerce/vendor/laravel/framework/src/Illuminate/Pipeline/Pipeline.php(183): Illuminate\\Cookie\\Middleware\\AddQueuedCookiesToResponse->handle()
#20 /media/flavio/3437-6262/Projetos/laravel_ecommerce/vendor/laravel/framework/src/Illuminate/Cookie/Middleware/EncryptCookies.php(75): Illuminate\\Pipeline\\Pipeline->Illuminate\\Pipeline\\{closure}()
#21 /media/flavio/3437-6262/Projetos/laravel_ecommerce/vendor/laravel/framework/src/Illuminate/Pipeline/Pipeline.php(183): Illuminate\\Cookie\\Middleware\\EncryptCookies->handle()
#22 /media/flavio/3437-6262/Projetos/laravel_ecommerce/vendor/laravel/framework/src/Illuminate/Pipeline/Pipeline.php(119): Illuminate\\Pipeline\\Pipeline->Illuminate\\Pipeline\\{closure}()
#23 /media/flavio/3437-6262/Projetos/laravel_ecommerce/vendor/laravel/framework/src/Illuminate/Routing/Router.php(807): Illuminate\\Pipeline\\Pipeline->then()
#24 /media/flavio/3437-6262/Projetos/laravel_ecommerce/vendor/laravel/framework/src/Illuminate/Routing/Router.php(786): Illuminate\\Routing\\Router->runRouteWithinStack()
#25 /media/flavio/3437-6262/Projetos/laravel_ecommerce/vendor/laravel/framework/src/Illuminate/Routing/Router.php(750): Illuminate\\Routing\\Router->runRoute()
#26 /media/flavio/3437-6262/Projetos/laravel_ecommerce/vendor/laravel/framework/src/Illuminate/Routing/Router.php(739): Illuminate\\Routing\\Router->dispatchToRoute()
#27 /media/flavio/3437-6262/Projetos/laravel_ecommerce/vendor/laravel/framework/src/Illuminate/Foundation/Http/Kernel.php(201): Illuminate\\Routing\\Router->dispatch()
#28 /media/flavio/3437-6262/Projetos/laravel_ecommerce/vendor/laravel/framework/src/Illuminate/Pipeline/Pipeline.php(144): Illuminate\\Foundation\\Http\\Kernel->Illuminate\\Foundation\\Http\\{closure}()
#29 /media/flavio/3437-6262/Projetos/laravel_ecommerce/vendor/laravel/framework/src/Illuminate/Foundation/Http/Middleware/TransformsRequest.php(21): Illuminate\\Pipeline\\Pipeline->Illuminate\\Pipeline\\{closure}()
#30 /media/flavio/3437-6262/Projetos/laravel_ecommerce/vendor/laravel/framework/src/Illuminate/Foundation/Http/Middleware/ConvertEmptyStringsToNull.php(31): Illuminate\\Foundation\\Http\\Middleware\\TransformsRequest->handle()
#31 /media/flavio/3437-6262/Projetos/laravel_ecommerce/vendor/laravel/framework/src/Illuminate/Pipeline/Pipeline.php(183): Illuminate\\Foundation\\Http\\Middleware\\ConvertEmptyStringsToNull->handle()
#32 /media/flavio/3437-6262/Projetos/laravel_ecommerce/vendor/laravel/framework/src/Illuminate/Foundation/Http/Middleware/TransformsRequest.php(21): Illuminate\\Pipeline\\Pipeline->Illuminate\\Pipeline\\{closure}()
#33 /media/flavio/3437-6262/Projetos/laravel_ecommerce/vendor/laravel/framework/src/Illuminate/Foundation/Http/Middleware/TrimStrings.php(51): Illuminate\\Foundation\\Http\\Middleware\\TransformsRequest->handle()
#34 /media/flavio/3437-6262/Projetos/laravel_ecommerce/vendor/laravel/framework/src/Illuminate/Pipeline/Pipeline.php(183): Illuminate\\Foundation\\Http\\Middleware\\TrimStrings->handle()
#35 /media/flavio/3437-6262/Projetos/laravel_ecommerce/vendor/laravel/framework/src/Illuminate/Http/Middleware/ValidatePostSize.php(27): Illuminate\\Pipeline\\Pipeline->Illuminate\\Pipeline\\{closure}()
#36 /media/flavio/3437-6262/Projetos/laravel_ecommerce/vendor/laravel/framework/src/Illuminate/Pipeline/Pipeline.php(183): Illuminate\\Http\\Middleware\\ValidatePostSize->handle()
#37 /media/flavio/3437-6262/Projetos/laravel_ecommerce/vendor/laravel/framework/src/Illuminate/Foundation/Http/Middleware/PreventRequestsDuringMaintenance.php(110): Illuminate\\Pipeline\\Pipeline->Illuminate\\Pipeline\\{closure}()
#38 /media/flavio/3437-6262/Projetos/laravel_ecommerce/vendor/laravel/framework/src/Illuminate/Pipeline/Pipeline.php(183): Illuminate\\Foundation\\Http\\Middleware\\PreventRequestsDuringMaintenance->handle()
#39 /media/flavio/3437-6262/Projetos/laravel_ecommerce/vendor/laravel/framework/src/Illuminate/Http/Middleware/HandleCors.php(49): Illuminate\\Pipeline\\Pipeline->Illuminate\\Pipeline\\{closure}()
#40 /media/flavio/3437-6262/Projetos/laravel_ecommerce/vendor/laravel/framework/src/Illuminate/Pipeline/Pipeline.php(183): Illuminate\\Http\\Middleware\\HandleCors->handle()
#41 /media/flavio/3437-6262/Projetos/laravel_ecommerce/vendor/laravel/framework/src/Illuminate/Http/Middleware/TrustProxies.php(58): Illuminate\\Pipeline\\Pipeline->Illuminate\\Pipeline\\{closure}()
#42 /media/flavio/3437-6262/Projetos/laravel_ecommerce/vendor/laravel/framework/src/Illuminate/Pipeline/Pipeline.php(183): Illuminate\\Http\\Middleware\\TrustProxies->handle()
#43 /media/flavio/3437-6262/Projetos/laravel_ecommerce/vendor/laravel/framework/src/Illuminate/Foundation/Http/Middleware/InvokeDeferredCallbacks.php(22): Illuminate\\Pipeline\\Pipeline->Illuminate\\Pipeline\\{closure}()
#44 /media/flavio/3437-6262/Projetos/laravel_ecommerce/vendor/laravel/framework/src/Illuminate/Pipeline/Pipeline.php(183): Illuminate\\Foundation\\Http\\Middleware\\InvokeDeferredCallbacks->handle()
#45 /media/flavio/3437-6262/Projetos/laravel_ecommerce/vendor/laravel/framework/src/Illuminate/Pipeline/Pipeline.php(119): Illuminate\\Pipeline\\Pipeline->Illuminate\\Pipeline\\{closure}()
#46 /media/flavio/3437-6262/Projetos/laravel_ecommerce/vendor/laravel/framework/src/Illuminate/Foundation/Http/Kernel.php(176): Illuminate\\Pipeline\\Pipeline->then()
#47 /media/flavio/3437-6262/Projetos/laravel_ecommerce/vendor/laravel/framework/src/Illuminate/Foundation/Http/Kernel.php(145): Illuminate\\Foundation\\Http\\Kernel->sendRequestThroughRouter()
#48 /media/flavio/3437-6262/Projetos/laravel_ecommerce/vendor/laravel/framework/src/Illuminate/Foundation/Application.php(1190): Illuminate\\Foundation\\Http\\Kernel->handle()
#49 /media/flavio/3437-6262/Projetos/laravel_ecommerce/public/index.php(17): Illuminate\\Foundation\\Application->handleRequest()
#50 /media/flavio/3437-6262/Projetos/laravel_ecommerce/vendor/laravel/framework/src/Illuminate/Foundation/resources/server.php(23): require_once('...')
#51 {main}

[previous exception] [object] (ReflectionException(code: -1): Class \"StoreController\" does not exist at /media/flavio/3437-6262/Projetos/laravel_ecommerce/vendor/laravel/framework/src/Illuminate/Container/Container.php:944)
[stacktrace]
#0 /media/flavio/3437-6262/Projetos/laravel_ecommerce/vendor/laravel/framework/src/Illuminate/Container/Container.php(944): ReflectionClass->__construct()
#1 /media/flavio/3437-6262/Projetos/laravel_ecommerce/vendor/laravel/framework/src/Illuminate/Container/Container.php(819): Illuminate\\Container\\Container->build()
#2 /media/flavio/3437-6262/Projetos/laravel_ecommerce/vendor/laravel/framework/src/Illuminate/Foundation/Application.php(1048): Illuminate\\Container\\Container->resolve()
#3 /media/flavio/3437-6262/Projetos/laravel_ecommerce/vendor/laravel/framework/src/Illuminate/Container/Container.php(755): Illuminate\\Foundation\\Application->resolve()
#4 /media/flavio/3437-6262/Projetos/laravel_ecommerce/vendor/laravel/framework/src/Illuminate/Foundation/Application.php(1030): Illuminate\\Container\\Container->make()
#5 /media/flavio/3437-6262/Projetos/laravel_ecommerce/vendor/laravel/framework/src/Illuminate/Routing/Route.php(285): Illuminate\\Foundation\\Application->make()
#6 /media/flavio/3437-6262/Projetos/laravel_ecommerce/vendor/laravel/framework/src/Illuminate/Routing/Route.php(267): Illuminate\\Routing\\Route->getController()
#7 /media/flavio/3437-6262/Projetos/laravel_ecommerce/vendor/laravel/framework/src/Illuminate/Routing/Route.php(212): Illuminate\\Routing\\Route->runController()
#8 /media/flavio/3437-6262/Projetos/laravel_ecommerce/vendor/laravel/framework/src/Illuminate/Routing/Router.php(808): Illuminate\\Routing\\Route->run()
#9 /media/flavio/3437-6262/Projetos/laravel_ecommerce/vendor/laravel/framework/src/Illuminate/Pipeline/Pipeline.php(144): Illuminate\\Routing\\Router->Illuminate\\Routing\\{closure}()
#10 /media/flavio/3437-6262/Projetos/laravel_ecommerce/vendor/laravel/framework/src/Illuminate/Routing/Middleware/SubstituteBindings.php(51): Illuminate\\Pipeline\\Pipeline->Illuminate\\Pipeline\\{closure}()
#11 /media/flavio/3437-6262/Projetos/laravel_ecommerce/vendor/laravel/framework/src/Illuminate/Pipeline/Pipeline.php(183): Illuminate\\Routing\\Middleware\\SubstituteBindings->handle()
#12 /media/flavio/3437-6262/Projetos/laravel_ecommerce/vendor/laravel/framework/src/Illuminate/Foundation/Http/Middleware/VerifyCsrfToken.php(88): Illuminate\\Pipeline\\Pipeline->Illuminate\\Pipeline\\{closure}()
#13 /media/flavio/3437-6262/Projetos/laravel_ecommerce/vendor/laravel/framework/src/Illuminate/Pipeline/Pipeline.php(183): Illuminate\\Foundation\\Http\\Middleware\\VerifyCsrfToken->handle()
#14 /media/flavio/3437-6262/Projetos/laravel_ecommerce/vendor/laravel/framework/src/Illuminate/View/Middleware/ShareErrorsFromSession.php(49): Illuminate\\Pipeline\\Pipeline->Illuminate\\Pipeline\\{closure}()
#15 /media/flavio/3437-6262/Projetos/laravel_ecommerce/vendor/laravel/framework/src/Illuminate/Pipeline/Pipeline.php(183): Illuminate\\View\\Middleware\\ShareErrorsFromSession->handle()
#16 /media/flavio/3437-6262/Projetos/laravel_ecommerce/vendor/laravel/framework/src/Illuminate/Session/Middleware/StartSession.php(121): Illuminate\\Pipeline\\Pipeline->Illuminate\\Pipeline\\{closure}()
#17 /media/flavio/3437-6262/Projetos/laravel_ecommerce/vendor/laravel/framework/src/Illuminate/Session/Middleware/StartSession.php(64): Illuminate\\Session\\Middleware\\StartSession->handleStatefulRequest()
#18 /media/flavio/3437-6262/Projetos/laravel_ecommerce/vendor/laravel/framework/src/Illuminate/Pipeline/Pipeline.php(183): Illuminate\\Session\\Middleware\\StartSession->handle()
#19 /media/flavio/3437-6262/Projetos/laravel_ecommerce/vendor/laravel/framework/src/Illuminate/Cookie/Middleware/AddQueuedCookiesToResponse.php(37): Illuminate\\Pipeline\\Pipeline->Illuminate\\Pipeline\\{closure}()
#20 /media/flavio/3437-6262/Projetos/laravel_ecommerce/vendor/laravel/framework/src/Illuminate/Pipeline/Pipeline.php(183): Illuminate\\Cookie\\Middleware\\AddQueuedCookiesToResponse->handle()
#21 /media/flavio/3437-6262/Projetos/laravel_ecommerce/vendor/laravel/framework/src/Illuminate/Cookie/Middleware/EncryptCookies.php(75): Illuminate\\Pipeline\\Pipeline->Illuminate\\Pipeline\\{closure}()
#22 /media/flavio/3437-6262/Projetos/laravel_ecommerce/vendor/laravel/framework/src/Illuminate/Pipeline/Pipeline.php(183): Illuminate\\Cookie\\Middleware\\EncryptCookies->handle()
#23 /media/flavio/3437-6262/Projetos/laravel_ecommerce/vendor/laravel/framework/src/Illuminate/Pipeline/Pipeline.php(119): Illuminate\\Pipeline\\Pipeline->Illuminate\\Pipeline\\{closure}()
#24 /media/flavio/3437-6262/Projetos/laravel_ecommerce/vendor/laravel/framework/src/Illuminate/Routing/Router.php(807): Illuminate\\Pipeline\\Pipeline->then()
#25 /media/flavio/3437-6262/Projetos/laravel_ecommerce/vendor/laravel/framework/src/Illuminate/Routing/Router.php(786): Illuminate\\Routing\\Router->runRouteWithinStack()
#26 /media/flavio/3437-6262/Projetos/laravel_ecommerce/vendor/laravel/framework/src/Illuminate/Routing/Router.php(750): Illuminate\\Routing\\Router->runRoute()
#27 /media/flavio/3437-6262/Projetos/laravel_ecommerce/vendor/laravel/framework/src/Illuminate/Routing/Router.php(739): Illuminate\\Routing\\Router->dispatchToRoute()
#28 /media/flavio/3437-6262/Projetos/laravel_ecommerce/vendor/laravel/framework/src/Illuminate/Foundation/Http/Kernel.php(201): Illuminate\\Routing\\Router->dispatch()
#29 /media/flavio/3437-6262/Projetos/laravel_ecommerce/vendor/laravel/framework/src/Illuminate/Pipeline/Pipeline.php(144): Illuminate\\Foundation\\Http\\Kernel->Illuminate\\Foundation\\Http\\{closure}()
#30 /media/flavio/3437-6262/Projetos/laravel_ecommerce/vendor/laravel/framework/src/Illuminate/Foundation/Http/Middleware/TransformsRequest.php(21): Illuminate\\Pipeline\\Pipeline->Illuminate\\Pipeline\\{closure}()
#31 /media/flavio/3437-6262/Projetos/laravel_ecommerce/vendor/laravel/framework/src/Illuminate/Foundation/Http/Middleware/ConvertEmptyStringsToNull.php(31): Illuminate\\Foundation\\Http\\Middleware\\TransformsRequest->handle()
#32 /media/flavio/3437-6262/Projetos/laravel_ecommerce/vendor/laravel/framework/src/Illuminate/Pipeline/Pipeline.php(183): Illuminate\\Foundation\\Http\\Middleware\\ConvertEmptyStringsToNull->handle()
#33 /media/flavio/3437-6262/Projetos/laravel_ecommerce/vendor/laravel/framework/src/Illuminate/Foundation/Http/Middleware/TransformsRequest.php(21): Illuminate\\Pipeline\\Pipeline->Illuminate\\Pipeline\\{closure}()
#34 /media/flavio/3437-6262/Projetos/laravel_ecommerce/vendor/laravel/framework/src/Illuminate/Foundation/Http/Middleware/TrimStrings.php(51): Illuminate\\Foundation\\Http\\Middleware\\TransformsRequest->handle()
#35 /media/flavio/3437-6262/Projetos/laravel_ecommerce/vendor/laravel/framework/src/Illuminate/Pipeline/Pipeline.php(183): Illuminate\\Foundation\\Http\\Middleware\\TrimStrings->handle()
#36 /media/flavio/3437-6262/Projetos/laravel_ecommerce/vendor/laravel/framework/src/Illuminate/Http/Middleware/ValidatePostSize.php(27): Illuminate\\Pipeline\\Pipeline->Illuminate\\Pipeline\\{closure}()
#37 /media/flavio/3437-6262/Projetos/laravel_ecommerce/vendor/laravel/framework/src/Illuminate/Pipeline/Pipeline.php(183): Illuminate\\Http\\Middleware\\ValidatePostSize->handle()
#38 /media/flavio/3437-6262/Projetos/laravel_ecommerce/vendor/laravel/framework/src/Illuminate/Foundation/Http/Middleware/PreventRequestsDuringMaintenance.php(110): Illuminate\\Pipeline\\Pipeline->Illuminate\\Pipeline\\{closure}()
#39 /media/flavio/3437-6262/Projetos/laravel_ecommerce/vendor/laravel/framework/src/Illuminate/Pipeline/Pipeline.php(183): Illuminate\\Foundation\\Http\\Middleware\\PreventRequestsDuringMaintenance->handle()
#40 /media/flavio/3437-6262/Projetos/laravel_ecommerce/vendor/laravel/framework/src/Illuminate/Http/Middleware/HandleCors.php(49): Illuminate\\Pipeline\\Pipeline->Illuminate\\Pipeline\\{closure}()
#41 /media/flavio/3437-6262/Projetos/laravel_ecommerce/vendor/laravel/framework/src/Illuminate/Pipeline/Pipeline.php(183): Illuminate\\Http\\Middleware\\HandleCors->handle()
#42 /media/flavio/3437-6262/Projetos/laravel_ecommerce/vendor/laravel/framework/src/Illuminate/Http/Middleware/TrustProxies.php(58): Illuminate\\Pipeline\\Pipeline->Illuminate\\Pipeline\\{closure}()
#43 /media/flavio/3437-6262/Projetos/laravel_ecommerce/vendor/laravel/framework/src/Illuminate/Pipeline/Pipeline.php(183): Illuminate\\Http\\Middleware\\TrustProxies->handle()
#44 /media/flavio/3437-6262/Projetos/laravel_ecommerce/vendor/laravel/framework/src/Illuminate/Foundation/Http/Middleware/InvokeDeferredCallbacks.php(22): Illuminate\\Pipeline\\Pipeline->Illuminate\\Pipeline\\{closure}()
#45 /media/flavio/3437-6262/Projetos/laravel_ecommerce/vendor/laravel/framework/src/Illuminate/Pipeline/Pipeline.php(183): Illuminate\\Foundation\\Http\\Middleware\\InvokeDeferredCallbacks->handle()
#46 /media/flavio/3437-6262/Projetos/laravel_ecommerce/vendor/laravel/framework/src/Illuminate/Pipeline/Pipeline.php(119): Illuminate\\Pipeline\\Pipeline->Illuminate\\Pipeline\\{closure}()
#47 /media/flavio/3437-6262/Projetos/laravel_ecommerce/vendor/laravel/framework/src/Illuminate/Foundation/Http/Kernel.php(176): Illuminate\\Pipeline\\Pipeline->then()
#48 /media/flavio/3437-6262/Projetos/laravel_ecommerce/vendor/laravel/framework/src/Illuminate/Foundation/Http/Kernel.php(145): Illuminate\\Foundation\\Http\\Kernel->sendRequestThroughRouter()
#49 /media/flavio/3437-6262/Projetos/laravel_ecommerce/vendor/laravel/framework/src/Illuminate/Foundation/Application.php(1190): Illuminate\\Foundation\\Http\\Kernel->handle()
#50 /media/flavio/3437-6262/Projetos/laravel_ecommerce/public/index.php(17): Illuminate\\Foundation\\Application->handleRequest()
#51 /media/flavio/3437-6262/Projetos/laravel_ecommerce/vendor/laravel/framework/src/Illuminate/Foundation/resources/server.php(23): require_once('...')
#52 {main}
"} 
[2025-01-01 21:49:14] local.ERROR: Class "App\Store" not found {"exception":"[object] (Error(code: 0): Class \"App\\Store\" not found at /media/flavio/3437-6262/Projetos/laravel_ecommerce/app/Http/Controllers/StoreController.php:11)
[stacktrace]
#0 /media/flavio/3437-6262/Projetos/laravel_ecommerce/vendor/laravel/framework/src/Illuminate/Routing/ControllerDispatcher.php(47): App\\Http\\Controllers\\StoreController->index()
#1 /media/flavio/3437-6262/Projetos/laravel_ecommerce/vendor/laravel/framework/src/Illuminate/Routing/Route.php(266): Illuminate\\Routing\\ControllerDispatcher->dispatch()
#2 /media/flavio/3437-6262/Projetos/laravel_ecommerce/vendor/laravel/framework/src/Illuminate/Routing/Route.php(212): Illuminate\\Routing\\Route->runController()
#3 /media/flavio/3437-6262/Projetos/laravel_ecommerce/vendor/laravel/framework/src/Illuminate/Routing/Router.php(808): Illuminate\\Routing\\Route->run()
#4 /media/flavio/3437-6262/Projetos/laravel_ecommerce/vendor/laravel/framework/src/Illuminate/Pipeline/Pipeline.php(144): Illuminate\\Routing\\Router->Illuminate\\Routing\\{closure}()
#5 /media/flavio/3437-6262/Projetos/laravel_ecommerce/vendor/laravel/framework/src/Illuminate/Routing/Middleware/SubstituteBindings.php(51): Illuminate\\Pipeline\\Pipeline->Illuminate\\Pipeline\\{closure}()
#6 /media/flavio/3437-6262/Projetos/laravel_ecommerce/vendor/laravel/framework/src/Illuminate/Pipeline/Pipeline.php(183): Illuminate\\Routing\\Middleware\\SubstituteBindings->handle()
#7 /media/flavio/3437-6262/Projetos/laravel_ecommerce/vendor/laravel/framework/src/Illuminate/Foundation/Http/Middleware/VerifyCsrfToken.php(88): Illuminate\\Pipeline\\Pipeline->Illuminate\\Pipeline\\{closure}()
#8 /media/flavio/3437-6262/Projetos/laravel_ecommerce/vendor/laravel/framework/src/Illuminate/Pipeline/Pipeline.php(183): Illuminate\\Foundation\\Http\\Middleware\\VerifyCsrfToken->handle()
#9 /media/flavio/3437-6262/Projetos/laravel_ecommerce/vendor/laravel/framework/src/Illuminate/View/Middleware/ShareErrorsFromSession.php(49): Illuminate\\Pipeline\\Pipeline->Illuminate\\Pipeline\\{closure}()
#10 /media/flavio/3437-6262/Projetos/laravel_ecommerce/vendor/laravel/framework/src/Illuminate/Pipeline/Pipeline.php(183): Illuminate\\View\\Middleware\\ShareErrorsFromSession->handle()
#11 /media/flavio/3437-6262/Projetos/laravel_ecommerce/vendor/laravel/framework/src/Illuminate/Session/Middleware/StartSession.php(121): Illuminate\\Pipeline\\Pipeline->Illuminate\\Pipeline\\{closure}()
#12 /media/flavio/3437-6262/Projetos/laravel_ecommerce/vendor/laravel/framework/src/Illuminate/Session/Middleware/StartSession.php(64): Illuminate\\Session\\Middleware\\StartSession->handleStatefulRequest()
#13 /media/flavio/3437-6262/Projetos/laravel_ecommerce/vendor/laravel/framework/src/Illuminate/Pipeline/Pipeline.php(183): Illuminate\\Session\\Middleware\\StartSession->handle()
#14 /media/flavio/3437-6262/Projetos/laravel_ecommerce/vendor/laravel/framework/src/Illuminate/Cookie/Middleware/AddQueuedCookiesToResponse.php(37): Illuminate\\Pipeline\\Pipeline->Illuminate\\Pipeline\\{closure}()
#15 /media/flavio/3437-6262/Projetos/laravel_ecommerce/vendor/laravel/framework/src/Illuminate/Pipeline/Pipeline.php(183): Illuminate\\Cookie\\Middleware\\AddQueuedCookiesToResponse->handle()
#16 /media/flavio/3437-6262/Projetos/laravel_ecommerce/vendor/laravel/framework/src/Illuminate/Cookie/Middleware/EncryptCookies.php(75): Illuminate\\Pipeline\\Pipeline->Illuminate\\Pipeline\\{closure}()
#17 /media/flavio/3437-6262/Projetos/laravel_ecommerce/vendor/laravel/framework/src/Illuminate/Pipeline/Pipeline.php(183): Illuminate\\Cookie\\Middleware\\EncryptCookies->handle()
#18 /media/flavio/3437-6262/Projetos/laravel_ecommerce/vendor/laravel/framework/src/Illuminate/Pipeline/Pipeline.php(119): Illuminate\\Pipeline\\Pipeline->Illuminate\\Pipeline\\{closure}()
#19 /media/flavio/3437-6262/Projetos/laravel_ecommerce/vendor/laravel/framework/src/Illuminate/Routing/Router.php(807): Illuminate\\Pipeline\\Pipeline->then()
#20 /media/flavio/3437-6262/Projetos/laravel_ecommerce/vendor/laravel/framework/src/Illuminate/Routing/Router.php(786): Illuminate\\Routing\\Router->runRouteWithinStack()
#21 /media/flavio/3437-6262/Projetos/laravel_ecommerce/vendor/laravel/framework/src/Illuminate/Routing/Router.php(750): Illuminate\\Routing\\Router->runRoute()
#22 /media/flavio/3437-6262/Projetos/laravel_ecommerce/vendor/laravel/framework/src/Illuminate/Routing/Router.php(739): Illuminate\\Routing\\Router->dispatchToRoute()
#23 /media/flavio/3437-6262/Projetos/laravel_ecommerce/vendor/laravel/framework/src/Illuminate/Foundation/Http/Kernel.php(201): Illuminate\\Routing\\Router->dispatch()
#24 /media/flavio/3437-6262/Projetos/laravel_ecommerce/vendor/laravel/framework/src/Illuminate/Pipeline/Pipeline.php(144): Illuminate\\Foundation\\Http\\Kernel->Illuminate\\Foundation\\Http\\{closure}()
#25 /media/flavio/3437-6262/Projetos/laravel_ecommerce/vendor/laravel/framework/src/Illuminate/Foundation/Http/Middleware/TransformsRequest.php(21): Illuminate\\Pipeline\\Pipeline->Illuminate\\Pipeline\\{closure}()
#26 /media/flavio/3437-6262/Projetos/laravel_ecommerce/vendor/laravel/framework/src/Illuminate/Foundation/Http/Middleware/ConvertEmptyStringsToNull.php(31): Illuminate\\Foundation\\Http\\Middleware\\TransformsRequest->handle()
#27 /media/flavio/3437-6262/Projetos/laravel_ecommerce/vendor/laravel/framework/src/Illuminate/Pipeline/Pipeline.php(183): Illuminate\\Foundation\\Http\\Middleware\\ConvertEmptyStringsToNull->handle()
#28 /media/flavio/3437-6262/Projetos/laravel_ecommerce/vendor/laravel/framework/src/Illuminate/Foundation/Http/Middleware/TransformsRequest.php(21): Illuminate\\Pipeline\\Pipeline->Illuminate\\Pipeline\\{closure}()
#29 /media/flavio/3437-6262/Projetos/laravel_ecommerce/vendor/laravel/framework/src/Illuminate/Foundation/Http/Middleware/TrimStrings.php(51): Illuminate\\Foundation\\Http\\Middleware\\TransformsRequest->handle()
#30 /media/flavio/3437-6262/Projetos/laravel_ecommerce/vendor/laravel/framework/src/Illuminate/Pipeline/Pipeline.php(183): Illuminate\\Foundation\\Http\\Middleware\\TrimStrings->handle()
#31 /media/flavio/3437-6262/Projetos/laravel_ecommerce/vendor/laravel/framework/src/Illuminate/Http/Middleware/ValidatePostSize.php(27): Illuminate\\Pipeline\\Pipeline->Illuminate\\Pipeline\\{closure}()
#32 /media/flavio/3437-6262/Projetos/laravel_ecommerce/vendor/laravel/framework/src/Illuminate/Pipeline/Pipeline.php(183): Illuminate\\Http\\Middleware\\ValidatePostSize->handle()
#33 /media/flavio/3437-6262/Projetos/laravel_ecommerce/vendor/laravel/framework/src/Illuminate/Foundation/Http/Middleware/PreventRequestsDuringMaintenance.php(110): Illuminate\\Pipeline\\Pipeline->Illuminate\\Pipeline\\{closure}()
#34 /media/flavio/3437-6262/Projetos/laravel_ecommerce/vendor/laravel/framework/src/Illuminate/Pipeline/Pipeline.php(183): Illuminate\\Foundation\\Http\\Middleware\\PreventRequestsDuringMaintenance->handle()
#35 /media/flavio/3437-6262/Projetos/laravel_ecommerce/vendor/laravel/framework/src/Illuminate/Http/Middleware/HandleCors.php(49): Illuminate\\Pipeline\\Pipeline->Illuminate\\Pipeline\\{closure}()
#36 /media/flavio/3437-6262/Projetos/laravel_ecommerce/vendor/laravel/framework/src/Illuminate/Pipeline/Pipeline.php(183): Illuminate\\Http\\Middleware\\HandleCors->handle()
#37 /media/flavio/3437-6262/Projetos/laravel_ecommerce/vendor/laravel/framework/src/Illuminate/Http/Middleware/TrustProxies.php(58): Illuminate\\Pipeline\\Pipeline->Illuminate\\Pipeline\\{closure}()
#38 /media/flavio/3437-6262/Projetos/laravel_ecommerce/vendor/laravel/framework/src/Illuminate/Pipeline/Pipeline.php(183): Illuminate\\Http\\Middleware\\TrustProxies->handle()
#39 /media/flavio/3437-6262/Projetos/laravel_ecommerce/vendor/laravel/framework/src/Illuminate/Foundation/Http/Middleware/InvokeDeferredCallbacks.php(22): Illuminate\\Pipeline\\Pipeline->Illuminate\\Pipeline\\{closure}()
#40 /media/flavio/3437-6262/Projetos/laravel_ecommerce/vendor/laravel/framework/src/Illuminate/Pipeline/Pipeline.php(183): Illuminate\\Foundation\\Http\\Middleware\\InvokeDeferredCallbacks->handle()
#41 /media/flavio/3437-6262/Projetos/laravel_ecommerce/vendor/laravel/framework/src/Illuminate/Pipeline/Pipeline.php(119): Illuminate\\Pipeline\\Pipeline->Illuminate\\Pipeline\\{closure}()
#42 /media/flavio/3437-6262/Projetos/laravel_ecommerce/vendor/laravel/framework/src/Illuminate/Foundation/Http/Kernel.php(176): Illuminate\\Pipeline\\Pipeline->then()
#43 /media/flavio/3437-6262/Projetos/laravel_ecommerce/vendor/laravel/framework/src/Illuminate/Foundation/Http/Kernel.php(145): Illuminate\\Foundation\\Http\\Kernel->sendRequestThroughRouter()
#44 /media/flavio/3437-6262/Projetos/laravel_ecommerce/vendor/laravel/framework/src/Illuminate/Foundation/Application.php(1190): Illuminate\\Foundation\\Http\\Kernel->handle()
#45 /media/flavio/3437-6262/Projetos/laravel_ecommerce/public/index.php(17): Illuminate\\Foundation\\Application->handleRequest()
#46 /media/flavio/3437-6262/Projetos/laravel_ecommerce/vendor/laravel/framework/src/Illuminate/Foundation/resources/server.php(23): require_once('...')
#47 {main}
"} 
[2025-01-01 21:50:01] local.ERROR: Class "App\Http\Controllers\Store" not found {"exception":"[object] (Error(code: 0): Class \"App\\Http\\Controllers\\Store\" not found at /media/flavio/3437-6262/Projetos/laravel_ecommerce/app/Http/Controllers/StoreController.php:11)
[stacktrace]
#0 /media/flavio/3437-6262/Projetos/laravel_ecommerce/vendor/laravel/framework/src/Illuminate/Routing/ControllerDispatcher.php(47): App\\Http\\Controllers\\StoreController->index()
#1 /media/flavio/3437-6262/Projetos/laravel_ecommerce/vendor/laravel/framework/src/Illuminate/Routing/Route.php(266): Illuminate\\Routing\\ControllerDispatcher->dispatch()
#2 /media/flavio/3437-6262/Projetos/laravel_ecommerce/vendor/laravel/framework/src/Illuminate/Routing/Route.php(212): Illuminate\\Routing\\Route->runController()
#3 /media/flavio/3437-6262/Projetos/laravel_ecommerce/vendor/laravel/framework/src/Illuminate/Routing/Router.php(808): Illuminate\\Routing\\Route->run()
#4 /media/flavio/3437-6262/Projetos/laravel_ecommerce/vendor/laravel/framework/src/Illuminate/Pipeline/Pipeline.php(144): Illuminate\\Routing\\Router->Illuminate\\Routing\\{closure}()
#5 /media/flavio/3437-6262/Projetos/laravel_ecommerce/vendor/laravel/framework/src/Illuminate/Routing/Middleware/SubstituteBindings.php(51): Illuminate\\Pipeline\\Pipeline->Illuminate\\Pipeline\\{closure}()
#6 /media/flavio/3437-6262/Projetos/laravel_ecommerce/vendor/laravel/framework/src/Illuminate/Pipeline/Pipeline.php(183): Illuminate\\Routing\\Middleware\\SubstituteBindings->handle()
#7 /media/flavio/3437-6262/Projetos/laravel_ecommerce/vendor/laravel/framework/src/Illuminate/Foundation/Http/Middleware/VerifyCsrfToken.php(88): Illuminate\\Pipeline\\Pipeline->Illuminate\\Pipeline\\{closure}()
#8 /media/flavio/3437-6262/Projetos/laravel_ecommerce/vendor/laravel/framework/src/Illuminate/Pipeline/Pipeline.php(183): Illuminate\\Foundation\\Http\\Middleware\\VerifyCsrfToken->handle()
#9 /media/flavio/3437-6262/Projetos/laravel_ecommerce/vendor/laravel/framework/src/Illuminate/View/Middleware/ShareErrorsFromSession.php(49): Illuminate\\Pipeline\\Pipeline->Illuminate\\Pipeline\\{closure}()
#10 /media/flavio/3437-6262/Projetos/laravel_ecommerce/vendor/laravel/framework/src/Illuminate/Pipeline/Pipeline.php(183): Illuminate\\View\\Middleware\\ShareErrorsFromSession->handle()
#11 /media/flavio/3437-6262/Projetos/laravel_ecommerce/vendor/laravel/framework/src/Illuminate/Session/Middleware/StartSession.php(121): Illuminate\\Pipeline\\Pipeline->Illuminate\\Pipeline\\{closure}()
#12 /media/flavio/3437-6262/Projetos/laravel_ecommerce/vendor/laravel/framework/src/Illuminate/Session/Middleware/StartSession.php(64): Illuminate\\Session\\Middleware\\StartSession->handleStatefulRequest()
#13 /media/flavio/3437-6262/Projetos/laravel_ecommerce/vendor/laravel/framework/src/Illuminate/Pipeline/Pipeline.php(183): Illuminate\\Session\\Middleware\\StartSession->handle()
#14 /media/flavio/3437-6262/Projetos/laravel_ecommerce/vendor/laravel/framework/src/Illuminate/Cookie/Middleware/AddQueuedCookiesToResponse.php(37): Illuminate\\Pipeline\\Pipeline->Illuminate\\Pipeline\\{closure}()
#15 /media/flavio/3437-6262/Projetos/laravel_ecommerce/vendor/laravel/framework/src/Illuminate/Pipeline/Pipeline.php(183): Illuminate\\Cookie\\Middleware\\AddQueuedCookiesToResponse->handle()
#16 /media/flavio/3437-6262/Projetos/laravel_ecommerce/vendor/laravel/framework/src/Illuminate/Cookie/Middleware/EncryptCookies.php(75): Illuminate\\Pipeline\\Pipeline->Illuminate\\Pipeline\\{closure}()
#17 /media/flavio/3437-6262/Projetos/laravel_ecommerce/vendor/laravel/framework/src/Illuminate/Pipeline/Pipeline.php(183): Illuminate\\Cookie\\Middleware\\EncryptCookies->handle()
#18 /media/flavio/3437-6262/Projetos/laravel_ecommerce/vendor/laravel/framework/src/Illuminate/Pipeline/Pipeline.php(119): Illuminate\\Pipeline\\Pipeline->Illuminate\\Pipeline\\{closure}()
#19 /media/flavio/3437-6262/Projetos/laravel_ecommerce/vendor/laravel/framework/src/Illuminate/Routing/Router.php(807): Illuminate\\Pipeline\\Pipeline->then()
#20 /media/flavio/3437-6262/Projetos/laravel_ecommerce/vendor/laravel/framework/src/Illuminate/Routing/Router.php(786): Illuminate\\Routing\\Router->runRouteWithinStack()
#21 /media/flavio/3437-6262/Projetos/laravel_ecommerce/vendor/laravel/framework/src/Illuminate/Routing/Router.php(750): Illuminate\\Routing\\Router->runRoute()
#22 /media/flavio/3437-6262/Projetos/laravel_ecommerce/vendor/laravel/framework/src/Illuminate/Routing/Router.php(739): Illuminate\\Routing\\Router->dispatchToRoute()
#23 /media/flavio/3437-6262/Projetos/laravel_ecommerce/vendor/laravel/framework/src/Illuminate/Foundation/Http/Kernel.php(201): Illuminate\\Routing\\Router->dispatch()
#24 /media/flavio/3437-6262/Projetos/laravel_ecommerce/vendor/laravel/framework/src/Illuminate/Pipeline/Pipeline.php(144): Illuminate\\Foundation\\Http\\Kernel->Illuminate\\Foundation\\Http\\{closure}()
#25 /media/flavio/3437-6262/Projetos/laravel_ecommerce/vendor/laravel/framework/src/Illuminate/Foundation/Http/Middleware/TransformsRequest.php(21): Illuminate\\Pipeline\\Pipeline->Illuminate\\Pipeline\\{closure}()
#26 /media/flavio/3437-6262/Projetos/laravel_ecommerce/vendor/laravel/framework/src/Illuminate/Foundation/Http/Middleware/ConvertEmptyStringsToNull.php(31): Illuminate\\Foundation\\Http\\Middleware\\TransformsRequest->handle()
#27 /media/flavio/3437-6262/Projetos/laravel_ecommerce/vendor/laravel/framework/src/Illuminate/Pipeline/Pipeline.php(183): Illuminate\\Foundation\\Http\\Middleware\\ConvertEmptyStringsToNull->handle()
#28 /media/flavio/3437-6262/Projetos/laravel_ecommerce/vendor/laravel/framework/src/Illuminate/Foundation/Http/Middleware/TransformsRequest.php(21): Illuminate\\Pipeline\\Pipeline->Illuminate\\Pipeline\\{closure}()
#29 /media/flavio/3437-6262/Projetos/laravel_ecommerce/vendor/laravel/framework/src/Illuminate/Foundation/Http/Middleware/TrimStrings.php(51): Illuminate\\Foundation\\Http\\Middleware\\TransformsRequest->handle()
#30 /media/flavio/3437-6262/Projetos/laravel_ecommerce/vendor/laravel/framework/src/Illuminate/Pipeline/Pipeline.php(183): Illuminate\\Foundation\\Http\\Middleware\\TrimStrings->handle()
#31 /media/flavio/3437-6262/Projetos/laravel_ecommerce/vendor/laravel/framework/src/Illuminate/Http/Middleware/ValidatePostSize.php(27): Illuminate\\Pipeline\\Pipeline->Illuminate\\Pipeline\\{closure}()
#32 /media/flavio/3437-6262/Projetos/laravel_ecommerce/vendor/laravel/framework/src/Illuminate/Pipeline/Pipeline.php(183): Illuminate\\Http\\Middleware\\ValidatePostSize->handle()
#33 /media/flavio/3437-6262/Projetos/laravel_ecommerce/vendor/laravel/framework/src/Illuminate/Foundation/Http/Middleware/PreventRequestsDuringMaintenance.php(110): Illuminate\\Pipeline\\Pipeline->Illuminate\\Pipeline\\{closure}()
#34 /media/flavio/3437-6262/Projetos/laravel_ecommerce/vendor/laravel/framework/src/Illuminate/Pipeline/Pipeline.php(183): Illuminate\\Foundation\\Http\\Middleware\\PreventRequestsDuringMaintenance->handle()
#35 /media/flavio/3437-6262/Projetos/laravel_ecommerce/vendor/laravel/framework/src/Illuminate/Http/Middleware/HandleCors.php(49): Illuminate\\Pipeline\\Pipeline->Illuminate\\Pipeline\\{closure}()
#36 /media/flavio/3437-6262/Projetos/laravel_ecommerce/vendor/laravel/framework/src/Illuminate/Pipeline/Pipeline.php(183): Illuminate\\Http\\Middleware\\HandleCors->handle()
#37 /media/flavio/3437-6262/Projetos/laravel_ecommerce/vendor/laravel/framework/src/Illuminate/Http/Middleware/TrustProxies.php(58): Illuminate\\Pipeline\\Pipeline->Illuminate\\Pipeline\\{closure}()
#38 /media/flavio/3437-6262/Projetos/laravel_ecommerce/vendor/laravel/framework/src/Illuminate/Pipeline/Pipeline.php(183): Illuminate\\Http\\Middleware\\TrustProxies->handle()
#39 /media/flavio/3437-6262/Projetos/laravel_ecommerce/vendor/laravel/framework/src/Illuminate/Foundation/Http/Middleware/InvokeDeferredCallbacks.php(22): Illuminate\\Pipeline\\Pipeline->Illuminate\\Pipeline\\{closure}()
#40 /media/flavio/3437-6262/Projetos/laravel_ecommerce/vendor/laravel/framework/src/Illuminate/Pipeline/Pipeline.php(183): Illuminate\\Foundation\\Http\\Middleware\\InvokeDeferredCallbacks->handle()
#41 /media/flavio/3437-6262/Projetos/laravel_ecommerce/vendor/laravel/framework/src/Illuminate/Pipeline/Pipeline.php(119): Illuminate\\Pipeline\\Pipeline->Illuminate\\Pipeline\\{closure}()
#42 /media/flavio/3437-6262/Projetos/laravel_ecommerce/vendor/laravel/framework/src/Illuminate/Foundation/Http/Kernel.php(176): Illuminate\\Pipeline\\Pipeline->then()
#43 /media/flavio/3437-6262/Projetos/laravel_ecommerce/vendor/laravel/framework/src/Illuminate/Foundation/Http/Kernel.php(145): Illuminate\\Foundation\\Http\\Kernel->sendRequestThroughRouter()
#44 /media/flavio/3437-6262/Projetos/laravel_ecommerce/vendor/laravel/framework/src/Illuminate/Foundation/Application.php(1190): Illuminate\\Foundation\\Http\\Kernel->handle()
#45 /media/flavio/3437-6262/Projetos/laravel_ecommerce/public/index.php(17): Illuminate\\Foundation\\Application->handleRequest()
#46 /media/flavio/3437-6262/Projetos/laravel_ecommerce/vendor/laravel/framework/src/Illuminate/Foundation/resources/server.php(23): require_once('...')
#47 {main}
"} 
[2025-01-01 21:50:52] local.ERROR: Call to undefined method App\Http\Controllers\StoreController::all() {"exception":"[object] (Error(code: 0): Call to undefined method App\\Http\\Controllers\\StoreController::all() at /media/flavio/3437-6262/Projetos/laravel_ecommerce/app/Http/Controllers/StoreController.php:11)
[stacktrace]
#0 /media/flavio/3437-6262/Projetos/laravel_ecommerce/vendor/laravel/framework/src/Illuminate/Routing/ControllerDispatcher.php(47): App\\Http\\Controllers\\StoreController->index()
#1 /media/flavio/3437-6262/Projetos/laravel_ecommerce/vendor/laravel/framework/src/Illuminate/Routing/Route.php(266): Illuminate\\Routing\\ControllerDispatcher->dispatch()
#2 /media/flavio/3437-6262/Projetos/laravel_ecommerce/vendor/laravel/framework/src/Illuminate/Routing/Route.php(212): Illuminate\\Routing\\Route->runController()
#3 /media/flavio/3437-6262/Projetos/laravel_ecommerce/vendor/laravel/framework/src/Illuminate/Routing/Router.php(808): Illuminate\\Routing\\Route->run()
#4 /media/flavio/3437-6262/Projetos/laravel_ecommerce/vendor/laravel/framework/src/Illuminate/Pipeline/Pipeline.php(144): Illuminate\\Routing\\Router->Illuminate\\Routing\\{closure}()
#5 /media/flavio/3437-6262/Projetos/laravel_ecommerce/vendor/laravel/framework/src/Illuminate/Routing/Middleware/SubstituteBindings.php(51): Illuminate\\Pipeline\\Pipeline->Illuminate\\Pipeline\\{closure}()
#6 /media/flavio/3437-6262/Projetos/laravel_ecommerce/vendor/laravel/framework/src/Illuminate/Pipeline/Pipeline.php(183): Illuminate\\Routing\\Middleware\\SubstituteBindings->handle()
#7 /media/flavio/3437-6262/Projetos/laravel_ecommerce/vendor/laravel/framework/src/Illuminate/Foundation/Http/Middleware/VerifyCsrfToken.php(88): Illuminate\\Pipeline\\Pipeline->Illuminate\\Pipeline\\{closure}()
#8 /media/flavio/3437-6262/Projetos/laravel_ecommerce/vendor/laravel/framework/src/Illuminate/Pipeline/Pipeline.php(183): Illuminate\\Foundation\\Http\\Middleware\\VerifyCsrfToken->handle()
#9 /media/flavio/3437-6262/Projetos/laravel_ecommerce/vendor/laravel/framework/src/Illuminate/View/Middleware/ShareErrorsFromSession.php(49): Illuminate\\Pipeline\\Pipeline->Illuminate\\Pipeline\\{closure}()
#10 /media/flavio/3437-6262/Projetos/laravel_ecommerce/vendor/laravel/framework/src/Illuminate/Pipeline/Pipeline.php(183): Illuminate\\View\\Middleware\\ShareErrorsFromSession->handle()
#11 /media/flavio/3437-6262/Projetos/laravel_ecommerce/vendor/laravel/framework/src/Illuminate/Session/Middleware/StartSession.php(121): Illuminate\\Pipeline\\Pipeline->Illuminate\\Pipeline\\{closure}()
#12 /media/flavio/3437-6262/Projetos/laravel_ecommerce/vendor/laravel/framework/src/Illuminate/Session/Middleware/StartSession.php(64): Illuminate\\Session\\Middleware\\StartSession->handleStatefulRequest()
#13 /media/flavio/3437-6262/Projetos/laravel_ecommerce/vendor/laravel/framework/src/Illuminate/Pipeline/Pipeline.php(183): Illuminate\\Session\\Middleware\\StartSession->handle()
#14 /media/flavio/3437-6262/Projetos/laravel_ecommerce/vendor/laravel/framework/src/Illuminate/Cookie/Middleware/AddQueuedCookiesToResponse.php(37): Illuminate\\Pipeline\\Pipeline->Illuminate\\Pipeline\\{closure}()
#15 /media/flavio/3437-6262/Projetos/laravel_ecommerce/vendor/laravel/framework/src/Illuminate/Pipeline/Pipeline.php(183): Illuminate\\Cookie\\Middleware\\AddQueuedCookiesToResponse->handle()
#16 /media/flavio/3437-6262/Projetos/laravel_ecommerce/vendor/laravel/framework/src/Illuminate/Cookie/Middleware/EncryptCookies.php(75): Illuminate\\Pipeline\\Pipeline->Illuminate\\Pipeline\\{closure}()
#17 /media/flavio/3437-6262/Projetos/laravel_ecommerce/vendor/laravel/framework/src/Illuminate/Pipeline/Pipeline.php(183): Illuminate\\Cookie\\Middleware\\EncryptCookies->handle()
#18 /media/flavio/3437-6262/Projetos/laravel_ecommerce/vendor/laravel/framework/src/Illuminate/Pipeline/Pipeline.php(119): Illuminate\\Pipeline\\Pipeline->Illuminate\\Pipeline\\{closure}()
#19 /media/flavio/3437-6262/Projetos/laravel_ecommerce/vendor/laravel/framework/src/Illuminate/Routing/Router.php(807): Illuminate\\Pipeline\\Pipeline->then()
#20 /media/flavio/3437-6262/Projetos/laravel_ecommerce/vendor/laravel/framework/src/Illuminate/Routing/Router.php(786): Illuminate\\Routing\\Router->runRouteWithinStack()
#21 /media/flavio/3437-6262/Projetos/laravel_ecommerce/vendor/laravel/framework/src/Illuminate/Routing/Router.php(750): Illuminate\\Routing\\Router->runRoute()
#22 /media/flavio/3437-6262/Projetos/laravel_ecommerce/vendor/laravel/framework/src/Illuminate/Routing/Router.php(739): Illuminate\\Routing\\Router->dispatchToRoute()
#23 /media/flavio/3437-6262/Projetos/laravel_ecommerce/vendor/laravel/framework/src/Illuminate/Foundation/Http/Kernel.php(201): Illuminate\\Routing\\Router->dispatch()
#24 /media/flavio/3437-6262/Projetos/laravel_ecommerce/vendor/laravel/framework/src/Illuminate/Pipeline/Pipeline.php(144): Illuminate\\Foundation\\Http\\Kernel->Illuminate\\Foundation\\Http\\{closure}()
#25 /media/flavio/3437-6262/Projetos/laravel_ecommerce/vendor/laravel/framework/src/Illuminate/Foundation/Http/Middleware/TransformsRequest.php(21): Illuminate\\Pipeline\\Pipeline->Illuminate\\Pipeline\\{closure}()
#26 /media/flavio/3437-6262/Projetos/laravel_ecommerce/vendor/laravel/framework/src/Illuminate/Foundation/Http/Middleware/ConvertEmptyStringsToNull.php(31): Illuminate\\Foundation\\Http\\Middleware\\TransformsRequest->handle()
#27 /media/flavio/3437-6262/Projetos/laravel_ecommerce/vendor/laravel/framework/src/Illuminate/Pipeline/Pipeline.php(183): Illuminate\\Foundation\\Http\\Middleware\\ConvertEmptyStringsToNull->handle()
#28 /media/flavio/3437-6262/Projetos/laravel_ecommerce/vendor/laravel/framework/src/Illuminate/Foundation/Http/Middleware/TransformsRequest.php(21): Illuminate\\Pipeline\\Pipeline->Illuminate\\Pipeline\\{closure}()
#29 /media/flavio/3437-6262/Projetos/laravel_ecommerce/vendor/laravel/framework/src/Illuminate/Foundation/Http/Middleware/TrimStrings.php(51): Illuminate\\Foundation\\Http\\Middleware\\TransformsRequest->handle()
#30 /media/flavio/3437-6262/Projetos/laravel_ecommerce/vendor/laravel/framework/src/Illuminate/Pipeline/Pipeline.php(183): Illuminate\\Foundation\\Http\\Middleware\\TrimStrings->handle()
#31 /media/flavio/3437-6262/Projetos/laravel_ecommerce/vendor/laravel/framework/src/Illuminate/Http/Middleware/ValidatePostSize.php(27): Illuminate\\Pipeline\\Pipeline->Illuminate\\Pipeline\\{closure}()
#32 /media/flavio/3437-6262/Projetos/laravel_ecommerce/vendor/laravel/framework/src/Illuminate/Pipeline/Pipeline.php(183): Illuminate\\Http\\Middleware\\ValidatePostSize->handle()
#33 /media/flavio/3437-6262/Projetos/laravel_ecommerce/vendor/laravel/framework/src/Illuminate/Foundation/Http/Middleware/PreventRequestsDuringMaintenance.php(110): Illuminate\\Pipeline\\Pipeline->Illuminate\\Pipeline\\{closure}()
#34 /media/flavio/3437-6262/Projetos/laravel_ecommerce/vendor/laravel/framework/src/Illuminate/Pipeline/Pipeline.php(183): Illuminate\\Foundation\\Http\\Middleware\\PreventRequestsDuringMaintenance->handle()
#35 /media/flavio/3437-6262/Projetos/laravel_ecommerce/vendor/laravel/framework/src/Illuminate/Http/Middleware/HandleCors.php(49): Illuminate\\Pipeline\\Pipeline->Illuminate\\Pipeline\\{closure}()
#36 /media/flavio/3437-6262/Projetos/laravel_ecommerce/vendor/laravel/framework/src/Illuminate/Pipeline/Pipeline.php(183): Illuminate\\Http\\Middleware\\HandleCors->handle()
#37 /media/flavio/3437-6262/Projetos/laravel_ecommerce/vendor/laravel/framework/src/Illuminate/Http/Middleware/TrustProxies.php(58): Illuminate\\Pipeline\\Pipeline->Illuminate\\Pipeline\\{closure}()
#38 /media/flavio/3437-6262/Projetos/laravel_ecommerce/vendor/laravel/framework/src/Illuminate/Pipeline/Pipeline.php(183): Illuminate\\Http\\Middleware\\TrustProxies->handle()
#39 /media/flavio/3437-6262/Projetos/laravel_ecommerce/vendor/laravel/framework/src/Illuminate/Foundation/Http/Middleware/InvokeDeferredCallbacks.php(22): Illuminate\\Pipeline\\Pipeline->Illuminate\\Pipeline\\{closure}()
#40 /media/flavio/3437-6262/Projetos/laravel_ecommerce/vendor/laravel/framework/src/Illuminate/Pipeline/Pipeline.php(183): Illuminate\\Foundation\\Http\\Middleware\\InvokeDeferredCallbacks->handle()
#41 /media/flavio/3437-6262/Projetos/laravel_ecommerce/vendor/laravel/framework/src/Illuminate/Pipeline/Pipeline.php(119): Illuminate\\Pipeline\\Pipeline->Illuminate\\Pipeline\\{closure}()
#42 /media/flavio/3437-6262/Projetos/laravel_ecommerce/vendor/laravel/framework/src/Illuminate/Foundation/Http/Kernel.php(176): Illuminate\\Pipeline\\Pipeline->then()
#43 /media/flavio/3437-6262/Projetos/laravel_ecommerce/vendor/laravel/framework/src/Illuminate/Foundation/Http/Kernel.php(145): Illuminate\\Foundation\\Http\\Kernel->sendRequestThroughRouter()
#44 /media/flavio/3437-6262/Projetos/laravel_ecommerce/vendor/laravel/framework/src/Illuminate/Foundation/Application.php(1190): Illuminate\\Foundation\\Http\\Kernel->handle()
#45 /media/flavio/3437-6262/Projetos/laravel_ecommerce/public/index.php(17): Illuminate\\Foundation\\Application->handleRequest()
#46 /media/flavio/3437-6262/Projetos/laravel_ecommerce/vendor/laravel/framework/src/Illuminate/Foundation/resources/server.php(23): require_once('...')
#47 {main}
"} 
[2025-01-01 21:51:25] local.ERROR: Class "App\Http\Controllers\App\Http\ControllersStore" not found {"exception":"[object] (Error(code: 0): Class \"App\\Http\\Controllers\\App\\Http\\ControllersStore\" not found at /media/flavio/3437-6262/Projetos/laravel_ecommerce/app/Http/Controllers/StoreController.php:11)
[stacktrace]
#0 /media/flavio/3437-6262/Projetos/laravel_ecommerce/vendor/laravel/framework/src/Illuminate/Routing/ControllerDispatcher.php(47): App\\Http\\Controllers\\StoreController->index()
#1 /media/flavio/3437-6262/Projetos/laravel_ecommerce/vendor/laravel/framework/src/Illuminate/Routing/Route.php(266): Illuminate\\Routing\\ControllerDispatcher->dispatch()
#2 /media/flavio/3437-6262/Projetos/laravel_ecommerce/vendor/laravel/framework/src/Illuminate/Routing/Route.php(212): Illuminate\\Routing\\Route->runController()
#3 /media/flavio/3437-6262/Projetos/laravel_ecommerce/vendor/laravel/framework/src/Illuminate/Routing/Router.php(808): Illuminate\\Routing\\Route->run()
#4 /media/flavio/3437-6262/Projetos/laravel_ecommerce/vendor/laravel/framework/src/Illuminate/Pipeline/Pipeline.php(144): Illuminate\\Routing\\Router->Illuminate\\Routing\\{closure}()
#5 /media/flavio/3437-6262/Projetos/laravel_ecommerce/vendor/laravel/framework/src/Illuminate/Routing/Middleware/SubstituteBindings.php(51): Illuminate\\Pipeline\\Pipeline->Illuminate\\Pipeline\\{closure}()
#6 /media/flavio/3437-6262/Projetos/laravel_ecommerce/vendor/laravel/framework/src/Illuminate/Pipeline/Pipeline.php(183): Illuminate\\Routing\\Middleware\\SubstituteBindings->handle()
#7 /media/flavio/3437-6262/Projetos/laravel_ecommerce/vendor/laravel/framework/src/Illuminate/Foundation/Http/Middleware/VerifyCsrfToken.php(88): Illuminate\\Pipeline\\Pipeline->Illuminate\\Pipeline\\{closure}()
#8 /media/flavio/3437-6262/Projetos/laravel_ecommerce/vendor/laravel/framework/src/Illuminate/Pipeline/Pipeline.php(183): Illuminate\\Foundation\\Http\\Middleware\\VerifyCsrfToken->handle()
#9 /media/flavio/3437-6262/Projetos/laravel_ecommerce/vendor/laravel/framework/src/Illuminate/View/Middleware/ShareErrorsFromSession.php(49): Illuminate\\Pipeline\\Pipeline->Illuminate\\Pipeline\\{closure}()
#10 /media/flavio/3437-6262/Projetos/laravel_ecommerce/vendor/laravel/framework/src/Illuminate/Pipeline/Pipeline.php(183): Illuminate\\View\\Middleware\\ShareErrorsFromSession->handle()
#11 /media/flavio/3437-6262/Projetos/laravel_ecommerce/vendor/laravel/framework/src/Illuminate/Session/Middleware/StartSession.php(121): Illuminate\\Pipeline\\Pipeline->Illuminate\\Pipeline\\{closure}()
#12 /media/flavio/3437-6262/Projetos/laravel_ecommerce/vendor/laravel/framework/src/Illuminate/Session/Middleware/StartSession.php(64): Illuminate\\Session\\Middleware\\StartSession->handleStatefulRequest()
#13 /media/flavio/3437-6262/Projetos/laravel_ecommerce/vendor/laravel/framework/src/Illuminate/Pipeline/Pipeline.php(183): Illuminate\\Session\\Middleware\\StartSession->handle()
#14 /media/flavio/3437-6262/Projetos/laravel_ecommerce/vendor/laravel/framework/src/Illuminate/Cookie/Middleware/AddQueuedCookiesToResponse.php(37): Illuminate\\Pipeline\\Pipeline->Illuminate\\Pipeline\\{closure}()
#15 /media/flavio/3437-6262/Projetos/laravel_ecommerce/vendor/laravel/framework/src/Illuminate/Pipeline/Pipeline.php(183): Illuminate\\Cookie\\Middleware\\AddQueuedCookiesToResponse->handle()
#16 /media/flavio/3437-6262/Projetos/laravel_ecommerce/vendor/laravel/framework/src/Illuminate/Cookie/Middleware/EncryptCookies.php(75): Illuminate\\Pipeline\\Pipeline->Illuminate\\Pipeline\\{closure}()
#17 /media/flavio/3437-6262/Projetos/laravel_ecommerce/vendor/laravel/framework/src/Illuminate/Pipeline/Pipeline.php(183): Illuminate\\Cookie\\Middleware\\EncryptCookies->handle()
#18 /media/flavio/3437-6262/Projetos/laravel_ecommerce/vendor/laravel/framework/src/Illuminate/Pipeline/Pipeline.php(119): Illuminate\\Pipeline\\Pipeline->Illuminate\\Pipeline\\{closure}()
#19 /media/flavio/3437-6262/Projetos/laravel_ecommerce/vendor/laravel/framework/src/Illuminate/Routing/Router.php(807): Illuminate\\Pipeline\\Pipeline->then()
#20 /media/flavio/3437-6262/Projetos/laravel_ecommerce/vendor/laravel/framework/src/Illuminate/Routing/Router.php(786): Illuminate\\Routing\\Router->runRouteWithinStack()
#21 /media/flavio/3437-6262/Projetos/laravel_ecommerce/vendor/laravel/framework/src/Illuminate/Routing/Router.php(750): Illuminate\\Routing\\Router->runRoute()
#22 /media/flavio/3437-6262/Projetos/laravel_ecommerce/vendor/laravel/framework/src/Illuminate/Routing/Router.php(739): Illuminate\\Routing\\Router->dispatchToRoute()
#23 /media/flavio/3437-6262/Projetos/laravel_ecommerce/vendor/laravel/framework/src/Illuminate/Foundation/Http/Kernel.php(201): Illuminate\\Routing\\Router->dispatch()
#24 /media/flavio/3437-6262/Projetos/laravel_ecommerce/vendor/laravel/framework/src/Illuminate/Pipeline/Pipeline.php(144): Illuminate\\Foundation\\Http\\Kernel->Illuminate\\Foundation\\Http\\{closure}()
#25 /media/flavio/3437-6262/Projetos/laravel_ecommerce/vendor/laravel/framework/src/Illuminate/Foundation/Http/Middleware/TransformsRequest.php(21): Illuminate\\Pipeline\\Pipeline->Illuminate\\Pipeline\\{closure}()
#26 /media/flavio/3437-6262/Projetos/laravel_ecommerce/vendor/laravel/framework/src/Illuminate/Foundation/Http/Middleware/ConvertEmptyStringsToNull.php(31): Illuminate\\Foundation\\Http\\Middleware\\TransformsRequest->handle()
#27 /media/flavio/3437-6262/Projetos/laravel_ecommerce/vendor/laravel/framework/src/Illuminate/Pipeline/Pipeline.php(183): Illuminate\\Foundation\\Http\\Middleware\\ConvertEmptyStringsToNull->handle()
#28 /media/flavio/3437-6262/Projetos/laravel_ecommerce/vendor/laravel/framework/src/Illuminate/Foundation/Http/Middleware/TransformsRequest.php(21): Illuminate\\Pipeline\\Pipeline->Illuminate\\Pipeline\\{closure}()
#29 /media/flavio/3437-6262/Projetos/laravel_ecommerce/vendor/laravel/framework/src/Illuminate/Foundation/Http/Middleware/TrimStrings.php(51): Illuminate\\Foundation\\Http\\Middleware\\TransformsRequest->handle()
#30 /media/flavio/3437-6262/Projetos/laravel_ecommerce/vendor/laravel/framework/src/Illuminate/Pipeline/Pipeline.php(183): Illuminate\\Foundation\\Http\\Middleware\\TrimStrings->handle()
#31 /media/flavio/3437-6262/Projetos/laravel_ecommerce/vendor/laravel/framework/src/Illuminate/Http/Middleware/ValidatePostSize.php(27): Illuminate\\Pipeline\\Pipeline->Illuminate\\Pipeline\\{closure}()
#32 /media/flavio/3437-6262/Projetos/laravel_ecommerce/vendor/laravel/framework/src/Illuminate/Pipeline/Pipeline.php(183): Illuminate\\Http\\Middleware\\ValidatePostSize->handle()
#33 /media/flavio/3437-6262/Projetos/laravel_ecommerce/vendor/laravel/framework/src/Illuminate/Foundation/Http/Middleware/PreventRequestsDuringMaintenance.php(110): Illuminate\\Pipeline\\Pipeline->Illuminate\\Pipeline\\{closure}()
#34 /media/flavio/3437-6262/Projetos/laravel_ecommerce/vendor/laravel/framework/src/Illuminate/Pipeline/Pipeline.php(183): Illuminate\\Foundation\\Http\\Middleware\\PreventRequestsDuringMaintenance->handle()
#35 /media/flavio/3437-6262/Projetos/laravel_ecommerce/vendor/laravel/framework/src/Illuminate/Http/Middleware/HandleCors.php(49): Illuminate\\Pipeline\\Pipeline->Illuminate\\Pipeline\\{closure}()
#36 /media/flavio/3437-6262/Projetos/laravel_ecommerce/vendor/laravel/framework/src/Illuminate/Pipeline/Pipeline.php(183): Illuminate\\Http\\Middleware\\HandleCors->handle()
#37 /media/flavio/3437-6262/Projetos/laravel_ecommerce/vendor/laravel/framework/src/Illuminate/Http/Middleware/TrustProxies.php(58): Illuminate\\Pipeline\\Pipeline->Illuminate\\Pipeline\\{closure}()
#38 /media/flavio/3437-6262/Projetos/laravel_ecommerce/vendor/laravel/framework/src/Illuminate/Pipeline/Pipeline.php(183): Illuminate\\Http\\Middleware\\TrustProxies->handle()
#39 /media/flavio/3437-6262/Projetos/laravel_ecommerce/vendor/laravel/framework/src/Illuminate/Foundation/Http/Middleware/InvokeDeferredCallbacks.php(22): Illuminate\\Pipeline\\Pipeline->Illuminate\\Pipeline\\{closure}()
#40 /media/flavio/3437-6262/Projetos/laravel_ecommerce/vendor/laravel/framework/src/Illuminate/Pipeline/Pipeline.php(183): Illuminate\\Foundation\\Http\\Middleware\\InvokeDeferredCallbacks->handle()
#41 /media/flavio/3437-6262/Projetos/laravel_ecommerce/vendor/laravel/framework/src/Illuminate/Pipeline/Pipeline.php(119): Illuminate\\Pipeline\\Pipeline->Illuminate\\Pipeline\\{closure}()
#42 /media/flavio/3437-6262/Projetos/laravel_ecommerce/vendor/laravel/framework/src/Illuminate/Foundation/Http/Kernel.php(176): Illuminate\\Pipeline\\Pipeline->then()
#43 /media/flavio/3437-6262/Projetos/laravel_ecommerce/vendor/laravel/framework/src/Illuminate/Foundation/Http/Kernel.php(145): Illuminate\\Foundation\\Http\\Kernel->sendRequestThroughRouter()
#44 /media/flavio/3437-6262/Projetos/laravel_ecommerce/vendor/laravel/framework/src/Illuminate/Foundation/Application.php(1190): Illuminate\\Foundation\\Http\\Kernel->handle()
#45 /media/flavio/3437-6262/Projetos/laravel_ecommerce/public/index.php(17): Illuminate\\Foundation\\Application->handleRequest()
#46 /media/flavio/3437-6262/Projetos/laravel_ecommerce/vendor/laravel/framework/src/Illuminate/Foundation/resources/server.php(23): require_once('...')
#47 {main}
"} 
[2025-01-01 21:52:19] local.ERROR: Target class [StoreController] does not exist. {"exception":"[object] (Illuminate\\Contracts\\Container\\BindingResolutionException(code: 0): Target class [StoreController] does not exist. at /media/flavio/3437-6262/Projetos/laravel_ecommerce/vendor/laravel/framework/src/Illuminate/Container/Container.php:946)
[stacktrace]
#0 /media/flavio/3437-6262/Projetos/laravel_ecommerce/vendor/laravel/framework/src/Illuminate/Container/Container.php(819): Illuminate\\Container\\Container->build()
#1 /media/flavio/3437-6262/Projetos/laravel_ecommerce/vendor/laravel/framework/src/Illuminate/Foundation/Application.php(1048): Illuminate\\Container\\Container->resolve()
#2 /media/flavio/3437-6262/Projetos/laravel_ecommerce/vendor/laravel/framework/src/Illuminate/Container/Container.php(755): Illuminate\\Foundation\\Application->resolve()
#3 /media/flavio/3437-6262/Projetos/laravel_ecommerce/vendor/laravel/framework/src/Illuminate/Foundation/Application.php(1030): Illuminate\\Container\\Container->make()
#4 /media/flavio/3437-6262/Projetos/laravel_ecommerce/vendor/laravel/framework/src/Illuminate/Routing/Route.php(285): Illuminate\\Foundation\\Application->make()
#5 /media/flavio/3437-6262/Projetos/laravel_ecommerce/vendor/laravel/framework/src/Illuminate/Routing/Route.php(267): Illuminate\\Routing\\Route->getController()
#6 /media/flavio/3437-6262/Projetos/laravel_ecommerce/vendor/laravel/framework/src/Illuminate/Routing/Route.php(212): Illuminate\\Routing\\Route->runController()
#7 /media/flavio/3437-6262/Projetos/laravel_ecommerce/vendor/laravel/framework/src/Illuminate/Routing/Router.php(808): Illuminate\\Routing\\Route->run()
#8 /media/flavio/3437-6262/Projetos/laravel_ecommerce/vendor/laravel/framework/src/Illuminate/Pipeline/Pipeline.php(144): Illuminate\\Routing\\Router->Illuminate\\Routing\\{closure}()
#9 /media/flavio/3437-6262/Projetos/laravel_ecommerce/vendor/laravel/framework/src/Illuminate/Routing/Middleware/SubstituteBindings.php(51): Illuminate\\Pipeline\\Pipeline->Illuminate\\Pipeline\\{closure}()
#10 /media/flavio/3437-6262/Projetos/laravel_ecommerce/vendor/laravel/framework/src/Illuminate/Pipeline/Pipeline.php(183): Illuminate\\Routing\\Middleware\\SubstituteBindings->handle()
#11 /media/flavio/3437-6262/Projetos/laravel_ecommerce/vendor/laravel/framework/src/Illuminate/Foundation/Http/Middleware/VerifyCsrfToken.php(88): Illuminate\\Pipeline\\Pipeline->Illuminate\\Pipeline\\{closure}()
#12 /media/flavio/3437-6262/Projetos/laravel_ecommerce/vendor/laravel/framework/src/Illuminate/Pipeline/Pipeline.php(183): Illuminate\\Foundation\\Http\\Middleware\\VerifyCsrfToken->handle()
#13 /media/flavio/3437-6262/Projetos/laravel_ecommerce/vendor/laravel/framework/src/Illuminate/View/Middleware/ShareErrorsFromSession.php(49): Illuminate\\Pipeline\\Pipeline->Illuminate\\Pipeline\\{closure}()
#14 /media/flavio/3437-6262/Projetos/laravel_ecommerce/vendor/laravel/framework/src/Illuminate/Pipeline/Pipeline.php(183): Illuminate\\View\\Middleware\\ShareErrorsFromSession->handle()
#15 /media/flavio/3437-6262/Projetos/laravel_ecommerce/vendor/laravel/framework/src/Illuminate/Session/Middleware/StartSession.php(121): Illuminate\\Pipeline\\Pipeline->Illuminate\\Pipeline\\{closure}()
#16 /media/flavio/3437-6262/Projetos/laravel_ecommerce/vendor/laravel/framework/src/Illuminate/Session/Middleware/StartSession.php(64): Illuminate\\Session\\Middleware\\StartSession->handleStatefulRequest()
#17 /media/flavio/3437-6262/Projetos/laravel_ecommerce/vendor/laravel/framework/src/Illuminate/Pipeline/Pipeline.php(183): Illuminate\\Session\\Middleware\\StartSession->handle()
#18 /media/flavio/3437-6262/Projetos/laravel_ecommerce/vendor/laravel/framework/src/Illuminate/Cookie/Middleware/AddQueuedCookiesToResponse.php(37): Illuminate\\Pipeline\\Pipeline->Illuminate\\Pipeline\\{closure}()
#19 /media/flavio/3437-6262/Projetos/laravel_ecommerce/vendor/laravel/framework/src/Illuminate/Pipeline/Pipeline.php(183): Illuminate\\Cookie\\Middleware\\AddQueuedCookiesToResponse->handle()
#20 /media/flavio/3437-6262/Projetos/laravel_ecommerce/vendor/laravel/framework/src/Illuminate/Cookie/Middleware/EncryptCookies.php(75): Illuminate\\Pipeline\\Pipeline->Illuminate\\Pipeline\\{closure}()
#21 /media/flavio/3437-6262/Projetos/laravel_ecommerce/vendor/laravel/framework/src/Illuminate/Pipeline/Pipeline.php(183): Illuminate\\Cookie\\Middleware\\EncryptCookies->handle()
#22 /media/flavio/3437-6262/Projetos/laravel_ecommerce/vendor/laravel/framework/src/Illuminate/Pipeline/Pipeline.php(119): Illuminate\\Pipeline\\Pipeline->Illuminate\\Pipeline\\{closure}()
#23 /media/flavio/3437-6262/Projetos/laravel_ecommerce/vendor/laravel/framework/src/Illuminate/Routing/Router.php(807): Illuminate\\Pipeline\\Pipeline->then()
#24 /media/flavio/3437-6262/Projetos/laravel_ecommerce/vendor/laravel/framework/src/Illuminate/Routing/Router.php(786): Illuminate\\Routing\\Router->runRouteWithinStack()
#25 /media/flavio/3437-6262/Projetos/laravel_ecommerce/vendor/laravel/framework/src/Illuminate/Routing/Router.php(750): Illuminate\\Routing\\Router->runRoute()
#26 /media/flavio/3437-6262/Projetos/laravel_ecommerce/vendor/laravel/framework/src/Illuminate/Routing/Router.php(739): Illuminate\\Routing\\Router->dispatchToRoute()
#27 /media/flavio/3437-6262/Projetos/laravel_ecommerce/vendor/laravel/framework/src/Illuminate/Foundation/Http/Kernel.php(201): Illuminate\\Routing\\Router->dispatch()
#28 /media/flavio/3437-6262/Projetos/laravel_ecommerce/vendor/laravel/framework/src/Illuminate/Pipeline/Pipeline.php(144): Illuminate\\Foundation\\Http\\Kernel->Illuminate\\Foundation\\Http\\{closure}()
#29 /media/flavio/3437-6262/Projetos/laravel_ecommerce/vendor/laravel/framework/src/Illuminate/Foundation/Http/Middleware/TransformsRequest.php(21): Illuminate\\Pipeline\\Pipeline->Illuminate\\Pipeline\\{closure}()
#30 /media/flavio/3437-6262/Projetos/laravel_ecommerce/vendor/laravel/framework/src/Illuminate/Foundation/Http/Middleware/ConvertEmptyStringsToNull.php(31): Illuminate\\Foundation\\Http\\Middleware\\TransformsRequest->handle()
#31 /media/flavio/3437-6262/Projetos/laravel_ecommerce/vendor/laravel/framework/src/Illuminate/Pipeline/Pipeline.php(183): Illuminate\\Foundation\\Http\\Middleware\\ConvertEmptyStringsToNull->handle()
#32 /media/flavio/3437-6262/Projetos/laravel_ecommerce/vendor/laravel/framework/src/Illuminate/Foundation/Http/Middleware/TransformsRequest.php(21): Illuminate\\Pipeline\\Pipeline->Illuminate\\Pipeline\\{closure}()
#33 /media/flavio/3437-6262/Projetos/laravel_ecommerce/vendor/laravel/framework/src/Illuminate/Foundation/Http/Middleware/TrimStrings.php(51): Illuminate\\Foundation\\Http\\Middleware\\TransformsRequest->handle()
#34 /media/flavio/3437-6262/Projetos/laravel_ecommerce/vendor/laravel/framework/src/Illuminate/Pipeline/Pipeline.php(183): Illuminate\\Foundation\\Http\\Middleware\\TrimStrings->handle()
#35 /media/flavio/3437-6262/Projetos/laravel_ecommerce/vendor/laravel/framework/src/Illuminate/Http/Middleware/ValidatePostSize.php(27): Illuminate\\Pipeline\\Pipeline->Illuminate\\Pipeline\\{closure}()
#36 /media/flavio/3437-6262/Projetos/laravel_ecommerce/vendor/laravel/framework/src/Illuminate/Pipeline/Pipeline.php(183): Illuminate\\Http\\Middleware\\ValidatePostSize->handle()
#37 /media/flavio/3437-6262/Projetos/laravel_ecommerce/vendor/laravel/framework/src/Illuminate/Foundation/Http/Middleware/PreventRequestsDuringMaintenance.php(110): Illuminate\\Pipeline\\Pipeline->Illuminate\\Pipeline\\{closure}()
#38 /media/flavio/3437-6262/Projetos/laravel_ecommerce/vendor/laravel/framework/src/Illuminate/Pipeline/Pipeline.php(183): Illuminate\\Foundation\\Http\\Middleware\\PreventRequestsDuringMaintenance->handle()
#39 /media/flavio/3437-6262/Projetos/laravel_ecommerce/vendor/laravel/framework/src/Illuminate/Http/Middleware/HandleCors.php(49): Illuminate\\Pipeline\\Pipeline->Illuminate\\Pipeline\\{closure}()
#40 /media/flavio/3437-6262/Projetos/laravel_ecommerce/vendor/laravel/framework/src/Illuminate/Pipeline/Pipeline.php(183): Illuminate\\Http\\Middleware\\HandleCors->handle()
#41 /media/flavio/3437-6262/Projetos/laravel_ecommerce/vendor/laravel/framework/src/Illuminate/Http/Middleware/TrustProxies.php(58): Illuminate\\Pipeline\\Pipeline->Illuminate\\Pipeline\\{closure}()
#42 /media/flavio/3437-6262/Projetos/laravel_ecommerce/vendor/laravel/framework/src/Illuminate/Pipeline/Pipeline.php(183): Illuminate\\Http\\Middleware\\TrustProxies->handle()
#43 /media/flavio/3437-6262/Projetos/laravel_ecommerce/vendor/laravel/framework/src/Illuminate/Foundation/Http/Middleware/InvokeDeferredCallbacks.php(22): Illuminate\\Pipeline\\Pipeline->Illuminate\\Pipeline\\{closure}()
#44 /media/flavio/3437-6262/Projetos/laravel_ecommerce/vendor/laravel/framework/src/Illuminate/Pipeline/Pipeline.php(183): Illuminate\\Foundation\\Http\\Middleware\\InvokeDeferredCallbacks->handle()
#45 /media/flavio/3437-6262/Projetos/laravel_ecommerce/vendor/laravel/framework/src/Illuminate/Pipeline/Pipeline.php(119): Illuminate\\Pipeline\\Pipeline->Illuminate\\Pipeline\\{closure}()
#46 /media/flavio/3437-6262/Projetos/laravel_ecommerce/vendor/laravel/framework/src/Illuminate/Foundation/Http/Kernel.php(176): Illuminate\\Pipeline\\Pipeline->then()
#47 /media/flavio/3437-6262/Projetos/laravel_ecommerce/vendor/laravel/framework/src/Illuminate/Foundation/Http/Kernel.php(145): Illuminate\\Foundation\\Http\\Kernel->sendRequestThroughRouter()
#48 /media/flavio/3437-6262/Projetos/laravel_ecommerce/vendor/laravel/framework/src/Illuminate/Foundation/Application.php(1190): Illuminate\\Foundation\\Http\\Kernel->handle()
#49 /media/flavio/3437-6262/Projetos/laravel_ecommerce/public/index.php(17): Illuminate\\Foundation\\Application->handleRequest()
#50 /media/flavio/3437-6262/Projetos/laravel_ecommerce/vendor/laravel/framework/src/Illuminate/Foundation/resources/server.php(23): require_once('...')
#51 {main}

[previous exception] [object] (ReflectionException(code: -1): Class \"StoreController\" does not exist at /media/flavio/3437-6262/Projetos/laravel_ecommerce/vendor/laravel/framework/src/Illuminate/Container/Container.php:944)
[stacktrace]
#0 /media/flavio/3437-6262/Projetos/laravel_ecommerce/vendor/laravel/framework/src/Illuminate/Container/Container.php(944): ReflectionClass->__construct()
#1 /media/flavio/3437-6262/Projetos/laravel_ecommerce/vendor/laravel/framework/src/Illuminate/Container/Container.php(819): Illuminate\\Container\\Container->build()
#2 /media/flavio/3437-6262/Projetos/laravel_ecommerce/vendor/laravel/framework/src/Illuminate/Foundation/Application.php(1048): Illuminate\\Container\\Container->resolve()
#3 /media/flavio/3437-6262/Projetos/laravel_ecommerce/vendor/laravel/framework/src/Illuminate/Container/Container.php(755): Illuminate\\Foundation\\Application->resolve()
#4 /media/flavio/3437-6262/Projetos/laravel_ecommerce/vendor/laravel/framework/src/Illuminate/Foundation/Application.php(1030): Illuminate\\Container\\Container->make()
#5 /media/flavio/3437-6262/Projetos/laravel_ecommerce/vendor/laravel/framework/src/Illuminate/Routing/Route.php(285): Illuminate\\Foundation\\Application->make()
#6 /media/flavio/3437-6262/Projetos/laravel_ecommerce/vendor/laravel/framework/src/Illuminate/Routing/Route.php(267): Illuminate\\Routing\\Route->getController()
#7 /media/flavio/3437-6262/Projetos/laravel_ecommerce/vendor/laravel/framework/src/Illuminate/Routing/Route.php(212): Illuminate\\Routing\\Route->runController()
#8 /media/flavio/3437-6262/Projetos/laravel_ecommerce/vendor/laravel/framework/src/Illuminate/Routing/Router.php(808): Illuminate\\Routing\\Route->run()
#9 /media/flavio/3437-6262/Projetos/laravel_ecommerce/vendor/laravel/framework/src/Illuminate/Pipeline/Pipeline.php(144): Illuminate\\Routing\\Router->Illuminate\\Routing\\{closure}()
#10 /media/flavio/3437-6262/Projetos/laravel_ecommerce/vendor/laravel/framework/src/Illuminate/Routing/Middleware/SubstituteBindings.php(51): Illuminate\\Pipeline\\Pipeline->Illuminate\\Pipeline\\{closure}()
#11 /media/flavio/3437-6262/Projetos/laravel_ecommerce/vendor/laravel/framework/src/Illuminate/Pipeline/Pipeline.php(183): Illuminate\\Routing\\Middleware\\SubstituteBindings->handle()
#12 /media/flavio/3437-6262/Projetos/laravel_ecommerce/vendor/laravel/framework/src/Illuminate/Foundation/Http/Middleware/VerifyCsrfToken.php(88): Illuminate\\Pipeline\\Pipeline->Illuminate\\Pipeline\\{closure}()
#13 /media/flavio/3437-6262/Projetos/laravel_ecommerce/vendor/laravel/framework/src/Illuminate/Pipeline/Pipeline.php(183): Illuminate\\Foundation\\Http\\Middleware\\VerifyCsrfToken->handle()
#14 /media/flavio/3437-6262/Projetos/laravel_ecommerce/vendor/laravel/framework/src/Illuminate/View/Middleware/ShareErrorsFromSession.php(49): Illuminate\\Pipeline\\Pipeline->Illuminate\\Pipeline\\{closure}()
#15 /media/flavio/3437-6262/Projetos/laravel_ecommerce/vendor/laravel/framework/src/Illuminate/Pipeline/Pipeline.php(183): Illuminate\\View\\Middleware\\ShareErrorsFromSession->handle()
#16 /media/flavio/3437-6262/Projetos/laravel_ecommerce/vendor/laravel/framework/src/Illuminate/Session/Middleware/StartSession.php(121): Illuminate\\Pipeline\\Pipeline->Illuminate\\Pipeline\\{closure}()
#17 /media/flavio/3437-6262/Projetos/laravel_ecommerce/vendor/laravel/framework/src/Illuminate/Session/Middleware/StartSession.php(64): Illuminate\\Session\\Middleware\\StartSession->handleStatefulRequest()
#18 /media/flavio/3437-6262/Projetos/laravel_ecommerce/vendor/laravel/framework/src/Illuminate/Pipeline/Pipeline.php(183): Illuminate\\Session\\Middleware\\StartSession->handle()
#19 /media/flavio/3437-6262/Projetos/laravel_ecommerce/vendor/laravel/framework/src/Illuminate/Cookie/Middleware/AddQueuedCookiesToResponse.php(37): Illuminate\\Pipeline\\Pipeline->Illuminate\\Pipeline\\{closure}()
#20 /media/flavio/3437-6262/Projetos/laravel_ecommerce/vendor/laravel/framework/src/Illuminate/Pipeline/Pipeline.php(183): Illuminate\\Cookie\\Middleware\\AddQueuedCookiesToResponse->handle()
#21 /media/flavio/3437-6262/Projetos/laravel_ecommerce/vendor/laravel/framework/src/Illuminate/Cookie/Middleware/EncryptCookies.php(75): Illuminate\\Pipeline\\Pipeline->Illuminate\\Pipeline\\{closure}()
#22 /media/flavio/3437-6262/Projetos/laravel_ecommerce/vendor/laravel/framework/src/Illuminate/Pipeline/Pipeline.php(183): Illuminate\\Cookie\\Middleware\\EncryptCookies->handle()
#23 /media/flavio/3437-6262/Projetos/laravel_ecommerce/vendor/laravel/framework/src/Illuminate/Pipeline/Pipeline.php(119): Illuminate\\Pipeline\\Pipeline->Illuminate\\Pipeline\\{closure}()
#24 /media/flavio/3437-6262/Projetos/laravel_ecommerce/vendor/laravel/framework/src/Illuminate/Routing/Router.php(807): Illuminate\\Pipeline\\Pipeline->then()
#25 /media/flavio/3437-6262/Projetos/laravel_ecommerce/vendor/laravel/framework/src/Illuminate/Routing/Router.php(786): Illuminate\\Routing\\Router->runRouteWithinStack()
#26 /media/flavio/3437-6262/Projetos/laravel_ecommerce/vendor/laravel/framework/src/Illuminate/Routing/Router.php(750): Illuminate\\Routing\\Router->runRoute()
#27 /media/flavio/3437-6262/Projetos/laravel_ecommerce/vendor/laravel/framework/src/Illuminate/Routing/Router.php(739): Illuminate\\Routing\\Router->dispatchToRoute()
#28 /media/flavio/3437-6262/Projetos/laravel_ecommerce/vendor/laravel/framework/src/Illuminate/Foundation/Http/Kernel.php(201): Illuminate\\Routing\\Router->dispatch()
#29 /media/flavio/3437-6262/Projetos/laravel_ecommerce/vendor/laravel/framework/src/Illuminate/Pipeline/Pipeline.php(144): Illuminate\\Foundation\\Http\\Kernel->Illuminate\\Foundation\\Http\\{closure}()
#30 /media/flavio/3437-6262/Projetos/laravel_ecommerce/vendor/laravel/framework/src/Illuminate/Foundation/Http/Middleware/TransformsRequest.php(21): Illuminate\\Pipeline\\Pipeline->Illuminate\\Pipeline\\{closure}()
#31 /media/flavio/3437-6262/Projetos/laravel_ecommerce/vendor/laravel/framework/src/Illuminate/Foundation/Http/Middleware/ConvertEmptyStringsToNull.php(31): Illuminate\\Foundation\\Http\\Middleware\\TransformsRequest->handle()
#32 /media/flavio/3437-6262/Projetos/laravel_ecommerce/vendor/laravel/framework/src/Illuminate/Pipeline/Pipeline.php(183): Illuminate\\Foundation\\Http\\Middleware\\ConvertEmptyStringsToNull->handle()
#33 /media/flavio/3437-6262/Projetos/laravel_ecommerce/vendor/laravel/framework/src/Illuminate/Foundation/Http/Middleware/TransformsRequest.php(21): Illuminate\\Pipeline\\Pipeline->Illuminate\\Pipeline\\{closure}()
#34 /media/flavio/3437-6262/Projetos/laravel_ecommerce/vendor/laravel/framework/src/Illuminate/Foundation/Http/Middleware/TrimStrings.php(51): Illuminate\\Foundation\\Http\\Middleware\\TransformsRequest->handle()
#35 /media/flavio/3437-6262/Projetos/laravel_ecommerce/vendor/laravel/framework/src/Illuminate/Pipeline/Pipeline.php(183): Illuminate\\Foundation\\Http\\Middleware\\TrimStrings->handle()
#36 /media/flavio/3437-6262/Projetos/laravel_ecommerce/vendor/laravel/framework/src/Illuminate/Http/Middleware/ValidatePostSize.php(27): Illuminate\\Pipeline\\Pipeline->Illuminate\\Pipeline\\{closure}()
#37 /media/flavio/3437-6262/Projetos/laravel_ecommerce/vendor/laravel/framework/src/Illuminate/Pipeline/Pipeline.php(183): Illuminate\\Http\\Middleware\\ValidatePostSize->handle()
#38 /media/flavio/3437-6262/Projetos/laravel_ecommerce/vendor/laravel/framework/src/Illuminate/Foundation/Http/Middleware/PreventRequestsDuringMaintenance.php(110): Illuminate\\Pipeline\\Pipeline->Illuminate\\Pipeline\\{closure}()
#39 /media/flavio/3437-6262/Projetos/laravel_ecommerce/vendor/laravel/framework/src/Illuminate/Pipeline/Pipeline.php(183): Illuminate\\Foundation\\Http\\Middleware\\PreventRequestsDuringMaintenance->handle()
#40 /media/flavio/3437-6262/Projetos/laravel_ecommerce/vendor/laravel/framework/src/Illuminate/Http/Middleware/HandleCors.php(49): Illuminate\\Pipeline\\Pipeline->Illuminate\\Pipeline\\{closure}()
#41 /media/flavio/3437-6262/Projetos/laravel_ecommerce/vendor/laravel/framework/src/Illuminate/Pipeline/Pipeline.php(183): Illuminate\\Http\\Middleware\\HandleCors->handle()
#42 /media/flavio/3437-6262/Projetos/laravel_ecommerce/vendor/laravel/framework/src/Illuminate/Http/Middleware/TrustProxies.php(58): Illuminate\\Pipeline\\Pipeline->Illuminate\\Pipeline\\{closure}()
#43 /media/flavio/3437-6262/Projetos/laravel_ecommerce/vendor/laravel/framework/src/Illuminate/Pipeline/Pipeline.php(183): Illuminate\\Http\\Middleware\\TrustProxies->handle()
#44 /media/flavio/3437-6262/Projetos/laravel_ecommerce/vendor/laravel/framework/src/Illuminate/Foundation/Http/Middleware/InvokeDeferredCallbacks.php(22): Illuminate\\Pipeline\\Pipeline->Illuminate\\Pipeline\\{closure}()
#45 /media/flavio/3437-6262/Projetos/laravel_ecommerce/vendor/laravel/framework/src/Illuminate/Pipeline/Pipeline.php(183): Illuminate\\Foundation\\Http\\Middleware\\InvokeDeferredCallbacks->handle()
#46 /media/flavio/3437-6262/Projetos/laravel_ecommerce/vendor/laravel/framework/src/Illuminate/Pipeline/Pipeline.php(119): Illuminate\\Pipeline\\Pipeline->Illuminate\\Pipeline\\{closure}()
#47 /media/flavio/3437-6262/Projetos/laravel_ecommerce/vendor/laravel/framework/src/Illuminate/Foundation/Http/Kernel.php(176): Illuminate\\Pipeline\\Pipeline->then()
#48 /media/flavio/3437-6262/Projetos/laravel_ecommerce/vendor/laravel/framework/src/Illuminate/Foundation/Http/Kernel.php(145): Illuminate\\Foundation\\Http\\Kernel->sendRequestThroughRouter()
#49 /media/flavio/3437-6262/Projetos/laravel_ecommerce/vendor/laravel/framework/src/Illuminate/Foundation/Application.php(1190): Illuminate\\Foundation\\Http\\Kernel->handle()
#50 /media/flavio/3437-6262/Projetos/laravel_ecommerce/public/index.php(17): Illuminate\\Foundation\\Application->handleRequest()
#51 /media/flavio/3437-6262/Projetos/laravel_ecommerce/vendor/laravel/framework/src/Illuminate/Foundation/resources/server.php(23): require_once('...')
#52 {main}
"} 
[2025-01-01 21:53:13] local.ERROR: Class "App\Http\Controllers\App\Http\ControllersStore" not found {"exception":"[object] (Error(code: 0): Class \"App\\Http\\Controllers\\App\\Http\\ControllersStore\" not found at /media/flavio/3437-6262/Projetos/laravel_ecommerce/app/Http/Controllers/StoreController.php:11)
[stacktrace]
#0 /media/flavio/3437-6262/Projetos/laravel_ecommerce/vendor/laravel/framework/src/Illuminate/Routing/ControllerDispatcher.php(47): App\\Http\\Controllers\\StoreController->index()
#1 /media/flavio/3437-6262/Projetos/laravel_ecommerce/vendor/laravel/framework/src/Illuminate/Routing/Route.php(266): Illuminate\\Routing\\ControllerDispatcher->dispatch()
#2 /media/flavio/3437-6262/Projetos/laravel_ecommerce/vendor/laravel/framework/src/Illuminate/Routing/Route.php(212): Illuminate\\Routing\\Route->runController()
#3 /media/flavio/3437-6262/Projetos/laravel_ecommerce/vendor/laravel/framework/src/Illuminate/Routing/Router.php(808): Illuminate\\Routing\\Route->run()
#4 /media/flavio/3437-6262/Projetos/laravel_ecommerce/vendor/laravel/framework/src/Illuminate/Pipeline/Pipeline.php(144): Illuminate\\Routing\\Router->Illuminate\\Routing\\{closure}()
#5 /media/flavio/3437-6262/Projetos/laravel_ecommerce/vendor/laravel/framework/src/Illuminate/Routing/Middleware/SubstituteBindings.php(51): Illuminate\\Pipeline\\Pipeline->Illuminate\\Pipeline\\{closure}()
#6 /media/flavio/3437-6262/Projetos/laravel_ecommerce/vendor/laravel/framework/src/Illuminate/Pipeline/Pipeline.php(183): Illuminate\\Routing\\Middleware\\SubstituteBindings->handle()
#7 /media/flavio/3437-6262/Projetos/laravel_ecommerce/vendor/laravel/framework/src/Illuminate/Foundation/Http/Middleware/VerifyCsrfToken.php(88): Illuminate\\Pipeline\\Pipeline->Illuminate\\Pipeline\\{closure}()
#8 /media/flavio/3437-6262/Projetos/laravel_ecommerce/vendor/laravel/framework/src/Illuminate/Pipeline/Pipeline.php(183): Illuminate\\Foundation\\Http\\Middleware\\VerifyCsrfToken->handle()
#9 /media/flavio/3437-6262/Projetos/laravel_ecommerce/vendor/laravel/framework/src/Illuminate/View/Middleware/ShareErrorsFromSession.php(49): Illuminate\\Pipeline\\Pipeline->Illuminate\\Pipeline\\{closure}()
#10 /media/flavio/3437-6262/Projetos/laravel_ecommerce/vendor/laravel/framework/src/Illuminate/Pipeline/Pipeline.php(183): Illuminate\\View\\Middleware\\ShareErrorsFromSession->handle()
#11 /media/flavio/3437-6262/Projetos/laravel_ecommerce/vendor/laravel/framework/src/Illuminate/Session/Middleware/StartSession.php(121): Illuminate\\Pipeline\\Pipeline->Illuminate\\Pipeline\\{closure}()
#12 /media/flavio/3437-6262/Projetos/laravel_ecommerce/vendor/laravel/framework/src/Illuminate/Session/Middleware/StartSession.php(64): Illuminate\\Session\\Middleware\\StartSession->handleStatefulRequest()
#13 /media/flavio/3437-6262/Projetos/laravel_ecommerce/vendor/laravel/framework/src/Illuminate/Pipeline/Pipeline.php(183): Illuminate\\Session\\Middleware\\StartSession->handle()
#14 /media/flavio/3437-6262/Projetos/laravel_ecommerce/vendor/laravel/framework/src/Illuminate/Cookie/Middleware/AddQueuedCookiesToResponse.php(37): Illuminate\\Pipeline\\Pipeline->Illuminate\\Pipeline\\{closure}()
#15 /media/flavio/3437-6262/Projetos/laravel_ecommerce/vendor/laravel/framework/src/Illuminate/Pipeline/Pipeline.php(183): Illuminate\\Cookie\\Middleware\\AddQueuedCookiesToResponse->handle()
#16 /media/flavio/3437-6262/Projetos/laravel_ecommerce/vendor/laravel/framework/src/Illuminate/Cookie/Middleware/EncryptCookies.php(75): Illuminate\\Pipeline\\Pipeline->Illuminate\\Pipeline\\{closure}()
#17 /media/flavio/3437-6262/Projetos/laravel_ecommerce/vendor/laravel/framework/src/Illuminate/Pipeline/Pipeline.php(183): Illuminate\\Cookie\\Middleware\\EncryptCookies->handle()
#18 /media/flavio/3437-6262/Projetos/laravel_ecommerce/vendor/laravel/framework/src/Illuminate/Pipeline/Pipeline.php(119): Illuminate\\Pipeline\\Pipeline->Illuminate\\Pipeline\\{closure}()
#19 /media/flavio/3437-6262/Projetos/laravel_ecommerce/vendor/laravel/framework/src/Illuminate/Routing/Router.php(807): Illuminate\\Pipeline\\Pipeline->then()
#20 /media/flavio/3437-6262/Projetos/laravel_ecommerce/vendor/laravel/framework/src/Illuminate/Routing/Router.php(786): Illuminate\\Routing\\Router->runRouteWithinStack()
#21 /media/flavio/3437-6262/Projetos/laravel_ecommerce/vendor/laravel/framework/src/Illuminate/Routing/Router.php(750): Illuminate\\Routing\\Router->runRoute()
#22 /media/flavio/3437-6262/Projetos/laravel_ecommerce/vendor/laravel/framework/src/Illuminate/Routing/Router.php(739): Illuminate\\Routing\\Router->dispatchToRoute()
#23 /media/flavio/3437-6262/Projetos/laravel_ecommerce/vendor/laravel/framework/src/Illuminate/Foundation/Http/Kernel.php(201): Illuminate\\Routing\\Router->dispatch()
#24 /media/flavio/3437-6262/Projetos/laravel_ecommerce/vendor/laravel/framework/src/Illuminate/Pipeline/Pipeline.php(144): Illuminate\\Foundation\\Http\\Kernel->Illuminate\\Foundation\\Http\\{closure}()
#25 /media/flavio/3437-6262/Projetos/laravel_ecommerce/vendor/laravel/framework/src/Illuminate/Foundation/Http/Middleware/TransformsRequest.php(21): Illuminate\\Pipeline\\Pipeline->Illuminate\\Pipeline\\{closure}()
#26 /media/flavio/3437-6262/Projetos/laravel_ecommerce/vendor/laravel/framework/src/Illuminate/Foundation/Http/Middleware/ConvertEmptyStringsToNull.php(31): Illuminate\\Foundation\\Http\\Middleware\\TransformsRequest->handle()
#27 /media/flavio/3437-6262/Projetos/laravel_ecommerce/vendor/laravel/framework/src/Illuminate/Pipeline/Pipeline.php(183): Illuminate\\Foundation\\Http\\Middleware\\ConvertEmptyStringsToNull->handle()
#28 /media/flavio/3437-6262/Projetos/laravel_ecommerce/vendor/laravel/framework/src/Illuminate/Foundation/Http/Middleware/TransformsRequest.php(21): Illuminate\\Pipeline\\Pipeline->Illuminate\\Pipeline\\{closure}()
#29 /media/flavio/3437-6262/Projetos/laravel_ecommerce/vendor/laravel/framework/src/Illuminate/Foundation/Http/Middleware/TrimStrings.php(51): Illuminate\\Foundation\\Http\\Middleware\\TransformsRequest->handle()
#30 /media/flavio/3437-6262/Projetos/laravel_ecommerce/vendor/laravel/framework/src/Illuminate/Pipeline/Pipeline.php(183): Illuminate\\Foundation\\Http\\Middleware\\TrimStrings->handle()
#31 /media/flavio/3437-6262/Projetos/laravel_ecommerce/vendor/laravel/framework/src/Illuminate/Http/Middleware/ValidatePostSize.php(27): Illuminate\\Pipeline\\Pipeline->Illuminate\\Pipeline\\{closure}()
#32 /media/flavio/3437-6262/Projetos/laravel_ecommerce/vendor/laravel/framework/src/Illuminate/Pipeline/Pipeline.php(183): Illuminate\\Http\\Middleware\\ValidatePostSize->handle()
#33 /media/flavio/3437-6262/Projetos/laravel_ecommerce/vendor/laravel/framework/src/Illuminate/Foundation/Http/Middleware/PreventRequestsDuringMaintenance.php(110): Illuminate\\Pipeline\\Pipeline->Illuminate\\Pipeline\\{closure}()
#34 /media/flavio/3437-6262/Projetos/laravel_ecommerce/vendor/laravel/framework/src/Illuminate/Pipeline/Pipeline.php(183): Illuminate\\Foundation\\Http\\Middleware\\PreventRequestsDuringMaintenance->handle()
#35 /media/flavio/3437-6262/Projetos/laravel_ecommerce/vendor/laravel/framework/src/Illuminate/Http/Middleware/HandleCors.php(49): Illuminate\\Pipeline\\Pipeline->Illuminate\\Pipeline\\{closure}()
#36 /media/flavio/3437-6262/Projetos/laravel_ecommerce/vendor/laravel/framework/src/Illuminate/Pipeline/Pipeline.php(183): Illuminate\\Http\\Middleware\\HandleCors->handle()
#37 /media/flavio/3437-6262/Projetos/laravel_ecommerce/vendor/laravel/framework/src/Illuminate/Http/Middleware/TrustProxies.php(58): Illuminate\\Pipeline\\Pipeline->Illuminate\\Pipeline\\{closure}()
#38 /media/flavio/3437-6262/Projetos/laravel_ecommerce/vendor/laravel/framework/src/Illuminate/Pipeline/Pipeline.php(183): Illuminate\\Http\\Middleware\\TrustProxies->handle()
#39 /media/flavio/3437-6262/Projetos/laravel_ecommerce/vendor/laravel/framework/src/Illuminate/Foundation/Http/Middleware/InvokeDeferredCallbacks.php(22): Illuminate\\Pipeline\\Pipeline->Illuminate\\Pipeline\\{closure}()
#40 /media/flavio/3437-6262/Projetos/laravel_ecommerce/vendor/laravel/framework/src/Illuminate/Pipeline/Pipeline.php(183): Illuminate\\Foundation\\Http\\Middleware\\InvokeDeferredCallbacks->handle()
#41 /media/flavio/3437-6262/Projetos/laravel_ecommerce/vendor/laravel/framework/src/Illuminate/Pipeline/Pipeline.php(119): Illuminate\\Pipeline\\Pipeline->Illuminate\\Pipeline\\{closure}()
#42 /media/flavio/3437-6262/Projetos/laravel_ecommerce/vendor/laravel/framework/src/Illuminate/Foundation/Http/Kernel.php(176): Illuminate\\Pipeline\\Pipeline->then()
#43 /media/flavio/3437-6262/Projetos/laravel_ecommerce/vendor/laravel/framework/src/Illuminate/Foundation/Http/Kernel.php(145): Illuminate\\Foundation\\Http\\Kernel->sendRequestThroughRouter()
#44 /media/flavio/3437-6262/Projetos/laravel_ecommerce/vendor/laravel/framework/src/Illuminate/Foundation/Application.php(1190): Illuminate\\Foundation\\Http\\Kernel->handle()
#45 /media/flavio/3437-6262/Projetos/laravel_ecommerce/public/index.php(17): Illuminate\\Foundation\\Application->handleRequest()
#46 /media/flavio/3437-6262/Projetos/laravel_ecommerce/vendor/laravel/framework/src/Illuminate/Foundation/resources/server.php(23): require_once('...')
#47 {main}
"} 
[2025-01-01 21:53:56] local.ERROR: Class "App\Http\ControllersStore" not found {"exception":"[object] (Error(code: 0): Class \"App\\Http\\ControllersStore\" not found at /media/flavio/3437-6262/Projetos/laravel_ecommerce/app/Http/Controllers/StoreController.php:11)
[stacktrace]
#0 /media/flavio/3437-6262/Projetos/laravel_ecommerce/vendor/laravel/framework/src/Illuminate/Routing/ControllerDispatcher.php(47): App\\Http\\Controllers\\StoreController->index()
#1 /media/flavio/3437-6262/Projetos/laravel_ecommerce/vendor/laravel/framework/src/Illuminate/Routing/Route.php(266): Illuminate\\Routing\\ControllerDispatcher->dispatch()
#2 /media/flavio/3437-6262/Projetos/laravel_ecommerce/vendor/laravel/framework/src/Illuminate/Routing/Route.php(212): Illuminate\\Routing\\Route->runController()
#3 /media/flavio/3437-6262/Projetos/laravel_ecommerce/vendor/laravel/framework/src/Illuminate/Routing/Router.php(808): Illuminate\\Routing\\Route->run()
#4 /media/flavio/3437-6262/Projetos/laravel_ecommerce/vendor/laravel/framework/src/Illuminate/Pipeline/Pipeline.php(144): Illuminate\\Routing\\Router->Illuminate\\Routing\\{closure}()
#5 /media/flavio/3437-6262/Projetos/laravel_ecommerce/vendor/laravel/framework/src/Illuminate/Routing/Middleware/SubstituteBindings.php(51): Illuminate\\Pipeline\\Pipeline->Illuminate\\Pipeline\\{closure}()
#6 /media/flavio/3437-6262/Projetos/laravel_ecommerce/vendor/laravel/framework/src/Illuminate/Pipeline/Pipeline.php(183): Illuminate\\Routing\\Middleware\\SubstituteBindings->handle()
#7 /media/flavio/3437-6262/Projetos/laravel_ecommerce/vendor/laravel/framework/src/Illuminate/Foundation/Http/Middleware/VerifyCsrfToken.php(88): Illuminate\\Pipeline\\Pipeline->Illuminate\\Pipeline\\{closure}()
#8 /media/flavio/3437-6262/Projetos/laravel_ecommerce/vendor/laravel/framework/src/Illuminate/Pipeline/Pipeline.php(183): Illuminate\\Foundation\\Http\\Middleware\\VerifyCsrfToken->handle()
#9 /media/flavio/3437-6262/Projetos/laravel_ecommerce/vendor/laravel/framework/src/Illuminate/View/Middleware/ShareErrorsFromSession.php(49): Illuminate\\Pipeline\\Pipeline->Illuminate\\Pipeline\\{closure}()
#10 /media/flavio/3437-6262/Projetos/laravel_ecommerce/vendor/laravel/framework/src/Illuminate/Pipeline/Pipeline.php(183): Illuminate\\View\\Middleware\\ShareErrorsFromSession->handle()
#11 /media/flavio/3437-6262/Projetos/laravel_ecommerce/vendor/laravel/framework/src/Illuminate/Session/Middleware/StartSession.php(121): Illuminate\\Pipeline\\Pipeline->Illuminate\\Pipeline\\{closure}()
#12 /media/flavio/3437-6262/Projetos/laravel_ecommerce/vendor/laravel/framework/src/Illuminate/Session/Middleware/StartSession.php(64): Illuminate\\Session\\Middleware\\StartSession->handleStatefulRequest()
#13 /media/flavio/3437-6262/Projetos/laravel_ecommerce/vendor/laravel/framework/src/Illuminate/Pipeline/Pipeline.php(183): Illuminate\\Session\\Middleware\\StartSession->handle()
#14 /media/flavio/3437-6262/Projetos/laravel_ecommerce/vendor/laravel/framework/src/Illuminate/Cookie/Middleware/AddQueuedCookiesToResponse.php(37): Illuminate\\Pipeline\\Pipeline->Illuminate\\Pipeline\\{closure}()
#15 /media/flavio/3437-6262/Projetos/laravel_ecommerce/vendor/laravel/framework/src/Illuminate/Pipeline/Pipeline.php(183): Illuminate\\Cookie\\Middleware\\AddQueuedCookiesToResponse->handle()
#16 /media/flavio/3437-6262/Projetos/laravel_ecommerce/vendor/laravel/framework/src/Illuminate/Cookie/Middleware/EncryptCookies.php(75): Illuminate\\Pipeline\\Pipeline->Illuminate\\Pipeline\\{closure}()
#17 /media/flavio/3437-6262/Projetos/laravel_ecommerce/vendor/laravel/framework/src/Illuminate/Pipeline/Pipeline.php(183): Illuminate\\Cookie\\Middleware\\EncryptCookies->handle()
#18 /media/flavio/3437-6262/Projetos/laravel_ecommerce/vendor/laravel/framework/src/Illuminate/Pipeline/Pipeline.php(119): Illuminate\\Pipeline\\Pipeline->Illuminate\\Pipeline\\{closure}()
#19 /media/flavio/3437-6262/Projetos/laravel_ecommerce/vendor/laravel/framework/src/Illuminate/Routing/Router.php(807): Illuminate\\Pipeline\\Pipeline->then()
#20 /media/flavio/3437-6262/Projetos/laravel_ecommerce/vendor/laravel/framework/src/Illuminate/Routing/Router.php(786): Illuminate\\Routing\\Router->runRouteWithinStack()
#21 /media/flavio/3437-6262/Projetos/laravel_ecommerce/vendor/laravel/framework/src/Illuminate/Routing/Router.php(750): Illuminate\\Routing\\Router->runRoute()
#22 /media/flavio/3437-6262/Projetos/laravel_ecommerce/vendor/laravel/framework/src/Illuminate/Routing/Router.php(739): Illuminate\\Routing\\Router->dispatchToRoute()
#23 /media/flavio/3437-6262/Projetos/laravel_ecommerce/vendor/laravel/framework/src/Illuminate/Foundation/Http/Kernel.php(201): Illuminate\\Routing\\Router->dispatch()
#24 /media/flavio/3437-6262/Projetos/laravel_ecommerce/vendor/laravel/framework/src/Illuminate/Pipeline/Pipeline.php(144): Illuminate\\Foundation\\Http\\Kernel->Illuminate\\Foundation\\Http\\{closure}()
#25 /media/flavio/3437-6262/Projetos/laravel_ecommerce/vendor/laravel/framework/src/Illuminate/Foundation/Http/Middleware/TransformsRequest.php(21): Illuminate\\Pipeline\\Pipeline->Illuminate\\Pipeline\\{closure}()
#26 /media/flavio/3437-6262/Projetos/laravel_ecommerce/vendor/laravel/framework/src/Illuminate/Foundation/Http/Middleware/ConvertEmptyStringsToNull.php(31): Illuminate\\Foundation\\Http\\Middleware\\TransformsRequest->handle()
#27 /media/flavio/3437-6262/Projetos/laravel_ecommerce/vendor/laravel/framework/src/Illuminate/Pipeline/Pipeline.php(183): Illuminate\\Foundation\\Http\\Middleware\\ConvertEmptyStringsToNull->handle()
#28 /media/flavio/3437-6262/Projetos/laravel_ecommerce/vendor/laravel/framework/src/Illuminate/Foundation/Http/Middleware/TransformsRequest.php(21): Illuminate\\Pipeline\\Pipeline->Illuminate\\Pipeline\\{closure}()
#29 /media/flavio/3437-6262/Projetos/laravel_ecommerce/vendor/laravel/framework/src/Illuminate/Foundation/Http/Middleware/TrimStrings.php(51): Illuminate\\Foundation\\Http\\Middleware\\TransformsRequest->handle()
#30 /media/flavio/3437-6262/Projetos/laravel_ecommerce/vendor/laravel/framework/src/Illuminate/Pipeline/Pipeline.php(183): Illuminate\\Foundation\\Http\\Middleware\\TrimStrings->handle()
#31 /media/flavio/3437-6262/Projetos/laravel_ecommerce/vendor/laravel/framework/src/Illuminate/Http/Middleware/ValidatePostSize.php(27): Illuminate\\Pipeline\\Pipeline->Illuminate\\Pipeline\\{closure}()
#32 /media/flavio/3437-6262/Projetos/laravel_ecommerce/vendor/laravel/framework/src/Illuminate/Pipeline/Pipeline.php(183): Illuminate\\Http\\Middleware\\ValidatePostSize->handle()
#33 /media/flavio/3437-6262/Projetos/laravel_ecommerce/vendor/laravel/framework/src/Illuminate/Foundation/Http/Middleware/PreventRequestsDuringMaintenance.php(110): Illuminate\\Pipeline\\Pipeline->Illuminate\\Pipeline\\{closure}()
#34 /media/flavio/3437-6262/Projetos/laravel_ecommerce/vendor/laravel/framework/src/Illuminate/Pipeline/Pipeline.php(183): Illuminate\\Foundation\\Http\\Middleware\\PreventRequestsDuringMaintenance->handle()
#35 /media/flavio/3437-6262/Projetos/laravel_ecommerce/vendor/laravel/framework/src/Illuminate/Http/Middleware/HandleCors.php(49): Illuminate\\Pipeline\\Pipeline->Illuminate\\Pipeline\\{closure}()
#36 /media/flavio/3437-6262/Projetos/laravel_ecommerce/vendor/laravel/framework/src/Illuminate/Pipeline/Pipeline.php(183): Illuminate\\Http\\Middleware\\HandleCors->handle()
#37 /media/flavio/3437-6262/Projetos/laravel_ecommerce/vendor/laravel/framework/src/Illuminate/Http/Middleware/TrustProxies.php(58): Illuminate\\Pipeline\\Pipeline->Illuminate\\Pipeline\\{closure}()
#38 /media/flavio/3437-6262/Projetos/laravel_ecommerce/vendor/laravel/framework/src/Illuminate/Pipeline/Pipeline.php(183): Illuminate\\Http\\Middleware\\TrustProxies->handle()
#39 /media/flavio/3437-6262/Projetos/laravel_ecommerce/vendor/laravel/framework/src/Illuminate/Foundation/Http/Middleware/InvokeDeferredCallbacks.php(22): Illuminate\\Pipeline\\Pipeline->Illuminate\\Pipeline\\{closure}()
#40 /media/flavio/3437-6262/Projetos/laravel_ecommerce/vendor/laravel/framework/src/Illuminate/Pipeline/Pipeline.php(183): Illuminate\\Foundation\\Http\\Middleware\\InvokeDeferredCallbacks->handle()
#41 /media/flavio/3437-6262/Projetos/laravel_ecommerce/vendor/laravel/framework/src/Illuminate/Pipeline/Pipeline.php(119): Illuminate\\Pipeline\\Pipeline->Illuminate\\Pipeline\\{closure}()
#42 /media/flavio/3437-6262/Projetos/laravel_ecommerce/vendor/laravel/framework/src/Illuminate/Foundation/Http/Kernel.php(176): Illuminate\\Pipeline\\Pipeline->then()
#43 /media/flavio/3437-6262/Projetos/laravel_ecommerce/vendor/laravel/framework/src/Illuminate/Foundation/Http/Kernel.php(145): Illuminate\\Foundation\\Http\\Kernel->sendRequestThroughRouter()
#44 /media/flavio/3437-6262/Projetos/laravel_ecommerce/vendor/laravel/framework/src/Illuminate/Foundation/Application.php(1190): Illuminate\\Foundation\\Http\\Kernel->handle()
#45 /media/flavio/3437-6262/Projetos/laravel_ecommerce/public/index.php(17): Illuminate\\Foundation\\Application->handleRequest()
#46 /media/flavio/3437-6262/Projetos/laravel_ecommerce/vendor/laravel/framework/src/Illuminate/Foundation/resources/server.php(23): require_once('...')
#47 {main}
"} 
[2025-01-01 21:54:44] local.ERROR: Class "App\Store" not found {"exception":"[object] (Error(code: 0): Class \"App\\Store\" not found at /media/flavio/3437-6262/Projetos/laravel_ecommerce/app/Http/Controllers/StoreController.php:11)
[stacktrace]
#0 /media/flavio/3437-6262/Projetos/laravel_ecommerce/vendor/laravel/framework/src/Illuminate/Routing/ControllerDispatcher.php(47): App\\Http\\Controllers\\StoreController->index()
#1 /media/flavio/3437-6262/Projetos/laravel_ecommerce/vendor/laravel/framework/src/Illuminate/Routing/Route.php(266): Illuminate\\Routing\\ControllerDispatcher->dispatch()
#2 /media/flavio/3437-6262/Projetos/laravel_ecommerce/vendor/laravel/framework/src/Illuminate/Routing/Route.php(212): Illuminate\\Routing\\Route->runController()
#3 /media/flavio/3437-6262/Projetos/laravel_ecommerce/vendor/laravel/framework/src/Illuminate/Routing/Router.php(808): Illuminate\\Routing\\Route->run()
#4 /media/flavio/3437-6262/Projetos/laravel_ecommerce/vendor/laravel/framework/src/Illuminate/Pipeline/Pipeline.php(144): Illuminate\\Routing\\Router->Illuminate\\Routing\\{closure}()
#5 /media/flavio/3437-6262/Projetos/laravel_ecommerce/vendor/laravel/framework/src/Illuminate/Routing/Middleware/SubstituteBindings.php(51): Illuminate\\Pipeline\\Pipeline->Illuminate\\Pipeline\\{closure}()
#6 /media/flavio/3437-6262/Projetos/laravel_ecommerce/vendor/laravel/framework/src/Illuminate/Pipeline/Pipeline.php(183): Illuminate\\Routing\\Middleware\\SubstituteBindings->handle()
#7 /media/flavio/3437-6262/Projetos/laravel_ecommerce/vendor/laravel/framework/src/Illuminate/Foundation/Http/Middleware/VerifyCsrfToken.php(88): Illuminate\\Pipeline\\Pipeline->Illuminate\\Pipeline\\{closure}()
#8 /media/flavio/3437-6262/Projetos/laravel_ecommerce/vendor/laravel/framework/src/Illuminate/Pipeline/Pipeline.php(183): Illuminate\\Foundation\\Http\\Middleware\\VerifyCsrfToken->handle()
#9 /media/flavio/3437-6262/Projetos/laravel_ecommerce/vendor/laravel/framework/src/Illuminate/View/Middleware/ShareErrorsFromSession.php(49): Illuminate\\Pipeline\\Pipeline->Illuminate\\Pipeline\\{closure}()
#10 /media/flavio/3437-6262/Projetos/laravel_ecommerce/vendor/laravel/framework/src/Illuminate/Pipeline/Pipeline.php(183): Illuminate\\View\\Middleware\\ShareErrorsFromSession->handle()
#11 /media/flavio/3437-6262/Projetos/laravel_ecommerce/vendor/laravel/framework/src/Illuminate/Session/Middleware/StartSession.php(121): Illuminate\\Pipeline\\Pipeline->Illuminate\\Pipeline\\{closure}()
#12 /media/flavio/3437-6262/Projetos/laravel_ecommerce/vendor/laravel/framework/src/Illuminate/Session/Middleware/StartSession.php(64): Illuminate\\Session\\Middleware\\StartSession->handleStatefulRequest()
#13 /media/flavio/3437-6262/Projetos/laravel_ecommerce/vendor/laravel/framework/src/Illuminate/Pipeline/Pipeline.php(183): Illuminate\\Session\\Middleware\\StartSession->handle()
#14 /media/flavio/3437-6262/Projetos/laravel_ecommerce/vendor/laravel/framework/src/Illuminate/Cookie/Middleware/AddQueuedCookiesToResponse.php(37): Illuminate\\Pipeline\\Pipeline->Illuminate\\Pipeline\\{closure}()
#15 /media/flavio/3437-6262/Projetos/laravel_ecommerce/vendor/laravel/framework/src/Illuminate/Pipeline/Pipeline.php(183): Illuminate\\Cookie\\Middleware\\AddQueuedCookiesToResponse->handle()
#16 /media/flavio/3437-6262/Projetos/laravel_ecommerce/vendor/laravel/framework/src/Illuminate/Cookie/Middleware/EncryptCookies.php(75): Illuminate\\Pipeline\\Pipeline->Illuminate\\Pipeline\\{closure}()
#17 /media/flavio/3437-6262/Projetos/laravel_ecommerce/vendor/laravel/framework/src/Illuminate/Pipeline/Pipeline.php(183): Illuminate\\Cookie\\Middleware\\EncryptCookies->handle()
#18 /media/flavio/3437-6262/Projetos/laravel_ecommerce/vendor/laravel/framework/src/Illuminate/Pipeline/Pipeline.php(119): Illuminate\\Pipeline\\Pipeline->Illuminate\\Pipeline\\{closure}()
#19 /media/flavio/3437-6262/Projetos/laravel_ecommerce/vendor/laravel/framework/src/Illuminate/Routing/Router.php(807): Illuminate\\Pipeline\\Pipeline->then()
#20 /media/flavio/3437-6262/Projetos/laravel_ecommerce/vendor/laravel/framework/src/Illuminate/Routing/Router.php(786): Illuminate\\Routing\\Router->runRouteWithinStack()
#21 /media/flavio/3437-6262/Projetos/laravel_ecommerce/vendor/laravel/framework/src/Illuminate/Routing/Router.php(750): Illuminate\\Routing\\Router->runRoute()
#22 /media/flavio/3437-6262/Projetos/laravel_ecommerce/vendor/laravel/framework/src/Illuminate/Routing/Router.php(739): Illuminate\\Routing\\Router->dispatchToRoute()
#23 /media/flavio/3437-6262/Projetos/laravel_ecommerce/vendor/laravel/framework/src/Illuminate/Foundation/Http/Kernel.php(201): Illuminate\\Routing\\Router->dispatch()
#24 /media/flavio/3437-6262/Projetos/laravel_ecommerce/vendor/laravel/framework/src/Illuminate/Pipeline/Pipeline.php(144): Illuminate\\Foundation\\Http\\Kernel->Illuminate\\Foundation\\Http\\{closure}()
#25 /media/flavio/3437-6262/Projetos/laravel_ecommerce/vendor/laravel/framework/src/Illuminate/Foundation/Http/Middleware/TransformsRequest.php(21): Illuminate\\Pipeline\\Pipeline->Illuminate\\Pipeline\\{closure}()
#26 /media/flavio/3437-6262/Projetos/laravel_ecommerce/vendor/laravel/framework/src/Illuminate/Foundation/Http/Middleware/ConvertEmptyStringsToNull.php(31): Illuminate\\Foundation\\Http\\Middleware\\TransformsRequest->handle()
#27 /media/flavio/3437-6262/Projetos/laravel_ecommerce/vendor/laravel/framework/src/Illuminate/Pipeline/Pipeline.php(183): Illuminate\\Foundation\\Http\\Middleware\\ConvertEmptyStringsToNull->handle()
#28 /media/flavio/3437-6262/Projetos/laravel_ecommerce/vendor/laravel/framework/src/Illuminate/Foundation/Http/Middleware/TransformsRequest.php(21): Illuminate\\Pipeline\\Pipeline->Illuminate\\Pipeline\\{closure}()
#29 /media/flavio/3437-6262/Projetos/laravel_ecommerce/vendor/laravel/framework/src/Illuminate/Foundation/Http/Middleware/TrimStrings.php(51): Illuminate\\Foundation\\Http\\Middleware\\TransformsRequest->handle()
#30 /media/flavio/3437-6262/Projetos/laravel_ecommerce/vendor/laravel/framework/src/Illuminate/Pipeline/Pipeline.php(183): Illuminate\\Foundation\\Http\\Middleware\\TrimStrings->handle()
#31 /media/flavio/3437-6262/Projetos/laravel_ecommerce/vendor/laravel/framework/src/Illuminate/Http/Middleware/ValidatePostSize.php(27): Illuminate\\Pipeline\\Pipeline->Illuminate\\Pipeline\\{closure}()
#32 /media/flavio/3437-6262/Projetos/laravel_ecommerce/vendor/laravel/framework/src/Illuminate/Pipeline/Pipeline.php(183): Illuminate\\Http\\Middleware\\ValidatePostSize->handle()
#33 /media/flavio/3437-6262/Projetos/laravel_ecommerce/vendor/laravel/framework/src/Illuminate/Foundation/Http/Middleware/PreventRequestsDuringMaintenance.php(110): Illuminate\\Pipeline\\Pipeline->Illuminate\\Pipeline\\{closure}()
#34 /media/flavio/3437-6262/Projetos/laravel_ecommerce/vendor/laravel/framework/src/Illuminate/Pipeline/Pipeline.php(183): Illuminate\\Foundation\\Http\\Middleware\\PreventRequestsDuringMaintenance->handle()
#35 /media/flavio/3437-6262/Projetos/laravel_ecommerce/vendor/laravel/framework/src/Illuminate/Http/Middleware/HandleCors.php(49): Illuminate\\Pipeline\\Pipeline->Illuminate\\Pipeline\\{closure}()
#36 /media/flavio/3437-6262/Projetos/laravel_ecommerce/vendor/laravel/framework/src/Illuminate/Pipeline/Pipeline.php(183): Illuminate\\Http\\Middleware\\HandleCors->handle()
#37 /media/flavio/3437-6262/Projetos/laravel_ecommerce/vendor/laravel/framework/src/Illuminate/Http/Middleware/TrustProxies.php(58): Illuminate\\Pipeline\\Pipeline->Illuminate\\Pipeline\\{closure}()
#38 /media/flavio/3437-6262/Projetos/laravel_ecommerce/vendor/laravel/framework/src/Illuminate/Pipeline/Pipeline.php(183): Illuminate\\Http\\Middleware\\TrustProxies->handle()
#39 /media/flavio/3437-6262/Projetos/laravel_ecommerce/vendor/laravel/framework/src/Illuminate/Foundation/Http/Middleware/InvokeDeferredCallbacks.php(22): Illuminate\\Pipeline\\Pipeline->Illuminate\\Pipeline\\{closure}()
#40 /media/flavio/3437-6262/Projetos/laravel_ecommerce/vendor/laravel/framework/src/Illuminate/Pipeline/Pipeline.php(183): Illuminate\\Foundation\\Http\\Middleware\\InvokeDeferredCallbacks->handle()
#41 /media/flavio/3437-6262/Projetos/laravel_ecommerce/vendor/laravel/framework/src/Illuminate/Pipeline/Pipeline.php(119): Illuminate\\Pipeline\\Pipeline->Illuminate\\Pipeline\\{closure}()
#42 /media/flavio/3437-6262/Projetos/laravel_ecommerce/vendor/laravel/framework/src/Illuminate/Foundation/Http/Kernel.php(176): Illuminate\\Pipeline\\Pipeline->then()
#43 /media/flavio/3437-6262/Projetos/laravel_ecommerce/vendor/laravel/framework/src/Illuminate/Foundation/Http/Kernel.php(145): Illuminate\\Foundation\\Http\\Kernel->sendRequestThroughRouter()
#44 /media/flavio/3437-6262/Projetos/laravel_ecommerce/vendor/laravel/framework/src/Illuminate/Foundation/Application.php(1190): Illuminate\\Foundation\\Http\\Kernel->handle()
#45 /media/flavio/3437-6262/Projetos/laravel_ecommerce/public/index.php(17): Illuminate\\Foundation\\Application->handleRequest()
#46 /media/flavio/3437-6262/Projetos/laravel_ecommerce/vendor/laravel/framework/src/Illuminate/Foundation/resources/server.php(23): require_once('...')
#47 {main}
"} 
[2025-01-01 21:56:21] local.ERROR: Class "App\Store" not found {"exception":"[object] (Error(code: 0): Class \"App\\Store\" not found at /media/flavio/3437-6262/Projetos/laravel_ecommerce/app/Http/Controllers/StoreController.php:11)
[stacktrace]
#0 /media/flavio/3437-6262/Projetos/laravel_ecommerce/vendor/laravel/framework/src/Illuminate/Routing/ControllerDispatcher.php(47): App\\Http\\Controllers\\StoreController->index()
#1 /media/flavio/3437-6262/Projetos/laravel_ecommerce/vendor/laravel/framework/src/Illuminate/Routing/Route.php(266): Illuminate\\Routing\\ControllerDispatcher->dispatch()
#2 /media/flavio/3437-6262/Projetos/laravel_ecommerce/vendor/laravel/framework/src/Illuminate/Routing/Route.php(212): Illuminate\\Routing\\Route->runController()
#3 /media/flavio/3437-6262/Projetos/laravel_ecommerce/vendor/laravel/framework/src/Illuminate/Routing/Router.php(808): Illuminate\\Routing\\Route->run()
#4 /media/flavio/3437-6262/Projetos/laravel_ecommerce/vendor/laravel/framework/src/Illuminate/Pipeline/Pipeline.php(144): Illuminate\\Routing\\Router->Illuminate\\Routing\\{closure}()
#5 /media/flavio/3437-6262/Projetos/laravel_ecommerce/vendor/laravel/framework/src/Illuminate/Routing/Middleware/SubstituteBindings.php(51): Illuminate\\Pipeline\\Pipeline->Illuminate\\Pipeline\\{closure}()
#6 /media/flavio/3437-6262/Projetos/laravel_ecommerce/vendor/laravel/framework/src/Illuminate/Pipeline/Pipeline.php(183): Illuminate\\Routing\\Middleware\\SubstituteBindings->handle()
#7 /media/flavio/3437-6262/Projetos/laravel_ecommerce/vendor/laravel/framework/src/Illuminate/Foundation/Http/Middleware/VerifyCsrfToken.php(88): Illuminate\\Pipeline\\Pipeline->Illuminate\\Pipeline\\{closure}()
#8 /media/flavio/3437-6262/Projetos/laravel_ecommerce/vendor/laravel/framework/src/Illuminate/Pipeline/Pipeline.php(183): Illuminate\\Foundation\\Http\\Middleware\\VerifyCsrfToken->handle()
#9 /media/flavio/3437-6262/Projetos/laravel_ecommerce/vendor/laravel/framework/src/Illuminate/View/Middleware/ShareErrorsFromSession.php(49): Illuminate\\Pipeline\\Pipeline->Illuminate\\Pipeline\\{closure}()
#10 /media/flavio/3437-6262/Projetos/laravel_ecommerce/vendor/laravel/framework/src/Illuminate/Pipeline/Pipeline.php(183): Illuminate\\View\\Middleware\\ShareErrorsFromSession->handle()
#11 /media/flavio/3437-6262/Projetos/laravel_ecommerce/vendor/laravel/framework/src/Illuminate/Session/Middleware/StartSession.php(121): Illuminate\\Pipeline\\Pipeline->Illuminate\\Pipeline\\{closure}()
#12 /media/flavio/3437-6262/Projetos/laravel_ecommerce/vendor/laravel/framework/src/Illuminate/Session/Middleware/StartSession.php(64): Illuminate\\Session\\Middleware\\StartSession->handleStatefulRequest()
#13 /media/flavio/3437-6262/Projetos/laravel_ecommerce/vendor/laravel/framework/src/Illuminate/Pipeline/Pipeline.php(183): Illuminate\\Session\\Middleware\\StartSession->handle()
#14 /media/flavio/3437-6262/Projetos/laravel_ecommerce/vendor/laravel/framework/src/Illuminate/Cookie/Middleware/AddQueuedCookiesToResponse.php(37): Illuminate\\Pipeline\\Pipeline->Illuminate\\Pipeline\\{closure}()
#15 /media/flavio/3437-6262/Projetos/laravel_ecommerce/vendor/laravel/framework/src/Illuminate/Pipeline/Pipeline.php(183): Illuminate\\Cookie\\Middleware\\AddQueuedCookiesToResponse->handle()
#16 /media/flavio/3437-6262/Projetos/laravel_ecommerce/vendor/laravel/framework/src/Illuminate/Cookie/Middleware/EncryptCookies.php(75): Illuminate\\Pipeline\\Pipeline->Illuminate\\Pipeline\\{closure}()
#17 /media/flavio/3437-6262/Projetos/laravel_ecommerce/vendor/laravel/framework/src/Illuminate/Pipeline/Pipeline.php(183): Illuminate\\Cookie\\Middleware\\EncryptCookies->handle()
#18 /media/flavio/3437-6262/Projetos/laravel_ecommerce/vendor/laravel/framework/src/Illuminate/Pipeline/Pipeline.php(119): Illuminate\\Pipeline\\Pipeline->Illuminate\\Pipeline\\{closure}()
#19 /media/flavio/3437-6262/Projetos/laravel_ecommerce/vendor/laravel/framework/src/Illuminate/Routing/Router.php(807): Illuminate\\Pipeline\\Pipeline->then()
#20 /media/flavio/3437-6262/Projetos/laravel_ecommerce/vendor/laravel/framework/src/Illuminate/Routing/Router.php(786): Illuminate\\Routing\\Router->runRouteWithinStack()
#21 /media/flavio/3437-6262/Projetos/laravel_ecommerce/vendor/laravel/framework/src/Illuminate/Routing/Router.php(750): Illuminate\\Routing\\Router->runRoute()
#22 /media/flavio/3437-6262/Projetos/laravel_ecommerce/vendor/laravel/framework/src/Illuminate/Routing/Router.php(739): Illuminate\\Routing\\Router->dispatchToRoute()
#23 /media/flavio/3437-6262/Projetos/laravel_ecommerce/vendor/laravel/framework/src/Illuminate/Foundation/Http/Kernel.php(201): Illuminate\\Routing\\Router->dispatch()
#24 /media/flavio/3437-6262/Projetos/laravel_ecommerce/vendor/laravel/framework/src/Illuminate/Pipeline/Pipeline.php(144): Illuminate\\Foundation\\Http\\Kernel->Illuminate\\Foundation\\Http\\{closure}()
#25 /media/flavio/3437-6262/Projetos/laravel_ecommerce/vendor/laravel/framework/src/Illuminate/Foundation/Http/Middleware/TransformsRequest.php(21): Illuminate\\Pipeline\\Pipeline->Illuminate\\Pipeline\\{closure}()
#26 /media/flavio/3437-6262/Projetos/laravel_ecommerce/vendor/laravel/framework/src/Illuminate/Foundation/Http/Middleware/ConvertEmptyStringsToNull.php(31): Illuminate\\Foundation\\Http\\Middleware\\TransformsRequest->handle()
#27 /media/flavio/3437-6262/Projetos/laravel_ecommerce/vendor/laravel/framework/src/Illuminate/Pipeline/Pipeline.php(183): Illuminate\\Foundation\\Http\\Middleware\\ConvertEmptyStringsToNull->handle()
#28 /media/flavio/3437-6262/Projetos/laravel_ecommerce/vendor/laravel/framework/src/Illuminate/Foundation/Http/Middleware/TransformsRequest.php(21): Illuminate\\Pipeline\\Pipeline->Illuminate\\Pipeline\\{closure}()
#29 /media/flavio/3437-6262/Projetos/laravel_ecommerce/vendor/laravel/framework/src/Illuminate/Foundation/Http/Middleware/TrimStrings.php(51): Illuminate\\Foundation\\Http\\Middleware\\TransformsRequest->handle()
#30 /media/flavio/3437-6262/Projetos/laravel_ecommerce/vendor/laravel/framework/src/Illuminate/Pipeline/Pipeline.php(183): Illuminate\\Foundation\\Http\\Middleware\\TrimStrings->handle()
#31 /media/flavio/3437-6262/Projetos/laravel_ecommerce/vendor/laravel/framework/src/Illuminate/Http/Middleware/ValidatePostSize.php(27): Illuminate\\Pipeline\\Pipeline->Illuminate\\Pipeline\\{closure}()
#32 /media/flavio/3437-6262/Projetos/laravel_ecommerce/vendor/laravel/framework/src/Illuminate/Pipeline/Pipeline.php(183): Illuminate\\Http\\Middleware\\ValidatePostSize->handle()
#33 /media/flavio/3437-6262/Projetos/laravel_ecommerce/vendor/laravel/framework/src/Illuminate/Foundation/Http/Middleware/PreventRequestsDuringMaintenance.php(110): Illuminate\\Pipeline\\Pipeline->Illuminate\\Pipeline\\{closure}()
#34 /media/flavio/3437-6262/Projetos/laravel_ecommerce/vendor/laravel/framework/src/Illuminate/Pipeline/Pipeline.php(183): Illuminate\\Foundation\\Http\\Middleware\\PreventRequestsDuringMaintenance->handle()
#35 /media/flavio/3437-6262/Projetos/laravel_ecommerce/vendor/laravel/framework/src/Illuminate/Http/Middleware/HandleCors.php(49): Illuminate\\Pipeline\\Pipeline->Illuminate\\Pipeline\\{closure}()
#36 /media/flavio/3437-6262/Projetos/laravel_ecommerce/vendor/laravel/framework/src/Illuminate/Pipeline/Pipeline.php(183): Illuminate\\Http\\Middleware\\HandleCors->handle()
#37 /media/flavio/3437-6262/Projetos/laravel_ecommerce/vendor/laravel/framework/src/Illuminate/Http/Middleware/TrustProxies.php(58): Illuminate\\Pipeline\\Pipeline->Illuminate\\Pipeline\\{closure}()
#38 /media/flavio/3437-6262/Projetos/laravel_ecommerce/vendor/laravel/framework/src/Illuminate/Pipeline/Pipeline.php(183): Illuminate\\Http\\Middleware\\TrustProxies->handle()
#39 /media/flavio/3437-6262/Projetos/laravel_ecommerce/vendor/laravel/framework/src/Illuminate/Foundation/Http/Middleware/InvokeDeferredCallbacks.php(22): Illuminate\\Pipeline\\Pipeline->Illuminate\\Pipeline\\{closure}()
#40 /media/flavio/3437-6262/Projetos/laravel_ecommerce/vendor/laravel/framework/src/Illuminate/Pipeline/Pipeline.php(183): Illuminate\\Foundation\\Http\\Middleware\\InvokeDeferredCallbacks->handle()
#41 /media/flavio/3437-6262/Projetos/laravel_ecommerce/vendor/laravel/framework/src/Illuminate/Pipeline/Pipeline.php(119): Illuminate\\Pipeline\\Pipeline->Illuminate\\Pipeline\\{closure}()
#42 /media/flavio/3437-6262/Projetos/laravel_ecommerce/vendor/laravel/framework/src/Illuminate/Foundation/Http/Kernel.php(176): Illuminate\\Pipeline\\Pipeline->then()
#43 /media/flavio/3437-6262/Projetos/laravel_ecommerce/vendor/laravel/framework/src/Illuminate/Foundation/Http/Kernel.php(145): Illuminate\\Foundation\\Http\\Kernel->sendRequestThroughRouter()
#44 /media/flavio/3437-6262/Projetos/laravel_ecommerce/vendor/laravel/framework/src/Illuminate/Foundation/Application.php(1190): Illuminate\\Foundation\\Http\\Kernel->handle()
#45 /media/flavio/3437-6262/Projetos/laravel_ecommerce/public/index.php(17): Illuminate\\Foundation\\Application->handleRequest()
#46 /media/flavio/3437-6262/Projetos/laravel_ecommerce/vendor/laravel/framework/src/Illuminate/Foundation/resources/server.php(23): require_once('...')
#47 {main}
"} 
[2025-01-01 21:56:42] local.ERROR: Class "App\Http\Store" not found {"exception":"[object] (Error(code: 0): Class \"App\\Http\\Store\" not found at /media/flavio/3437-6262/Projetos/laravel_ecommerce/app/Http/Controllers/StoreController.php:11)
[stacktrace]
#0 /media/flavio/3437-6262/Projetos/laravel_ecommerce/vendor/laravel/framework/src/Illuminate/Routing/ControllerDispatcher.php(47): App\\Http\\Controllers\\StoreController->index()
#1 /media/flavio/3437-6262/Projetos/laravel_ecommerce/vendor/laravel/framework/src/Illuminate/Routing/Route.php(266): Illuminate\\Routing\\ControllerDispatcher->dispatch()
#2 /media/flavio/3437-6262/Projetos/laravel_ecommerce/vendor/laravel/framework/src/Illuminate/Routing/Route.php(212): Illuminate\\Routing\\Route->runController()
#3 /media/flavio/3437-6262/Projetos/laravel_ecommerce/vendor/laravel/framework/src/Illuminate/Routing/Router.php(808): Illuminate\\Routing\\Route->run()
#4 /media/flavio/3437-6262/Projetos/laravel_ecommerce/vendor/laravel/framework/src/Illuminate/Pipeline/Pipeline.php(144): Illuminate\\Routing\\Router->Illuminate\\Routing\\{closure}()
#5 /media/flavio/3437-6262/Projetos/laravel_ecommerce/vendor/laravel/framework/src/Illuminate/Routing/Middleware/SubstituteBindings.php(51): Illuminate\\Pipeline\\Pipeline->Illuminate\\Pipeline\\{closure}()
#6 /media/flavio/3437-6262/Projetos/laravel_ecommerce/vendor/laravel/framework/src/Illuminate/Pipeline/Pipeline.php(183): Illuminate\\Routing\\Middleware\\SubstituteBindings->handle()
#7 /media/flavio/3437-6262/Projetos/laravel_ecommerce/vendor/laravel/framework/src/Illuminate/Foundation/Http/Middleware/VerifyCsrfToken.php(88): Illuminate\\Pipeline\\Pipeline->Illuminate\\Pipeline\\{closure}()
#8 /media/flavio/3437-6262/Projetos/laravel_ecommerce/vendor/laravel/framework/src/Illuminate/Pipeline/Pipeline.php(183): Illuminate\\Foundation\\Http\\Middleware\\VerifyCsrfToken->handle()
#9 /media/flavio/3437-6262/Projetos/laravel_ecommerce/vendor/laravel/framework/src/Illuminate/View/Middleware/ShareErrorsFromSession.php(49): Illuminate\\Pipeline\\Pipeline->Illuminate\\Pipeline\\{closure}()
#10 /media/flavio/3437-6262/Projetos/laravel_ecommerce/vendor/laravel/framework/src/Illuminate/Pipeline/Pipeline.php(183): Illuminate\\View\\Middleware\\ShareErrorsFromSession->handle()
#11 /media/flavio/3437-6262/Projetos/laravel_ecommerce/vendor/laravel/framework/src/Illuminate/Session/Middleware/StartSession.php(121): Illuminate\\Pipeline\\Pipeline->Illuminate\\Pipeline\\{closure}()
#12 /media/flavio/3437-6262/Projetos/laravel_ecommerce/vendor/laravel/framework/src/Illuminate/Session/Middleware/StartSession.php(64): Illuminate\\Session\\Middleware\\StartSession->handleStatefulRequest()
#13 /media/flavio/3437-6262/Projetos/laravel_ecommerce/vendor/laravel/framework/src/Illuminate/Pipeline/Pipeline.php(183): Illuminate\\Session\\Middleware\\StartSession->handle()
#14 /media/flavio/3437-6262/Projetos/laravel_ecommerce/vendor/laravel/framework/src/Illuminate/Cookie/Middleware/AddQueuedCookiesToResponse.php(37): Illuminate\\Pipeline\\Pipeline->Illuminate\\Pipeline\\{closure}()
#15 /media/flavio/3437-6262/Projetos/laravel_ecommerce/vendor/laravel/framework/src/Illuminate/Pipeline/Pipeline.php(183): Illuminate\\Cookie\\Middleware\\AddQueuedCookiesToResponse->handle()
#16 /media/flavio/3437-6262/Projetos/laravel_ecommerce/vendor/laravel/framework/src/Illuminate/Cookie/Middleware/EncryptCookies.php(75): Illuminate\\Pipeline\\Pipeline->Illuminate\\Pipeline\\{closure}()
#17 /media/flavio/3437-6262/Projetos/laravel_ecommerce/vendor/laravel/framework/src/Illuminate/Pipeline/Pipeline.php(183): Illuminate\\Cookie\\Middleware\\EncryptCookies->handle()
#18 /media/flavio/3437-6262/Projetos/laravel_ecommerce/vendor/laravel/framework/src/Illuminate/Pipeline/Pipeline.php(119): Illuminate\\Pipeline\\Pipeline->Illuminate\\Pipeline\\{closure}()
#19 /media/flavio/3437-6262/Projetos/laravel_ecommerce/vendor/laravel/framework/src/Illuminate/Routing/Router.php(807): Illuminate\\Pipeline\\Pipeline->then()
#20 /media/flavio/3437-6262/Projetos/laravel_ecommerce/vendor/laravel/framework/src/Illuminate/Routing/Router.php(786): Illuminate\\Routing\\Router->runRouteWithinStack()
#21 /media/flavio/3437-6262/Projetos/laravel_ecommerce/vendor/laravel/framework/src/Illuminate/Routing/Router.php(750): Illuminate\\Routing\\Router->runRoute()
#22 /media/flavio/3437-6262/Projetos/laravel_ecommerce/vendor/laravel/framework/src/Illuminate/Routing/Router.php(739): Illuminate\\Routing\\Router->dispatchToRoute()
#23 /media/flavio/3437-6262/Projetos/laravel_ecommerce/vendor/laravel/framework/src/Illuminate/Foundation/Http/Kernel.php(201): Illuminate\\Routing\\Router->dispatch()
#24 /media/flavio/3437-6262/Projetos/laravel_ecommerce/vendor/laravel/framework/src/Illuminate/Pipeline/Pipeline.php(144): Illuminate\\Foundation\\Http\\Kernel->Illuminate\\Foundation\\Http\\{closure}()
#25 /media/flavio/3437-6262/Projetos/laravel_ecommerce/vendor/laravel/framework/src/Illuminate/Foundation/Http/Middleware/TransformsRequest.php(21): Illuminate\\Pipeline\\Pipeline->Illuminate\\Pipeline\\{closure}()
#26 /media/flavio/3437-6262/Projetos/laravel_ecommerce/vendor/laravel/framework/src/Illuminate/Foundation/Http/Middleware/ConvertEmptyStringsToNull.php(31): Illuminate\\Foundation\\Http\\Middleware\\TransformsRequest->handle()
#27 /media/flavio/3437-6262/Projetos/laravel_ecommerce/vendor/laravel/framework/src/Illuminate/Pipeline/Pipeline.php(183): Illuminate\\Foundation\\Http\\Middleware\\ConvertEmptyStringsToNull->handle()
#28 /media/flavio/3437-6262/Projetos/laravel_ecommerce/vendor/laravel/framework/src/Illuminate/Foundation/Http/Middleware/TransformsRequest.php(21): Illuminate\\Pipeline\\Pipeline->Illuminate\\Pipeline\\{closure}()
#29 /media/flavio/3437-6262/Projetos/laravel_ecommerce/vendor/laravel/framework/src/Illuminate/Foundation/Http/Middleware/TrimStrings.php(51): Illuminate\\Foundation\\Http\\Middleware\\TransformsRequest->handle()
#30 /media/flavio/3437-6262/Projetos/laravel_ecommerce/vendor/laravel/framework/src/Illuminate/Pipeline/Pipeline.php(183): Illuminate\\Foundation\\Http\\Middleware\\TrimStrings->handle()
#31 /media/flavio/3437-6262/Projetos/laravel_ecommerce/vendor/laravel/framework/src/Illuminate/Http/Middleware/ValidatePostSize.php(27): Illuminate\\Pipeline\\Pipeline->Illuminate\\Pipeline\\{closure}()
#32 /media/flavio/3437-6262/Projetos/laravel_ecommerce/vendor/laravel/framework/src/Illuminate/Pipeline/Pipeline.php(183): Illuminate\\Http\\Middleware\\ValidatePostSize->handle()
#33 /media/flavio/3437-6262/Projetos/laravel_ecommerce/vendor/laravel/framework/src/Illuminate/Foundation/Http/Middleware/PreventRequestsDuringMaintenance.php(110): Illuminate\\Pipeline\\Pipeline->Illuminate\\Pipeline\\{closure}()
#34 /media/flavio/3437-6262/Projetos/laravel_ecommerce/vendor/laravel/framework/src/Illuminate/Pipeline/Pipeline.php(183): Illuminate\\Foundation\\Http\\Middleware\\PreventRequestsDuringMaintenance->handle()
#35 /media/flavio/3437-6262/Projetos/laravel_ecommerce/vendor/laravel/framework/src/Illuminate/Http/Middleware/HandleCors.php(49): Illuminate\\Pipeline\\Pipeline->Illuminate\\Pipeline\\{closure}()
#36 /media/flavio/3437-6262/Projetos/laravel_ecommerce/vendor/laravel/framework/src/Illuminate/Pipeline/Pipeline.php(183): Illuminate\\Http\\Middleware\\HandleCors->handle()
#37 /media/flavio/3437-6262/Projetos/laravel_ecommerce/vendor/laravel/framework/src/Illuminate/Http/Middleware/TrustProxies.php(58): Illuminate\\Pipeline\\Pipeline->Illuminate\\Pipeline\\{closure}()
#38 /media/flavio/3437-6262/Projetos/laravel_ecommerce/vendor/laravel/framework/src/Illuminate/Pipeline/Pipeline.php(183): Illuminate\\Http\\Middleware\\TrustProxies->handle()
#39 /media/flavio/3437-6262/Projetos/laravel_ecommerce/vendor/laravel/framework/src/Illuminate/Foundation/Http/Middleware/InvokeDeferredCallbacks.php(22): Illuminate\\Pipeline\\Pipeline->Illuminate\\Pipeline\\{closure}()
#40 /media/flavio/3437-6262/Projetos/laravel_ecommerce/vendor/laravel/framework/src/Illuminate/Pipeline/Pipeline.php(183): Illuminate\\Foundation\\Http\\Middleware\\InvokeDeferredCallbacks->handle()
#41 /media/flavio/3437-6262/Projetos/laravel_ecommerce/vendor/laravel/framework/src/Illuminate/Pipeline/Pipeline.php(119): Illuminate\\Pipeline\\Pipeline->Illuminate\\Pipeline\\{closure}()
#42 /media/flavio/3437-6262/Projetos/laravel_ecommerce/vendor/laravel/framework/src/Illuminate/Foundation/Http/Kernel.php(176): Illuminate\\Pipeline\\Pipeline->then()
#43 /media/flavio/3437-6262/Projetos/laravel_ecommerce/vendor/laravel/framework/src/Illuminate/Foundation/Http/Kernel.php(145): Illuminate\\Foundation\\Http\\Kernel->sendRequestThroughRouter()
#44 /media/flavio/3437-6262/Projetos/laravel_ecommerce/vendor/laravel/framework/src/Illuminate/Foundation/Application.php(1190): Illuminate\\Foundation\\Http\\Kernel->handle()
#45 /media/flavio/3437-6262/Projetos/laravel_ecommerce/public/index.php(17): Illuminate\\Foundation\\Application->handleRequest()
#46 /media/flavio/3437-6262/Projetos/laravel_ecommerce/vendor/laravel/framework/src/Illuminate/Foundation/resources/server.php(23): require_once('...')
#47 {main}
"} 
[2025-01-01 22:07:31] local.ERROR: Target class [Admin\StoreController] does not exist. {"exception":"[object] (Illuminate\\Contracts\\Container\\BindingResolutionException(code: 0): Target class [Admin\\StoreController] does not exist. at /media/flavio/3437-6262/Projetos/laravel_ecommerce/vendor/laravel/framework/src/Illuminate/Container/Container.php:946)
[stacktrace]
#0 /media/flavio/3437-6262/Projetos/laravel_ecommerce/vendor/laravel/framework/src/Illuminate/Container/Container.php(819): Illuminate\\Container\\Container->build()
#1 /media/flavio/3437-6262/Projetos/laravel_ecommerce/vendor/laravel/framework/src/Illuminate/Foundation/Application.php(1048): Illuminate\\Container\\Container->resolve()
#2 /media/flavio/3437-6262/Projetos/laravel_ecommerce/vendor/laravel/framework/src/Illuminate/Container/Container.php(755): Illuminate\\Foundation\\Application->resolve()
#3 /media/flavio/3437-6262/Projetos/laravel_ecommerce/vendor/laravel/framework/src/Illuminate/Foundation/Application.php(1030): Illuminate\\Container\\Container->make()
#4 /media/flavio/3437-6262/Projetos/laravel_ecommerce/vendor/laravel/framework/src/Illuminate/Routing/Route.php(285): Illuminate\\Foundation\\Application->make()
#5 /media/flavio/3437-6262/Projetos/laravel_ecommerce/vendor/laravel/framework/src/Illuminate/Routing/Route.php(267): Illuminate\\Routing\\Route->getController()
#6 /media/flavio/3437-6262/Projetos/laravel_ecommerce/vendor/laravel/framework/src/Illuminate/Routing/Route.php(212): Illuminate\\Routing\\Route->runController()
#7 /media/flavio/3437-6262/Projetos/laravel_ecommerce/vendor/laravel/framework/src/Illuminate/Routing/Router.php(808): Illuminate\\Routing\\Route->run()
#8 /media/flavio/3437-6262/Projetos/laravel_ecommerce/vendor/laravel/framework/src/Illuminate/Pipeline/Pipeline.php(144): Illuminate\\Routing\\Router->Illuminate\\Routing\\{closure}()
#9 /media/flavio/3437-6262/Projetos/laravel_ecommerce/vendor/laravel/framework/src/Illuminate/Routing/Middleware/SubstituteBindings.php(51): Illuminate\\Pipeline\\Pipeline->Illuminate\\Pipeline\\{closure}()
#10 /media/flavio/3437-6262/Projetos/laravel_ecommerce/vendor/laravel/framework/src/Illuminate/Pipeline/Pipeline.php(183): Illuminate\\Routing\\Middleware\\SubstituteBindings->handle()
#11 /media/flavio/3437-6262/Projetos/laravel_ecommerce/vendor/laravel/framework/src/Illuminate/Foundation/Http/Middleware/VerifyCsrfToken.php(88): Illuminate\\Pipeline\\Pipeline->Illuminate\\Pipeline\\{closure}()
#12 /media/flavio/3437-6262/Projetos/laravel_ecommerce/vendor/laravel/framework/src/Illuminate/Pipeline/Pipeline.php(183): Illuminate\\Foundation\\Http\\Middleware\\VerifyCsrfToken->handle()
#13 /media/flavio/3437-6262/Projetos/laravel_ecommerce/vendor/laravel/framework/src/Illuminate/View/Middleware/ShareErrorsFromSession.php(49): Illuminate\\Pipeline\\Pipeline->Illuminate\\Pipeline\\{closure}()
#14 /media/flavio/3437-6262/Projetos/laravel_ecommerce/vendor/laravel/framework/src/Illuminate/Pipeline/Pipeline.php(183): Illuminate\\View\\Middleware\\ShareErrorsFromSession->handle()
#15 /media/flavio/3437-6262/Projetos/laravel_ecommerce/vendor/laravel/framework/src/Illuminate/Session/Middleware/StartSession.php(121): Illuminate\\Pipeline\\Pipeline->Illuminate\\Pipeline\\{closure}()
#16 /media/flavio/3437-6262/Projetos/laravel_ecommerce/vendor/laravel/framework/src/Illuminate/Session/Middleware/StartSession.php(64): Illuminate\\Session\\Middleware\\StartSession->handleStatefulRequest()
#17 /media/flavio/3437-6262/Projetos/laravel_ecommerce/vendor/laravel/framework/src/Illuminate/Pipeline/Pipeline.php(183): Illuminate\\Session\\Middleware\\StartSession->handle()
#18 /media/flavio/3437-6262/Projetos/laravel_ecommerce/vendor/laravel/framework/src/Illuminate/Cookie/Middleware/AddQueuedCookiesToResponse.php(37): Illuminate\\Pipeline\\Pipeline->Illuminate\\Pipeline\\{closure}()
#19 /media/flavio/3437-6262/Projetos/laravel_ecommerce/vendor/laravel/framework/src/Illuminate/Pipeline/Pipeline.php(183): Illuminate\\Cookie\\Middleware\\AddQueuedCookiesToResponse->handle()
#20 /media/flavio/3437-6262/Projetos/laravel_ecommerce/vendor/laravel/framework/src/Illuminate/Cookie/Middleware/EncryptCookies.php(75): Illuminate\\Pipeline\\Pipeline->Illuminate\\Pipeline\\{closure}()
#21 /media/flavio/3437-6262/Projetos/laravel_ecommerce/vendor/laravel/framework/src/Illuminate/Pipeline/Pipeline.php(183): Illuminate\\Cookie\\Middleware\\EncryptCookies->handle()
#22 /media/flavio/3437-6262/Projetos/laravel_ecommerce/vendor/laravel/framework/src/Illuminate/Pipeline/Pipeline.php(119): Illuminate\\Pipeline\\Pipeline->Illuminate\\Pipeline\\{closure}()
#23 /media/flavio/3437-6262/Projetos/laravel_ecommerce/vendor/laravel/framework/src/Illuminate/Routing/Router.php(807): Illuminate\\Pipeline\\Pipeline->then()
#24 /media/flavio/3437-6262/Projetos/laravel_ecommerce/vendor/laravel/framework/src/Illuminate/Routing/Router.php(786): Illuminate\\Routing\\Router->runRouteWithinStack()
#25 /media/flavio/3437-6262/Projetos/laravel_ecommerce/vendor/laravel/framework/src/Illuminate/Routing/Router.php(750): Illuminate\\Routing\\Router->runRoute()
#26 /media/flavio/3437-6262/Projetos/laravel_ecommerce/vendor/laravel/framework/src/Illuminate/Routing/Router.php(739): Illuminate\\Routing\\Router->dispatchToRoute()
#27 /media/flavio/3437-6262/Projetos/laravel_ecommerce/vendor/laravel/framework/src/Illuminate/Foundation/Http/Kernel.php(201): Illuminate\\Routing\\Router->dispatch()
#28 /media/flavio/3437-6262/Projetos/laravel_ecommerce/vendor/laravel/framework/src/Illuminate/Pipeline/Pipeline.php(144): Illuminate\\Foundation\\Http\\Kernel->Illuminate\\Foundation\\Http\\{closure}()
#29 /media/flavio/3437-6262/Projetos/laravel_ecommerce/vendor/laravel/framework/src/Illuminate/Foundation/Http/Middleware/TransformsRequest.php(21): Illuminate\\Pipeline\\Pipeline->Illuminate\\Pipeline\\{closure}()
#30 /media/flavio/3437-6262/Projetos/laravel_ecommerce/vendor/laravel/framework/src/Illuminate/Foundation/Http/Middleware/ConvertEmptyStringsToNull.php(31): Illuminate\\Foundation\\Http\\Middleware\\TransformsRequest->handle()
#31 /media/flavio/3437-6262/Projetos/laravel_ecommerce/vendor/laravel/framework/src/Illuminate/Pipeline/Pipeline.php(183): Illuminate\\Foundation\\Http\\Middleware\\ConvertEmptyStringsToNull->handle()
#32 /media/flavio/3437-6262/Projetos/laravel_ecommerce/vendor/laravel/framework/src/Illuminate/Foundation/Http/Middleware/TransformsRequest.php(21): Illuminate\\Pipeline\\Pipeline->Illuminate\\Pipeline\\{closure}()
#33 /media/flavio/3437-6262/Projetos/laravel_ecommerce/vendor/laravel/framework/src/Illuminate/Foundation/Http/Middleware/TrimStrings.php(51): Illuminate\\Foundation\\Http\\Middleware\\TransformsRequest->handle()
#34 /media/flavio/3437-6262/Projetos/laravel_ecommerce/vendor/laravel/framework/src/Illuminate/Pipeline/Pipeline.php(183): Illuminate\\Foundation\\Http\\Middleware\\TrimStrings->handle()
#35 /media/flavio/3437-6262/Projetos/laravel_ecommerce/vendor/laravel/framework/src/Illuminate/Http/Middleware/ValidatePostSize.php(27): Illuminate\\Pipeline\\Pipeline->Illuminate\\Pipeline\\{closure}()
#36 /media/flavio/3437-6262/Projetos/laravel_ecommerce/vendor/laravel/framework/src/Illuminate/Pipeline/Pipeline.php(183): Illuminate\\Http\\Middleware\\ValidatePostSize->handle()
#37 /media/flavio/3437-6262/Projetos/laravel_ecommerce/vendor/laravel/framework/src/Illuminate/Foundation/Http/Middleware/PreventRequestsDuringMaintenance.php(110): Illuminate\\Pipeline\\Pipeline->Illuminate\\Pipeline\\{closure}()
#38 /media/flavio/3437-6262/Projetos/laravel_ecommerce/vendor/laravel/framework/src/Illuminate/Pipeline/Pipeline.php(183): Illuminate\\Foundation\\Http\\Middleware\\PreventRequestsDuringMaintenance->handle()
#39 /media/flavio/3437-6262/Projetos/laravel_ecommerce/vendor/laravel/framework/src/Illuminate/Http/Middleware/HandleCors.php(49): Illuminate\\Pipeline\\Pipeline->Illuminate\\Pipeline\\{closure}()
#40 /media/flavio/3437-6262/Projetos/laravel_ecommerce/vendor/laravel/framework/src/Illuminate/Pipeline/Pipeline.php(183): Illuminate\\Http\\Middleware\\HandleCors->handle()
#41 /media/flavio/3437-6262/Projetos/laravel_ecommerce/vendor/laravel/framework/src/Illuminate/Http/Middleware/TrustProxies.php(58): Illuminate\\Pipeline\\Pipeline->Illuminate\\Pipeline\\{closure}()
#42 /media/flavio/3437-6262/Projetos/laravel_ecommerce/vendor/laravel/framework/src/Illuminate/Pipeline/Pipeline.php(183): Illuminate\\Http\\Middleware\\TrustProxies->handle()
#43 /media/flavio/3437-6262/Projetos/laravel_ecommerce/vendor/laravel/framework/src/Illuminate/Foundation/Http/Middleware/InvokeDeferredCallbacks.php(22): Illuminate\\Pipeline\\Pipeline->Illuminate\\Pipeline\\{closure}()
#44 /media/flavio/3437-6262/Projetos/laravel_ecommerce/vendor/laravel/framework/src/Illuminate/Pipeline/Pipeline.php(183): Illuminate\\Foundation\\Http\\Middleware\\InvokeDeferredCallbacks->handle()
#45 /media/flavio/3437-6262/Projetos/laravel_ecommerce/vendor/laravel/framework/src/Illuminate/Pipeline/Pipeline.php(119): Illuminate\\Pipeline\\Pipeline->Illuminate\\Pipeline\\{closure}()
#46 /media/flavio/3437-6262/Projetos/laravel_ecommerce/vendor/laravel/framework/src/Illuminate/Foundation/Http/Kernel.php(176): Illuminate\\Pipeline\\Pipeline->then()
#47 /media/flavio/3437-6262/Projetos/laravel_ecommerce/vendor/laravel/framework/src/Illuminate/Foundation/Http/Kernel.php(145): Illuminate\\Foundation\\Http\\Kernel->sendRequestThroughRouter()
#48 /media/flavio/3437-6262/Projetos/laravel_ecommerce/vendor/laravel/framework/src/Illuminate/Foundation/Application.php(1190): Illuminate\\Foundation\\Http\\Kernel->handle()
#49 /media/flavio/3437-6262/Projetos/laravel_ecommerce/public/index.php(17): Illuminate\\Foundation\\Application->handleRequest()
#50 /media/flavio/3437-6262/Projetos/laravel_ecommerce/vendor/laravel/framework/src/Illuminate/Foundation/resources/server.php(23): require_once('...')
#51 {main}

[previous exception] [object] (ReflectionException(code: -1): Class \"Admin\\StoreController\" does not exist at /media/flavio/3437-6262/Projetos/laravel_ecommerce/vendor/laravel/framework/src/Illuminate/Container/Container.php:944)
[stacktrace]
#0 /media/flavio/3437-6262/Projetos/laravel_ecommerce/vendor/laravel/framework/src/Illuminate/Container/Container.php(944): ReflectionClass->__construct()
#1 /media/flavio/3437-6262/Projetos/laravel_ecommerce/vendor/laravel/framework/src/Illuminate/Container/Container.php(819): Illuminate\\Container\\Container->build()
#2 /media/flavio/3437-6262/Projetos/laravel_ecommerce/vendor/laravel/framework/src/Illuminate/Foundation/Application.php(1048): Illuminate\\Container\\Container->resolve()
#3 /media/flavio/3437-6262/Projetos/laravel_ecommerce/vendor/laravel/framework/src/Illuminate/Container/Container.php(755): Illuminate\\Foundation\\Application->resolve()
#4 /media/flavio/3437-6262/Projetos/laravel_ecommerce/vendor/laravel/framework/src/Illuminate/Foundation/Application.php(1030): Illuminate\\Container\\Container->make()
#5 /media/flavio/3437-6262/Projetos/laravel_ecommerce/vendor/laravel/framework/src/Illuminate/Routing/Route.php(285): Illuminate\\Foundation\\Application->make()
#6 /media/flavio/3437-6262/Projetos/laravel_ecommerce/vendor/laravel/framework/src/Illuminate/Routing/Route.php(267): Illuminate\\Routing\\Route->getController()
#7 /media/flavio/3437-6262/Projetos/laravel_ecommerce/vendor/laravel/framework/src/Illuminate/Routing/Route.php(212): Illuminate\\Routing\\Route->runController()
#8 /media/flavio/3437-6262/Projetos/laravel_ecommerce/vendor/laravel/framework/src/Illuminate/Routing/Router.php(808): Illuminate\\Routing\\Route->run()
#9 /media/flavio/3437-6262/Projetos/laravel_ecommerce/vendor/laravel/framework/src/Illuminate/Pipeline/Pipeline.php(144): Illuminate\\Routing\\Router->Illuminate\\Routing\\{closure}()
#10 /media/flavio/3437-6262/Projetos/laravel_ecommerce/vendor/laravel/framework/src/Illuminate/Routing/Middleware/SubstituteBindings.php(51): Illuminate\\Pipeline\\Pipeline->Illuminate\\Pipeline\\{closure}()
#11 /media/flavio/3437-6262/Projetos/laravel_ecommerce/vendor/laravel/framework/src/Illuminate/Pipeline/Pipeline.php(183): Illuminate\\Routing\\Middleware\\SubstituteBindings->handle()
#12 /media/flavio/3437-6262/Projetos/laravel_ecommerce/vendor/laravel/framework/src/Illuminate/Foundation/Http/Middleware/VerifyCsrfToken.php(88): Illuminate\\Pipeline\\Pipeline->Illuminate\\Pipeline\\{closure}()
#13 /media/flavio/3437-6262/Projetos/laravel_ecommerce/vendor/laravel/framework/src/Illuminate/Pipeline/Pipeline.php(183): Illuminate\\Foundation\\Http\\Middleware\\VerifyCsrfToken->handle()
#14 /media/flavio/3437-6262/Projetos/laravel_ecommerce/vendor/laravel/framework/src/Illuminate/View/Middleware/ShareErrorsFromSession.php(49): Illuminate\\Pipeline\\Pipeline->Illuminate\\Pipeline\\{closure}()
#15 /media/flavio/3437-6262/Projetos/laravel_ecommerce/vendor/laravel/framework/src/Illuminate/Pipeline/Pipeline.php(183): Illuminate\\View\\Middleware\\ShareErrorsFromSession->handle()
#16 /media/flavio/3437-6262/Projetos/laravel_ecommerce/vendor/laravel/framework/src/Illuminate/Session/Middleware/StartSession.php(121): Illuminate\\Pipeline\\Pipeline->Illuminate\\Pipeline\\{closure}()
#17 /media/flavio/3437-6262/Projetos/laravel_ecommerce/vendor/laravel/framework/src/Illuminate/Session/Middleware/StartSession.php(64): Illuminate\\Session\\Middleware\\StartSession->handleStatefulRequest()
#18 /media/flavio/3437-6262/Projetos/laravel_ecommerce/vendor/laravel/framework/src/Illuminate/Pipeline/Pipeline.php(183): Illuminate\\Session\\Middleware\\StartSession->handle()
#19 /media/flavio/3437-6262/Projetos/laravel_ecommerce/vendor/laravel/framework/src/Illuminate/Cookie/Middleware/AddQueuedCookiesToResponse.php(37): Illuminate\\Pipeline\\Pipeline->Illuminate\\Pipeline\\{closure}()
#20 /media/flavio/3437-6262/Projetos/laravel_ecommerce/vendor/laravel/framework/src/Illuminate/Pipeline/Pipeline.php(183): Illuminate\\Cookie\\Middleware\\AddQueuedCookiesToResponse->handle()
#21 /media/flavio/3437-6262/Projetos/laravel_ecommerce/vendor/laravel/framework/src/Illuminate/Cookie/Middleware/EncryptCookies.php(75): Illuminate\\Pipeline\\Pipeline->Illuminate\\Pipeline\\{closure}()
#22 /media/flavio/3437-6262/Projetos/laravel_ecommerce/vendor/laravel/framework/src/Illuminate/Pipeline/Pipeline.php(183): Illuminate\\Cookie\\Middleware\\EncryptCookies->handle()
#23 /media/flavio/3437-6262/Projetos/laravel_ecommerce/vendor/laravel/framework/src/Illuminate/Pipeline/Pipeline.php(119): Illuminate\\Pipeline\\Pipeline->Illuminate\\Pipeline\\{closure}()
#24 /media/flavio/3437-6262/Projetos/laravel_ecommerce/vendor/laravel/framework/src/Illuminate/Routing/Router.php(807): Illuminate\\Pipeline\\Pipeline->then()
#25 /media/flavio/3437-6262/Projetos/laravel_ecommerce/vendor/laravel/framework/src/Illuminate/Routing/Router.php(786): Illuminate\\Routing\\Router->runRouteWithinStack()
#26 /media/flavio/3437-6262/Projetos/laravel_ecommerce/vendor/laravel/framework/src/Illuminate/Routing/Router.php(750): Illuminate\\Routing\\Router->runRoute()
#27 /media/flavio/3437-6262/Projetos/laravel_ecommerce/vendor/laravel/framework/src/Illuminate/Routing/Router.php(739): Illuminate\\Routing\\Router->dispatchToRoute()
#28 /media/flavio/3437-6262/Projetos/laravel_ecommerce/vendor/laravel/framework/src/Illuminate/Foundation/Http/Kernel.php(201): Illuminate\\Routing\\Router->dispatch()
#29 /media/flavio/3437-6262/Projetos/laravel_ecommerce/vendor/laravel/framework/src/Illuminate/Pipeline/Pipeline.php(144): Illuminate\\Foundation\\Http\\Kernel->Illuminate\\Foundation\\Http\\{closure}()
#30 /media/flavio/3437-6262/Projetos/laravel_ecommerce/vendor/laravel/framework/src/Illuminate/Foundation/Http/Middleware/TransformsRequest.php(21): Illuminate\\Pipeline\\Pipeline->Illuminate\\Pipeline\\{closure}()
#31 /media/flavio/3437-6262/Projetos/laravel_ecommerce/vendor/laravel/framework/src/Illuminate/Foundation/Http/Middleware/ConvertEmptyStringsToNull.php(31): Illuminate\\Foundation\\Http\\Middleware\\TransformsRequest->handle()
#32 /media/flavio/3437-6262/Projetos/laravel_ecommerce/vendor/laravel/framework/src/Illuminate/Pipeline/Pipeline.php(183): Illuminate\\Foundation\\Http\\Middleware\\ConvertEmptyStringsToNull->handle()
#33 /media/flavio/3437-6262/Projetos/laravel_ecommerce/vendor/laravel/framework/src/Illuminate/Foundation/Http/Middleware/TransformsRequest.php(21): Illuminate\\Pipeline\\Pipeline->Illuminate\\Pipeline\\{closure}()
#34 /media/flavio/3437-6262/Projetos/laravel_ecommerce/vendor/laravel/framework/src/Illuminate/Foundation/Http/Middleware/TrimStrings.php(51): Illuminate\\Foundation\\Http\\Middleware\\TransformsRequest->handle()
#35 /media/flavio/3437-6262/Projetos/laravel_ecommerce/vendor/laravel/framework/src/Illuminate/Pipeline/Pipeline.php(183): Illuminate\\Foundation\\Http\\Middleware\\TrimStrings->handle()
#36 /media/flavio/3437-6262/Projetos/laravel_ecommerce/vendor/laravel/framework/src/Illuminate/Http/Middleware/ValidatePostSize.php(27): Illuminate\\Pipeline\\Pipeline->Illuminate\\Pipeline\\{closure}()
#37 /media/flavio/3437-6262/Projetos/laravel_ecommerce/vendor/laravel/framework/src/Illuminate/Pipeline/Pipeline.php(183): Illuminate\\Http\\Middleware\\ValidatePostSize->handle()
#38 /media/flavio/3437-6262/Projetos/laravel_ecommerce/vendor/laravel/framework/src/Illuminate/Foundation/Http/Middleware/PreventRequestsDuringMaintenance.php(110): Illuminate\\Pipeline\\Pipeline->Illuminate\\Pipeline\\{closure}()
#39 /media/flavio/3437-6262/Projetos/laravel_ecommerce/vendor/laravel/framework/src/Illuminate/Pipeline/Pipeline.php(183): Illuminate\\Foundation\\Http\\Middleware\\PreventRequestsDuringMaintenance->handle()
#40 /media/flavio/3437-6262/Projetos/laravel_ecommerce/vendor/laravel/framework/src/Illuminate/Http/Middleware/HandleCors.php(49): Illuminate\\Pipeline\\Pipeline->Illuminate\\Pipeline\\{closure}()
#41 /media/flavio/3437-6262/Projetos/laravel_ecommerce/vendor/laravel/framework/src/Illuminate/Pipeline/Pipeline.php(183): Illuminate\\Http\\Middleware\\HandleCors->handle()
#42 /media/flavio/3437-6262/Projetos/laravel_ecommerce/vendor/laravel/framework/src/Illuminate/Http/Middleware/TrustProxies.php(58): Illuminate\\Pipeline\\Pipeline->Illuminate\\Pipeline\\{closure}()
#43 /media/flavio/3437-6262/Projetos/laravel_ecommerce/vendor/laravel/framework/src/Illuminate/Pipeline/Pipeline.php(183): Illuminate\\Http\\Middleware\\TrustProxies->handle()
#44 /media/flavio/3437-6262/Projetos/laravel_ecommerce/vendor/laravel/framework/src/Illuminate/Foundation/Http/Middleware/InvokeDeferredCallbacks.php(22): Illuminate\\Pipeline\\Pipeline->Illuminate\\Pipeline\\{closure}()
#45 /media/flavio/3437-6262/Projetos/laravel_ecommerce/vendor/laravel/framework/src/Illuminate/Pipeline/Pipeline.php(183): Illuminate\\Foundation\\Http\\Middleware\\InvokeDeferredCallbacks->handle()
#46 /media/flavio/3437-6262/Projetos/laravel_ecommerce/vendor/laravel/framework/src/Illuminate/Pipeline/Pipeline.php(119): Illuminate\\Pipeline\\Pipeline->Illuminate\\Pipeline\\{closure}()
#47 /media/flavio/3437-6262/Projetos/laravel_ecommerce/vendor/laravel/framework/src/Illuminate/Foundation/Http/Kernel.php(176): Illuminate\\Pipeline\\Pipeline->then()
#48 /media/flavio/3437-6262/Projetos/laravel_ecommerce/vendor/laravel/framework/src/Illuminate/Foundation/Http/Kernel.php(145): Illuminate\\Foundation\\Http\\Kernel->sendRequestThroughRouter()
#49 /media/flavio/3437-6262/Projetos/laravel_ecommerce/vendor/laravel/framework/src/Illuminate/Foundation/Application.php(1190): Illuminate\\Foundation\\Http\\Kernel->handle()
#50 /media/flavio/3437-6262/Projetos/laravel_ecommerce/public/index.php(17): Illuminate\\Foundation\\Application->handleRequest()
#51 /media/flavio/3437-6262/Projetos/laravel_ecommerce/vendor/laravel/framework/src/Illuminate/Foundation/resources/server.php(23): require_once('...')
#52 {main}
"} 
[2025-01-01 22:09:36] local.ERROR: Target class [StoreController] does not exist. {"exception":"[object] (Illuminate\\Contracts\\Container\\BindingResolutionException(code: 0): Target class [StoreController] does not exist. at /media/flavio/3437-6262/Projetos/laravel_ecommerce/vendor/laravel/framework/src/Illuminate/Container/Container.php:946)
[stacktrace]
#0 /media/flavio/3437-6262/Projetos/laravel_ecommerce/vendor/laravel/framework/src/Illuminate/Container/Container.php(819): Illuminate\\Container\\Container->build()
#1 /media/flavio/3437-6262/Projetos/laravel_ecommerce/vendor/laravel/framework/src/Illuminate/Foundation/Application.php(1048): Illuminate\\Container\\Container->resolve()
#2 /media/flavio/3437-6262/Projetos/laravel_ecommerce/vendor/laravel/framework/src/Illuminate/Container/Container.php(755): Illuminate\\Foundation\\Application->resolve()
#3 /media/flavio/3437-6262/Projetos/laravel_ecommerce/vendor/laravel/framework/src/Illuminate/Foundation/Application.php(1030): Illuminate\\Container\\Container->make()
#4 /media/flavio/3437-6262/Projetos/laravel_ecommerce/vendor/laravel/framework/src/Illuminate/Routing/Route.php(285): Illuminate\\Foundation\\Application->make()
#5 /media/flavio/3437-6262/Projetos/laravel_ecommerce/vendor/laravel/framework/src/Illuminate/Routing/Route.php(267): Illuminate\\Routing\\Route->getController()
#6 /media/flavio/3437-6262/Projetos/laravel_ecommerce/vendor/laravel/framework/src/Illuminate/Routing/Route.php(212): Illuminate\\Routing\\Route->runController()
#7 /media/flavio/3437-6262/Projetos/laravel_ecommerce/vendor/laravel/framework/src/Illuminate/Routing/Router.php(808): Illuminate\\Routing\\Route->run()
#8 /media/flavio/3437-6262/Projetos/laravel_ecommerce/vendor/laravel/framework/src/Illuminate/Pipeline/Pipeline.php(144): Illuminate\\Routing\\Router->Illuminate\\Routing\\{closure}()
#9 /media/flavio/3437-6262/Projetos/laravel_ecommerce/vendor/laravel/framework/src/Illuminate/Routing/Middleware/SubstituteBindings.php(51): Illuminate\\Pipeline\\Pipeline->Illuminate\\Pipeline\\{closure}()
#10 /media/flavio/3437-6262/Projetos/laravel_ecommerce/vendor/laravel/framework/src/Illuminate/Pipeline/Pipeline.php(183): Illuminate\\Routing\\Middleware\\SubstituteBindings->handle()
#11 /media/flavio/3437-6262/Projetos/laravel_ecommerce/vendor/laravel/framework/src/Illuminate/Foundation/Http/Middleware/VerifyCsrfToken.php(88): Illuminate\\Pipeline\\Pipeline->Illuminate\\Pipeline\\{closure}()
#12 /media/flavio/3437-6262/Projetos/laravel_ecommerce/vendor/laravel/framework/src/Illuminate/Pipeline/Pipeline.php(183): Illuminate\\Foundation\\Http\\Middleware\\VerifyCsrfToken->handle()
#13 /media/flavio/3437-6262/Projetos/laravel_ecommerce/vendor/laravel/framework/src/Illuminate/View/Middleware/ShareErrorsFromSession.php(49): Illuminate\\Pipeline\\Pipeline->Illuminate\\Pipeline\\{closure}()
#14 /media/flavio/3437-6262/Projetos/laravel_ecommerce/vendor/laravel/framework/src/Illuminate/Pipeline/Pipeline.php(183): Illuminate\\View\\Middleware\\ShareErrorsFromSession->handle()
#15 /media/flavio/3437-6262/Projetos/laravel_ecommerce/vendor/laravel/framework/src/Illuminate/Session/Middleware/StartSession.php(121): Illuminate\\Pipeline\\Pipeline->Illuminate\\Pipeline\\{closure}()
#16 /media/flavio/3437-6262/Projetos/laravel_ecommerce/vendor/laravel/framework/src/Illuminate/Session/Middleware/StartSession.php(64): Illuminate\\Session\\Middleware\\StartSession->handleStatefulRequest()
#17 /media/flavio/3437-6262/Projetos/laravel_ecommerce/vendor/laravel/framework/src/Illuminate/Pipeline/Pipeline.php(183): Illuminate\\Session\\Middleware\\StartSession->handle()
#18 /media/flavio/3437-6262/Projetos/laravel_ecommerce/vendor/laravel/framework/src/Illuminate/Cookie/Middleware/AddQueuedCookiesToResponse.php(37): Illuminate\\Pipeline\\Pipeline->Illuminate\\Pipeline\\{closure}()
#19 /media/flavio/3437-6262/Projetos/laravel_ecommerce/vendor/laravel/framework/src/Illuminate/Pipeline/Pipeline.php(183): Illuminate\\Cookie\\Middleware\\AddQueuedCookiesToResponse->handle()
#20 /media/flavio/3437-6262/Projetos/laravel_ecommerce/vendor/laravel/framework/src/Illuminate/Cookie/Middleware/EncryptCookies.php(75): Illuminate\\Pipeline\\Pipeline->Illuminate\\Pipeline\\{closure}()
#21 /media/flavio/3437-6262/Projetos/laravel_ecommerce/vendor/laravel/framework/src/Illuminate/Pipeline/Pipeline.php(183): Illuminate\\Cookie\\Middleware\\EncryptCookies->handle()
#22 /media/flavio/3437-6262/Projetos/laravel_ecommerce/vendor/laravel/framework/src/Illuminate/Pipeline/Pipeline.php(119): Illuminate\\Pipeline\\Pipeline->Illuminate\\Pipeline\\{closure}()
#23 /media/flavio/3437-6262/Projetos/laravel_ecommerce/vendor/laravel/framework/src/Illuminate/Routing/Router.php(807): Illuminate\\Pipeline\\Pipeline->then()
#24 /media/flavio/3437-6262/Projetos/laravel_ecommerce/vendor/laravel/framework/src/Illuminate/Routing/Router.php(786): Illuminate\\Routing\\Router->runRouteWithinStack()
#25 /media/flavio/3437-6262/Projetos/laravel_ecommerce/vendor/laravel/framework/src/Illuminate/Routing/Router.php(750): Illuminate\\Routing\\Router->runRoute()
#26 /media/flavio/3437-6262/Projetos/laravel_ecommerce/vendor/laravel/framework/src/Illuminate/Routing/Router.php(739): Illuminate\\Routing\\Router->dispatchToRoute()
#27 /media/flavio/3437-6262/Projetos/laravel_ecommerce/vendor/laravel/framework/src/Illuminate/Foundation/Http/Kernel.php(201): Illuminate\\Routing\\Router->dispatch()
#28 /media/flavio/3437-6262/Projetos/laravel_ecommerce/vendor/laravel/framework/src/Illuminate/Pipeline/Pipeline.php(144): Illuminate\\Foundation\\Http\\Kernel->Illuminate\\Foundation\\Http\\{closure}()
#29 /media/flavio/3437-6262/Projetos/laravel_ecommerce/vendor/laravel/framework/src/Illuminate/Foundation/Http/Middleware/TransformsRequest.php(21): Illuminate\\Pipeline\\Pipeline->Illuminate\\Pipeline\\{closure}()
#30 /media/flavio/3437-6262/Projetos/laravel_ecommerce/vendor/laravel/framework/src/Illuminate/Foundation/Http/Middleware/ConvertEmptyStringsToNull.php(31): Illuminate\\Foundation\\Http\\Middleware\\TransformsRequest->handle()
#31 /media/flavio/3437-6262/Projetos/laravel_ecommerce/vendor/laravel/framework/src/Illuminate/Pipeline/Pipeline.php(183): Illuminate\\Foundation\\Http\\Middleware\\ConvertEmptyStringsToNull->handle()
#32 /media/flavio/3437-6262/Projetos/laravel_ecommerce/vendor/laravel/framework/src/Illuminate/Foundation/Http/Middleware/TransformsRequest.php(21): Illuminate\\Pipeline\\Pipeline->Illuminate\\Pipeline\\{closure}()
#33 /media/flavio/3437-6262/Projetos/laravel_ecommerce/vendor/laravel/framework/src/Illuminate/Foundation/Http/Middleware/TrimStrings.php(51): Illuminate\\Foundation\\Http\\Middleware\\TransformsRequest->handle()
#34 /media/flavio/3437-6262/Projetos/laravel_ecommerce/vendor/laravel/framework/src/Illuminate/Pipeline/Pipeline.php(183): Illuminate\\Foundation\\Http\\Middleware\\TrimStrings->handle()
#35 /media/flavio/3437-6262/Projetos/laravel_ecommerce/vendor/laravel/framework/src/Illuminate/Http/Middleware/ValidatePostSize.php(27): Illuminate\\Pipeline\\Pipeline->Illuminate\\Pipeline\\{closure}()
#36 /media/flavio/3437-6262/Projetos/laravel_ecommerce/vendor/laravel/framework/src/Illuminate/Pipeline/Pipeline.php(183): Illuminate\\Http\\Middleware\\ValidatePostSize->handle()
#37 /media/flavio/3437-6262/Projetos/laravel_ecommerce/vendor/laravel/framework/src/Illuminate/Foundation/Http/Middleware/PreventRequestsDuringMaintenance.php(110): Illuminate\\Pipeline\\Pipeline->Illuminate\\Pipeline\\{closure}()
#38 /media/flavio/3437-6262/Projetos/laravel_ecommerce/vendor/laravel/framework/src/Illuminate/Pipeline/Pipeline.php(183): Illuminate\\Foundation\\Http\\Middleware\\PreventRequestsDuringMaintenance->handle()
#39 /media/flavio/3437-6262/Projetos/laravel_ecommerce/vendor/laravel/framework/src/Illuminate/Http/Middleware/HandleCors.php(49): Illuminate\\Pipeline\\Pipeline->Illuminate\\Pipeline\\{closure}()
#40 /media/flavio/3437-6262/Projetos/laravel_ecommerce/vendor/laravel/framework/src/Illuminate/Pipeline/Pipeline.php(183): Illuminate\\Http\\Middleware\\HandleCors->handle()
#41 /media/flavio/3437-6262/Projetos/laravel_ecommerce/vendor/laravel/framework/src/Illuminate/Http/Middleware/TrustProxies.php(58): Illuminate\\Pipeline\\Pipeline->Illuminate\\Pipeline\\{closure}()
#42 /media/flavio/3437-6262/Projetos/laravel_ecommerce/vendor/laravel/framework/src/Illuminate/Pipeline/Pipeline.php(183): Illuminate\\Http\\Middleware\\TrustProxies->handle()
#43 /media/flavio/3437-6262/Projetos/laravel_ecommerce/vendor/laravel/framework/src/Illuminate/Foundation/Http/Middleware/InvokeDeferredCallbacks.php(22): Illuminate\\Pipeline\\Pipeline->Illuminate\\Pipeline\\{closure}()
#44 /media/flavio/3437-6262/Projetos/laravel_ecommerce/vendor/laravel/framework/src/Illuminate/Pipeline/Pipeline.php(183): Illuminate\\Foundation\\Http\\Middleware\\InvokeDeferredCallbacks->handle()
#45 /media/flavio/3437-6262/Projetos/laravel_ecommerce/vendor/laravel/framework/src/Illuminate/Pipeline/Pipeline.php(119): Illuminate\\Pipeline\\Pipeline->Illuminate\\Pipeline\\{closure}()
#46 /media/flavio/3437-6262/Projetos/laravel_ecommerce/vendor/laravel/framework/src/Illuminate/Foundation/Http/Kernel.php(176): Illuminate\\Pipeline\\Pipeline->then()
#47 /media/flavio/3437-6262/Projetos/laravel_ecommerce/vendor/laravel/framework/src/Illuminate/Foundation/Http/Kernel.php(145): Illuminate\\Foundation\\Http\\Kernel->sendRequestThroughRouter()
#48 /media/flavio/3437-6262/Projetos/laravel_ecommerce/vendor/laravel/framework/src/Illuminate/Foundation/Application.php(1190): Illuminate\\Foundation\\Http\\Kernel->handle()
#49 /media/flavio/3437-6262/Projetos/laravel_ecommerce/public/index.php(17): Illuminate\\Foundation\\Application->handleRequest()
#50 /media/flavio/3437-6262/Projetos/laravel_ecommerce/vendor/laravel/framework/src/Illuminate/Foundation/resources/server.php(23): require_once('...')
#51 {main}

[previous exception] [object] (ReflectionException(code: -1): Class \"StoreController\" does not exist at /media/flavio/3437-6262/Projetos/laravel_ecommerce/vendor/laravel/framework/src/Illuminate/Container/Container.php:944)
[stacktrace]
#0 /media/flavio/3437-6262/Projetos/laravel_ecommerce/vendor/laravel/framework/src/Illuminate/Container/Container.php(944): ReflectionClass->__construct()
#1 /media/flavio/3437-6262/Projetos/laravel_ecommerce/vendor/laravel/framework/src/Illuminate/Container/Container.php(819): Illuminate\\Container\\Container->build()
#2 /media/flavio/3437-6262/Projetos/laravel_ecommerce/vendor/laravel/framework/src/Illuminate/Foundation/Application.php(1048): Illuminate\\Container\\Container->resolve()
#3 /media/flavio/3437-6262/Projetos/laravel_ecommerce/vendor/laravel/framework/src/Illuminate/Container/Container.php(755): Illuminate\\Foundation\\Application->resolve()
#4 /media/flavio/3437-6262/Projetos/laravel_ecommerce/vendor/laravel/framework/src/Illuminate/Foundation/Application.php(1030): Illuminate\\Container\\Container->make()
#5 /media/flavio/3437-6262/Projetos/laravel_ecommerce/vendor/laravel/framework/src/Illuminate/Routing/Route.php(285): Illuminate\\Foundation\\Application->make()
#6 /media/flavio/3437-6262/Projetos/laravel_ecommerce/vendor/laravel/framework/src/Illuminate/Routing/Route.php(267): Illuminate\\Routing\\Route->getController()
#7 /media/flavio/3437-6262/Projetos/laravel_ecommerce/vendor/laravel/framework/src/Illuminate/Routing/Route.php(212): Illuminate\\Routing\\Route->runController()
#8 /media/flavio/3437-6262/Projetos/laravel_ecommerce/vendor/laravel/framework/src/Illuminate/Routing/Router.php(808): Illuminate\\Routing\\Route->run()
#9 /media/flavio/3437-6262/Projetos/laravel_ecommerce/vendor/laravel/framework/src/Illuminate/Pipeline/Pipeline.php(144): Illuminate\\Routing\\Router->Illuminate\\Routing\\{closure}()
#10 /media/flavio/3437-6262/Projetos/laravel_ecommerce/vendor/laravel/framework/src/Illuminate/Routing/Middleware/SubstituteBindings.php(51): Illuminate\\Pipeline\\Pipeline->Illuminate\\Pipeline\\{closure}()
#11 /media/flavio/3437-6262/Projetos/laravel_ecommerce/vendor/laravel/framework/src/Illuminate/Pipeline/Pipeline.php(183): Illuminate\\Routing\\Middleware\\SubstituteBindings->handle()
#12 /media/flavio/3437-6262/Projetos/laravel_ecommerce/vendor/laravel/framework/src/Illuminate/Foundation/Http/Middleware/VerifyCsrfToken.php(88): Illuminate\\Pipeline\\Pipeline->Illuminate\\Pipeline\\{closure}()
#13 /media/flavio/3437-6262/Projetos/laravel_ecommerce/vendor/laravel/framework/src/Illuminate/Pipeline/Pipeline.php(183): Illuminate\\Foundation\\Http\\Middleware\\VerifyCsrfToken->handle()
#14 /media/flavio/3437-6262/Projetos/laravel_ecommerce/vendor/laravel/framework/src/Illuminate/View/Middleware/ShareErrorsFromSession.php(49): Illuminate\\Pipeline\\Pipeline->Illuminate\\Pipeline\\{closure}()
#15 /media/flavio/3437-6262/Projetos/laravel_ecommerce/vendor/laravel/framework/src/Illuminate/Pipeline/Pipeline.php(183): Illuminate\\View\\Middleware\\ShareErrorsFromSession->handle()
#16 /media/flavio/3437-6262/Projetos/laravel_ecommerce/vendor/laravel/framework/src/Illuminate/Session/Middleware/StartSession.php(121): Illuminate\\Pipeline\\Pipeline->Illuminate\\Pipeline\\{closure}()
#17 /media/flavio/3437-6262/Projetos/laravel_ecommerce/vendor/laravel/framework/src/Illuminate/Session/Middleware/StartSession.php(64): Illuminate\\Session\\Middleware\\StartSession->handleStatefulRequest()
#18 /media/flavio/3437-6262/Projetos/laravel_ecommerce/vendor/laravel/framework/src/Illuminate/Pipeline/Pipeline.php(183): Illuminate\\Session\\Middleware\\StartSession->handle()
#19 /media/flavio/3437-6262/Projetos/laravel_ecommerce/vendor/laravel/framework/src/Illuminate/Cookie/Middleware/AddQueuedCookiesToResponse.php(37): Illuminate\\Pipeline\\Pipeline->Illuminate\\Pipeline\\{closure}()
#20 /media/flavio/3437-6262/Projetos/laravel_ecommerce/vendor/laravel/framework/src/Illuminate/Pipeline/Pipeline.php(183): Illuminate\\Cookie\\Middleware\\AddQueuedCookiesToResponse->handle()
#21 /media/flavio/3437-6262/Projetos/laravel_ecommerce/vendor/laravel/framework/src/Illuminate/Cookie/Middleware/EncryptCookies.php(75): Illuminate\\Pipeline\\Pipeline->Illuminate\\Pipeline\\{closure}()
#22 /media/flavio/3437-6262/Projetos/laravel_ecommerce/vendor/laravel/framework/src/Illuminate/Pipeline/Pipeline.php(183): Illuminate\\Cookie\\Middleware\\EncryptCookies->handle()
#23 /media/flavio/3437-6262/Projetos/laravel_ecommerce/vendor/laravel/framework/src/Illuminate/Pipeline/Pipeline.php(119): Illuminate\\Pipeline\\Pipeline->Illuminate\\Pipeline\\{closure}()
#24 /media/flavio/3437-6262/Projetos/laravel_ecommerce/vendor/laravel/framework/src/Illuminate/Routing/Router.php(807): Illuminate\\Pipeline\\Pipeline->then()
#25 /media/flavio/3437-6262/Projetos/laravel_ecommerce/vendor/laravel/framework/src/Illuminate/Routing/Router.php(786): Illuminate\\Routing\\Router->runRouteWithinStack()
#26 /media/flavio/3437-6262/Projetos/laravel_ecommerce/vendor/laravel/framework/src/Illuminate/Routing/Router.php(750): Illuminate\\Routing\\Router->runRoute()
#27 /media/flavio/3437-6262/Projetos/laravel_ecommerce/vendor/laravel/framework/src/Illuminate/Routing/Router.php(739): Illuminate\\Routing\\Router->dispatchToRoute()
#28 /media/flavio/3437-6262/Projetos/laravel_ecommerce/vendor/laravel/framework/src/Illuminate/Foundation/Http/Kernel.php(201): Illuminate\\Routing\\Router->dispatch()
#29 /media/flavio/3437-6262/Projetos/laravel_ecommerce/vendor/laravel/framework/src/Illuminate/Pipeline/Pipeline.php(144): Illuminate\\Foundation\\Http\\Kernel->Illuminate\\Foundation\\Http\\{closure}()
#30 /media/flavio/3437-6262/Projetos/laravel_ecommerce/vendor/laravel/framework/src/Illuminate/Foundation/Http/Middleware/TransformsRequest.php(21): Illuminate\\Pipeline\\Pipeline->Illuminate\\Pipeline\\{closure}()
#31 /media/flavio/3437-6262/Projetos/laravel_ecommerce/vendor/laravel/framework/src/Illuminate/Foundation/Http/Middleware/ConvertEmptyStringsToNull.php(31): Illuminate\\Foundation\\Http\\Middleware\\TransformsRequest->handle()
#32 /media/flavio/3437-6262/Projetos/laravel_ecommerce/vendor/laravel/framework/src/Illuminate/Pipeline/Pipeline.php(183): Illuminate\\Foundation\\Http\\Middleware\\ConvertEmptyStringsToNull->handle()
#33 /media/flavio/3437-6262/Projetos/laravel_ecommerce/vendor/laravel/framework/src/Illuminate/Foundation/Http/Middleware/TransformsRequest.php(21): Illuminate\\Pipeline\\Pipeline->Illuminate\\Pipeline\\{closure}()
#34 /media/flavio/3437-6262/Projetos/laravel_ecommerce/vendor/laravel/framework/src/Illuminate/Foundation/Http/Middleware/TrimStrings.php(51): Illuminate\\Foundation\\Http\\Middleware\\TransformsRequest->handle()
#35 /media/flavio/3437-6262/Projetos/laravel_ecommerce/vendor/laravel/framework/src/Illuminate/Pipeline/Pipeline.php(183): Illuminate\\Foundation\\Http\\Middleware\\TrimStrings->handle()
#36 /media/flavio/3437-6262/Projetos/laravel_ecommerce/vendor/laravel/framework/src/Illuminate/Http/Middleware/ValidatePostSize.php(27): Illuminate\\Pipeline\\Pipeline->Illuminate\\Pipeline\\{closure}()
#37 /media/flavio/3437-6262/Projetos/laravel_ecommerce/vendor/laravel/framework/src/Illuminate/Pipeline/Pipeline.php(183): Illuminate\\Http\\Middleware\\ValidatePostSize->handle()
#38 /media/flavio/3437-6262/Projetos/laravel_ecommerce/vendor/laravel/framework/src/Illuminate/Foundation/Http/Middleware/PreventRequestsDuringMaintenance.php(110): Illuminate\\Pipeline\\Pipeline->Illuminate\\Pipeline\\{closure}()
#39 /media/flavio/3437-6262/Projetos/laravel_ecommerce/vendor/laravel/framework/src/Illuminate/Pipeline/Pipeline.php(183): Illuminate\\Foundation\\Http\\Middleware\\PreventRequestsDuringMaintenance->handle()
#40 /media/flavio/3437-6262/Projetos/laravel_ecommerce/vendor/laravel/framework/src/Illuminate/Http/Middleware/HandleCors.php(49): Illuminate\\Pipeline\\Pipeline->Illuminate\\Pipeline\\{closure}()
#41 /media/flavio/3437-6262/Projetos/laravel_ecommerce/vendor/laravel/framework/src/Illuminate/Pipeline/Pipeline.php(183): Illuminate\\Http\\Middleware\\HandleCors->handle()
#42 /media/flavio/3437-6262/Projetos/laravel_ecommerce/vendor/laravel/framework/src/Illuminate/Http/Middleware/TrustProxies.php(58): Illuminate\\Pipeline\\Pipeline->Illuminate\\Pipeline\\{closure}()
#43 /media/flavio/3437-6262/Projetos/laravel_ecommerce/vendor/laravel/framework/src/Illuminate/Pipeline/Pipeline.php(183): Illuminate\\Http\\Middleware\\TrustProxies->handle()
#44 /media/flavio/3437-6262/Projetos/laravel_ecommerce/vendor/laravel/framework/src/Illuminate/Foundation/Http/Middleware/InvokeDeferredCallbacks.php(22): Illuminate\\Pipeline\\Pipeline->Illuminate\\Pipeline\\{closure}()
#45 /media/flavio/3437-6262/Projetos/laravel_ecommerce/vendor/laravel/framework/src/Illuminate/Pipeline/Pipeline.php(183): Illuminate\\Foundation\\Http\\Middleware\\InvokeDeferredCallbacks->handle()
#46 /media/flavio/3437-6262/Projetos/laravel_ecommerce/vendor/laravel/framework/src/Illuminate/Pipeline/Pipeline.php(119): Illuminate\\Pipeline\\Pipeline->Illuminate\\Pipeline\\{closure}()
#47 /media/flavio/3437-6262/Projetos/laravel_ecommerce/vendor/laravel/framework/src/Illuminate/Foundation/Http/Kernel.php(176): Illuminate\\Pipeline\\Pipeline->then()
#48 /media/flavio/3437-6262/Projetos/laravel_ecommerce/vendor/laravel/framework/src/Illuminate/Foundation/Http/Kernel.php(145): Illuminate\\Foundation\\Http\\Kernel->sendRequestThroughRouter()
#49 /media/flavio/3437-6262/Projetos/laravel_ecommerce/vendor/laravel/framework/src/Illuminate/Foundation/Application.php(1190): Illuminate\\Foundation\\Http\\Kernel->handle()
#50 /media/flavio/3437-6262/Projetos/laravel_ecommerce/public/index.php(17): Illuminate\\Foundation\\Application->handleRequest()
#51 /media/flavio/3437-6262/Projetos/laravel_ecommerce/vendor/laravel/framework/src/Illuminate/Foundation/resources/server.php(23): require_once('...')
#52 {main}
"} 
[2025-01-01 22:15:24] local.ERROR: Target class [StoreController] does not exist. {"exception":"[object] (Illuminate\\Contracts\\Container\\BindingResolutionException(code: 0): Target class [StoreController] does not exist. at /media/flavio/3437-6262/Projetos/laravel_ecommerce/vendor/laravel/framework/src/Illuminate/Container/Container.php:946)
[stacktrace]
#0 /media/flavio/3437-6262/Projetos/laravel_ecommerce/vendor/laravel/framework/src/Illuminate/Container/Container.php(819): Illuminate\\Container\\Container->build()
#1 /media/flavio/3437-6262/Projetos/laravel_ecommerce/vendor/laravel/framework/src/Illuminate/Foundation/Application.php(1048): Illuminate\\Container\\Container->resolve()
#2 /media/flavio/3437-6262/Projetos/laravel_ecommerce/vendor/laravel/framework/src/Illuminate/Container/Container.php(755): Illuminate\\Foundation\\Application->resolve()
#3 /media/flavio/3437-6262/Projetos/laravel_ecommerce/vendor/laravel/framework/src/Illuminate/Foundation/Application.php(1030): Illuminate\\Container\\Container->make()
#4 /media/flavio/3437-6262/Projetos/laravel_ecommerce/vendor/laravel/framework/src/Illuminate/Routing/Route.php(285): Illuminate\\Foundation\\Application->make()
#5 /media/flavio/3437-6262/Projetos/laravel_ecommerce/vendor/laravel/framework/src/Illuminate/Routing/Route.php(267): Illuminate\\Routing\\Route->getController()
#6 /media/flavio/3437-6262/Projetos/laravel_ecommerce/vendor/laravel/framework/src/Illuminate/Routing/Route.php(212): Illuminate\\Routing\\Route->runController()
#7 /media/flavio/3437-6262/Projetos/laravel_ecommerce/vendor/laravel/framework/src/Illuminate/Routing/Router.php(808): Illuminate\\Routing\\Route->run()
#8 /media/flavio/3437-6262/Projetos/laravel_ecommerce/vendor/laravel/framework/src/Illuminate/Pipeline/Pipeline.php(144): Illuminate\\Routing\\Router->Illuminate\\Routing\\{closure}()
#9 /media/flavio/3437-6262/Projetos/laravel_ecommerce/vendor/laravel/framework/src/Illuminate/Routing/Middleware/SubstituteBindings.php(51): Illuminate\\Pipeline\\Pipeline->Illuminate\\Pipeline\\{closure}()
#10 /media/flavio/3437-6262/Projetos/laravel_ecommerce/vendor/laravel/framework/src/Illuminate/Pipeline/Pipeline.php(183): Illuminate\\Routing\\Middleware\\SubstituteBindings->handle()
#11 /media/flavio/3437-6262/Projetos/laravel_ecommerce/vendor/laravel/framework/src/Illuminate/Foundation/Http/Middleware/VerifyCsrfToken.php(88): Illuminate\\Pipeline\\Pipeline->Illuminate\\Pipeline\\{closure}()
#12 /media/flavio/3437-6262/Projetos/laravel_ecommerce/vendor/laravel/framework/src/Illuminate/Pipeline/Pipeline.php(183): Illuminate\\Foundation\\Http\\Middleware\\VerifyCsrfToken->handle()
#13 /media/flavio/3437-6262/Projetos/laravel_ecommerce/vendor/laravel/framework/src/Illuminate/View/Middleware/ShareErrorsFromSession.php(49): Illuminate\\Pipeline\\Pipeline->Illuminate\\Pipeline\\{closure}()
#14 /media/flavio/3437-6262/Projetos/laravel_ecommerce/vendor/laravel/framework/src/Illuminate/Pipeline/Pipeline.php(183): Illuminate\\View\\Middleware\\ShareErrorsFromSession->handle()
#15 /media/flavio/3437-6262/Projetos/laravel_ecommerce/vendor/laravel/framework/src/Illuminate/Session/Middleware/StartSession.php(121): Illuminate\\Pipeline\\Pipeline->Illuminate\\Pipeline\\{closure}()
#16 /media/flavio/3437-6262/Projetos/laravel_ecommerce/vendor/laravel/framework/src/Illuminate/Session/Middleware/StartSession.php(64): Illuminate\\Session\\Middleware\\StartSession->handleStatefulRequest()
#17 /media/flavio/3437-6262/Projetos/laravel_ecommerce/vendor/laravel/framework/src/Illuminate/Pipeline/Pipeline.php(183): Illuminate\\Session\\Middleware\\StartSession->handle()
#18 /media/flavio/3437-6262/Projetos/laravel_ecommerce/vendor/laravel/framework/src/Illuminate/Cookie/Middleware/AddQueuedCookiesToResponse.php(37): Illuminate\\Pipeline\\Pipeline->Illuminate\\Pipeline\\{closure}()
#19 /media/flavio/3437-6262/Projetos/laravel_ecommerce/vendor/laravel/framework/src/Illuminate/Pipeline/Pipeline.php(183): Illuminate\\Cookie\\Middleware\\AddQueuedCookiesToResponse->handle()
#20 /media/flavio/3437-6262/Projetos/laravel_ecommerce/vendor/laravel/framework/src/Illuminate/Cookie/Middleware/EncryptCookies.php(75): Illuminate\\Pipeline\\Pipeline->Illuminate\\Pipeline\\{closure}()
#21 /media/flavio/3437-6262/Projetos/laravel_ecommerce/vendor/laravel/framework/src/Illuminate/Pipeline/Pipeline.php(183): Illuminate\\Cookie\\Middleware\\EncryptCookies->handle()
#22 /media/flavio/3437-6262/Projetos/laravel_ecommerce/vendor/laravel/framework/src/Illuminate/Pipeline/Pipeline.php(119): Illuminate\\Pipeline\\Pipeline->Illuminate\\Pipeline\\{closure}()
#23 /media/flavio/3437-6262/Projetos/laravel_ecommerce/vendor/laravel/framework/src/Illuminate/Routing/Router.php(807): Illuminate\\Pipeline\\Pipeline->then()
#24 /media/flavio/3437-6262/Projetos/laravel_ecommerce/vendor/laravel/framework/src/Illuminate/Routing/Router.php(786): Illuminate\\Routing\\Router->runRouteWithinStack()
#25 /media/flavio/3437-6262/Projetos/laravel_ecommerce/vendor/laravel/framework/src/Illuminate/Routing/Router.php(750): Illuminate\\Routing\\Router->runRoute()
#26 /media/flavio/3437-6262/Projetos/laravel_ecommerce/vendor/laravel/framework/src/Illuminate/Routing/Router.php(739): Illuminate\\Routing\\Router->dispatchToRoute()
#27 /media/flavio/3437-6262/Projetos/laravel_ecommerce/vendor/laravel/framework/src/Illuminate/Foundation/Http/Kernel.php(201): Illuminate\\Routing\\Router->dispatch()
#28 /media/flavio/3437-6262/Projetos/laravel_ecommerce/vendor/laravel/framework/src/Illuminate/Pipeline/Pipeline.php(144): Illuminate\\Foundation\\Http\\Kernel->Illuminate\\Foundation\\Http\\{closure}()
#29 /media/flavio/3437-6262/Projetos/laravel_ecommerce/vendor/laravel/framework/src/Illuminate/Foundation/Http/Middleware/TransformsRequest.php(21): Illuminate\\Pipeline\\Pipeline->Illuminate\\Pipeline\\{closure}()
#30 /media/flavio/3437-6262/Projetos/laravel_ecommerce/vendor/laravel/framework/src/Illuminate/Foundation/Http/Middleware/ConvertEmptyStringsToNull.php(31): Illuminate\\Foundation\\Http\\Middleware\\TransformsRequest->handle()
#31 /media/flavio/3437-6262/Projetos/laravel_ecommerce/vendor/laravel/framework/src/Illuminate/Pipeline/Pipeline.php(183): Illuminate\\Foundation\\Http\\Middleware\\ConvertEmptyStringsToNull->handle()
#32 /media/flavio/3437-6262/Projetos/laravel_ecommerce/vendor/laravel/framework/src/Illuminate/Foundation/Http/Middleware/TransformsRequest.php(21): Illuminate\\Pipeline\\Pipeline->Illuminate\\Pipeline\\{closure}()
#33 /media/flavio/3437-6262/Projetos/laravel_ecommerce/vendor/laravel/framework/src/Illuminate/Foundation/Http/Middleware/TrimStrings.php(51): Illuminate\\Foundation\\Http\\Middleware\\TransformsRequest->handle()
#34 /media/flavio/3437-6262/Projetos/laravel_ecommerce/vendor/laravel/framework/src/Illuminate/Pipeline/Pipeline.php(183): Illuminate\\Foundation\\Http\\Middleware\\TrimStrings->handle()
#35 /media/flavio/3437-6262/Projetos/laravel_ecommerce/vendor/laravel/framework/src/Illuminate/Http/Middleware/ValidatePostSize.php(27): Illuminate\\Pipeline\\Pipeline->Illuminate\\Pipeline\\{closure}()
#36 /media/flavio/3437-6262/Projetos/laravel_ecommerce/vendor/laravel/framework/src/Illuminate/Pipeline/Pipeline.php(183): Illuminate\\Http\\Middleware\\ValidatePostSize->handle()
#37 /media/flavio/3437-6262/Projetos/laravel_ecommerce/vendor/laravel/framework/src/Illuminate/Foundation/Http/Middleware/PreventRequestsDuringMaintenance.php(110): Illuminate\\Pipeline\\Pipeline->Illuminate\\Pipeline\\{closure}()
#38 /media/flavio/3437-6262/Projetos/laravel_ecommerce/vendor/laravel/framework/src/Illuminate/Pipeline/Pipeline.php(183): Illuminate\\Foundation\\Http\\Middleware\\PreventRequestsDuringMaintenance->handle()
#39 /media/flavio/3437-6262/Projetos/laravel_ecommerce/vendor/laravel/framework/src/Illuminate/Http/Middleware/HandleCors.php(49): Illuminate\\Pipeline\\Pipeline->Illuminate\\Pipeline\\{closure}()
#40 /media/flavio/3437-6262/Projetos/laravel_ecommerce/vendor/laravel/framework/src/Illuminate/Pipeline/Pipeline.php(183): Illuminate\\Http\\Middleware\\HandleCors->handle()
#41 /media/flavio/3437-6262/Projetos/laravel_ecommerce/vendor/laravel/framework/src/Illuminate/Http/Middleware/TrustProxies.php(58): Illuminate\\Pipeline\\Pipeline->Illuminate\\Pipeline\\{closure}()
#42 /media/flavio/3437-6262/Projetos/laravel_ecommerce/vendor/laravel/framework/src/Illuminate/Pipeline/Pipeline.php(183): Illuminate\\Http\\Middleware\\TrustProxies->handle()
#43 /media/flavio/3437-6262/Projetos/laravel_ecommerce/vendor/laravel/framework/src/Illuminate/Foundation/Http/Middleware/InvokeDeferredCallbacks.php(22): Illuminate\\Pipeline\\Pipeline->Illuminate\\Pipeline\\{closure}()
#44 /media/flavio/3437-6262/Projetos/laravel_ecommerce/vendor/laravel/framework/src/Illuminate/Pipeline/Pipeline.php(183): Illuminate\\Foundation\\Http\\Middleware\\InvokeDeferredCallbacks->handle()
#45 /media/flavio/3437-6262/Projetos/laravel_ecommerce/vendor/laravel/framework/src/Illuminate/Pipeline/Pipeline.php(119): Illuminate\\Pipeline\\Pipeline->Illuminate\\Pipeline\\{closure}()
#46 /media/flavio/3437-6262/Projetos/laravel_ecommerce/vendor/laravel/framework/src/Illuminate/Foundation/Http/Kernel.php(176): Illuminate\\Pipeline\\Pipeline->then()
#47 /media/flavio/3437-6262/Projetos/laravel_ecommerce/vendor/laravel/framework/src/Illuminate/Foundation/Http/Kernel.php(145): Illuminate\\Foundation\\Http\\Kernel->sendRequestThroughRouter()
#48 /media/flavio/3437-6262/Projetos/laravel_ecommerce/vendor/laravel/framework/src/Illuminate/Foundation/Application.php(1190): Illuminate\\Foundation\\Http\\Kernel->handle()
#49 /media/flavio/3437-6262/Projetos/laravel_ecommerce/public/index.php(17): Illuminate\\Foundation\\Application->handleRequest()
#50 /media/flavio/3437-6262/Projetos/laravel_ecommerce/vendor/laravel/framework/src/Illuminate/Foundation/resources/server.php(23): require_once('...')
#51 {main}

[previous exception] [object] (ReflectionException(code: -1): Class \"StoreController\" does not exist at /media/flavio/3437-6262/Projetos/laravel_ecommerce/vendor/laravel/framework/src/Illuminate/Container/Container.php:944)
[stacktrace]
#0 /media/flavio/3437-6262/Projetos/laravel_ecommerce/vendor/laravel/framework/src/Illuminate/Container/Container.php(944): ReflectionClass->__construct()
#1 /media/flavio/3437-6262/Projetos/laravel_ecommerce/vendor/laravel/framework/src/Illuminate/Container/Container.php(819): Illuminate\\Container\\Container->build()
#2 /media/flavio/3437-6262/Projetos/laravel_ecommerce/vendor/laravel/framework/src/Illuminate/Foundation/Application.php(1048): Illuminate\\Container\\Container->resolve()
#3 /media/flavio/3437-6262/Projetos/laravel_ecommerce/vendor/laravel/framework/src/Illuminate/Container/Container.php(755): Illuminate\\Foundation\\Application->resolve()
#4 /media/flavio/3437-6262/Projetos/laravel_ecommerce/vendor/laravel/framework/src/Illuminate/Foundation/Application.php(1030): Illuminate\\Container\\Container->make()
#5 /media/flavio/3437-6262/Projetos/laravel_ecommerce/vendor/laravel/framework/src/Illuminate/Routing/Route.php(285): Illuminate\\Foundation\\Application->make()
#6 /media/flavio/3437-6262/Projetos/laravel_ecommerce/vendor/laravel/framework/src/Illuminate/Routing/Route.php(267): Illuminate\\Routing\\Route->getController()
#7 /media/flavio/3437-6262/Projetos/laravel_ecommerce/vendor/laravel/framework/src/Illuminate/Routing/Route.php(212): Illuminate\\Routing\\Route->runController()
#8 /media/flavio/3437-6262/Projetos/laravel_ecommerce/vendor/laravel/framework/src/Illuminate/Routing/Router.php(808): Illuminate\\Routing\\Route->run()
#9 /media/flavio/3437-6262/Projetos/laravel_ecommerce/vendor/laravel/framework/src/Illuminate/Pipeline/Pipeline.php(144): Illuminate\\Routing\\Router->Illuminate\\Routing\\{closure}()
#10 /media/flavio/3437-6262/Projetos/laravel_ecommerce/vendor/laravel/framework/src/Illuminate/Routing/Middleware/SubstituteBindings.php(51): Illuminate\\Pipeline\\Pipeline->Illuminate\\Pipeline\\{closure}()
#11 /media/flavio/3437-6262/Projetos/laravel_ecommerce/vendor/laravel/framework/src/Illuminate/Pipeline/Pipeline.php(183): Illuminate\\Routing\\Middleware\\SubstituteBindings->handle()
#12 /media/flavio/3437-6262/Projetos/laravel_ecommerce/vendor/laravel/framework/src/Illuminate/Foundation/Http/Middleware/VerifyCsrfToken.php(88): Illuminate\\Pipeline\\Pipeline->Illuminate\\Pipeline\\{closure}()
#13 /media/flavio/3437-6262/Projetos/laravel_ecommerce/vendor/laravel/framework/src/Illuminate/Pipeline/Pipeline.php(183): Illuminate\\Foundation\\Http\\Middleware\\VerifyCsrfToken->handle()
#14 /media/flavio/3437-6262/Projetos/laravel_ecommerce/vendor/laravel/framework/src/Illuminate/View/Middleware/ShareErrorsFromSession.php(49): Illuminate\\Pipeline\\Pipeline->Illuminate\\Pipeline\\{closure}()
#15 /media/flavio/3437-6262/Projetos/laravel_ecommerce/vendor/laravel/framework/src/Illuminate/Pipeline/Pipeline.php(183): Illuminate\\View\\Middleware\\ShareErrorsFromSession->handle()
#16 /media/flavio/3437-6262/Projetos/laravel_ecommerce/vendor/laravel/framework/src/Illuminate/Session/Middleware/StartSession.php(121): Illuminate\\Pipeline\\Pipeline->Illuminate\\Pipeline\\{closure}()
#17 /media/flavio/3437-6262/Projetos/laravel_ecommerce/vendor/laravel/framework/src/Illuminate/Session/Middleware/StartSession.php(64): Illuminate\\Session\\Middleware\\StartSession->handleStatefulRequest()
#18 /media/flavio/3437-6262/Projetos/laravel_ecommerce/vendor/laravel/framework/src/Illuminate/Pipeline/Pipeline.php(183): Illuminate\\Session\\Middleware\\StartSession->handle()
#19 /media/flavio/3437-6262/Projetos/laravel_ecommerce/vendor/laravel/framework/src/Illuminate/Cookie/Middleware/AddQueuedCookiesToResponse.php(37): Illuminate\\Pipeline\\Pipeline->Illuminate\\Pipeline\\{closure}()
#20 /media/flavio/3437-6262/Projetos/laravel_ecommerce/vendor/laravel/framework/src/Illuminate/Pipeline/Pipeline.php(183): Illuminate\\Cookie\\Middleware\\AddQueuedCookiesToResponse->handle()
#21 /media/flavio/3437-6262/Projetos/laravel_ecommerce/vendor/laravel/framework/src/Illuminate/Cookie/Middleware/EncryptCookies.php(75): Illuminate\\Pipeline\\Pipeline->Illuminate\\Pipeline\\{closure}()
#22 /media/flavio/3437-6262/Projetos/laravel_ecommerce/vendor/laravel/framework/src/Illuminate/Pipeline/Pipeline.php(183): Illuminate\\Cookie\\Middleware\\EncryptCookies->handle()
#23 /media/flavio/3437-6262/Projetos/laravel_ecommerce/vendor/laravel/framework/src/Illuminate/Pipeline/Pipeline.php(119): Illuminate\\Pipeline\\Pipeline->Illuminate\\Pipeline\\{closure}()
#24 /media/flavio/3437-6262/Projetos/laravel_ecommerce/vendor/laravel/framework/src/Illuminate/Routing/Router.php(807): Illuminate\\Pipeline\\Pipeline->then()
#25 /media/flavio/3437-6262/Projetos/laravel_ecommerce/vendor/laravel/framework/src/Illuminate/Routing/Router.php(786): Illuminate\\Routing\\Router->runRouteWithinStack()
#26 /media/flavio/3437-6262/Projetos/laravel_ecommerce/vendor/laravel/framework/src/Illuminate/Routing/Router.php(750): Illuminate\\Routing\\Router->runRoute()
#27 /media/flavio/3437-6262/Projetos/laravel_ecommerce/vendor/laravel/framework/src/Illuminate/Routing/Router.php(739): Illuminate\\Routing\\Router->dispatchToRoute()
#28 /media/flavio/3437-6262/Projetos/laravel_ecommerce/vendor/laravel/framework/src/Illuminate/Foundation/Http/Kernel.php(201): Illuminate\\Routing\\Router->dispatch()
#29 /media/flavio/3437-6262/Projetos/laravel_ecommerce/vendor/laravel/framework/src/Illuminate/Pipeline/Pipeline.php(144): Illuminate\\Foundation\\Http\\Kernel->Illuminate\\Foundation\\Http\\{closure}()
#30 /media/flavio/3437-6262/Projetos/laravel_ecommerce/vendor/laravel/framework/src/Illuminate/Foundation/Http/Middleware/TransformsRequest.php(21): Illuminate\\Pipeline\\Pipeline->Illuminate\\Pipeline\\{closure}()
#31 /media/flavio/3437-6262/Projetos/laravel_ecommerce/vendor/laravel/framework/src/Illuminate/Foundation/Http/Middleware/ConvertEmptyStringsToNull.php(31): Illuminate\\Foundation\\Http\\Middleware\\TransformsRequest->handle()
#32 /media/flavio/3437-6262/Projetos/laravel_ecommerce/vendor/laravel/framework/src/Illuminate/Pipeline/Pipeline.php(183): Illuminate\\Foundation\\Http\\Middleware\\ConvertEmptyStringsToNull->handle()
#33 /media/flavio/3437-6262/Projetos/laravel_ecommerce/vendor/laravel/framework/src/Illuminate/Foundation/Http/Middleware/TransformsRequest.php(21): Illuminate\\Pipeline\\Pipeline->Illuminate\\Pipeline\\{closure}()
#34 /media/flavio/3437-6262/Projetos/laravel_ecommerce/vendor/laravel/framework/src/Illuminate/Foundation/Http/Middleware/TrimStrings.php(51): Illuminate\\Foundation\\Http\\Middleware\\TransformsRequest->handle()
#35 /media/flavio/3437-6262/Projetos/laravel_ecommerce/vendor/laravel/framework/src/Illuminate/Pipeline/Pipeline.php(183): Illuminate\\Foundation\\Http\\Middleware\\TrimStrings->handle()
#36 /media/flavio/3437-6262/Projetos/laravel_ecommerce/vendor/laravel/framework/src/Illuminate/Http/Middleware/ValidatePostSize.php(27): Illuminate\\Pipeline\\Pipeline->Illuminate\\Pipeline\\{closure}()
#37 /media/flavio/3437-6262/Projetos/laravel_ecommerce/vendor/laravel/framework/src/Illuminate/Pipeline/Pipeline.php(183): Illuminate\\Http\\Middleware\\ValidatePostSize->handle()
#38 /media/flavio/3437-6262/Projetos/laravel_ecommerce/vendor/laravel/framework/src/Illuminate/Foundation/Http/Middleware/PreventRequestsDuringMaintenance.php(110): Illuminate\\Pipeline\\Pipeline->Illuminate\\Pipeline\\{closure}()
#39 /media/flavio/3437-6262/Projetos/laravel_ecommerce/vendor/laravel/framework/src/Illuminate/Pipeline/Pipeline.php(183): Illuminate\\Foundation\\Http\\Middleware\\PreventRequestsDuringMaintenance->handle()
#40 /media/flavio/3437-6262/Projetos/laravel_ecommerce/vendor/laravel/framework/src/Illuminate/Http/Middleware/HandleCors.php(49): Illuminate\\Pipeline\\Pipeline->Illuminate\\Pipeline\\{closure}()
#41 /media/flavio/3437-6262/Projetos/laravel_ecommerce/vendor/laravel/framework/src/Illuminate/Pipeline/Pipeline.php(183): Illuminate\\Http\\Middleware\\HandleCors->handle()
#42 /media/flavio/3437-6262/Projetos/laravel_ecommerce/vendor/laravel/framework/src/Illuminate/Http/Middleware/TrustProxies.php(58): Illuminate\\Pipeline\\Pipeline->Illuminate\\Pipeline\\{closure}()
#43 /media/flavio/3437-6262/Projetos/laravel_ecommerce/vendor/laravel/framework/src/Illuminate/Pipeline/Pipeline.php(183): Illuminate\\Http\\Middleware\\TrustProxies->handle()
#44 /media/flavio/3437-6262/Projetos/laravel_ecommerce/vendor/laravel/framework/src/Illuminate/Foundation/Http/Middleware/InvokeDeferredCallbacks.php(22): Illuminate\\Pipeline\\Pipeline->Illuminate\\Pipeline\\{closure}()
#45 /media/flavio/3437-6262/Projetos/laravel_ecommerce/vendor/laravel/framework/src/Illuminate/Pipeline/Pipeline.php(183): Illuminate\\Foundation\\Http\\Middleware\\InvokeDeferredCallbacks->handle()
#46 /media/flavio/3437-6262/Projetos/laravel_ecommerce/vendor/laravel/framework/src/Illuminate/Pipeline/Pipeline.php(119): Illuminate\\Pipeline\\Pipeline->Illuminate\\Pipeline\\{closure}()
#47 /media/flavio/3437-6262/Projetos/laravel_ecommerce/vendor/laravel/framework/src/Illuminate/Foundation/Http/Kernel.php(176): Illuminate\\Pipeline\\Pipeline->then()
#48 /media/flavio/3437-6262/Projetos/laravel_ecommerce/vendor/laravel/framework/src/Illuminate/Foundation/Http/Kernel.php(145): Illuminate\\Foundation\\Http\\Kernel->sendRequestThroughRouter()
#49 /media/flavio/3437-6262/Projetos/laravel_ecommerce/vendor/laravel/framework/src/Illuminate/Foundation/Application.php(1190): Illuminate\\Foundation\\Http\\Kernel->handle()
#50 /media/flavio/3437-6262/Projetos/laravel_ecommerce/public/index.php(17): Illuminate\\Foundation\\Application->handleRequest()
#51 /media/flavio/3437-6262/Projetos/laravel_ecommerce/vendor/laravel/framework/src/Illuminate/Foundation/resources/server.php(23): require_once('...')
#52 {main}
"} 
[2025-01-01 22:17:17] local.ERROR: Target class [UserController] does not exist. {"exception":"[object] (Illuminate\\Contracts\\Container\\BindingResolutionException(code: 0): Target class [UserController] does not exist. at /media/flavio/3437-6262/Projetos/laravel_ecommerce/vendor/laravel/framework/src/Illuminate/Container/Container.php:946)
[stacktrace]
#0 /media/flavio/3437-6262/Projetos/laravel_ecommerce/vendor/laravel/framework/src/Illuminate/Container/Container.php(819): Illuminate\\Container\\Container->build()
#1 /media/flavio/3437-6262/Projetos/laravel_ecommerce/vendor/laravel/framework/src/Illuminate/Foundation/Application.php(1048): Illuminate\\Container\\Container->resolve()
#2 /media/flavio/3437-6262/Projetos/laravel_ecommerce/vendor/laravel/framework/src/Illuminate/Container/Container.php(755): Illuminate\\Foundation\\Application->resolve()
#3 /media/flavio/3437-6262/Projetos/laravel_ecommerce/vendor/laravel/framework/src/Illuminate/Foundation/Application.php(1030): Illuminate\\Container\\Container->make()
#4 /media/flavio/3437-6262/Projetos/laravel_ecommerce/vendor/laravel/framework/src/Illuminate/Routing/Route.php(285): Illuminate\\Foundation\\Application->make()
#5 /media/flavio/3437-6262/Projetos/laravel_ecommerce/vendor/laravel/framework/src/Illuminate/Routing/Route.php(267): Illuminate\\Routing\\Route->getController()
#6 /media/flavio/3437-6262/Projetos/laravel_ecommerce/vendor/laravel/framework/src/Illuminate/Routing/Route.php(212): Illuminate\\Routing\\Route->runController()
#7 /media/flavio/3437-6262/Projetos/laravel_ecommerce/vendor/laravel/framework/src/Illuminate/Routing/Router.php(808): Illuminate\\Routing\\Route->run()
#8 /media/flavio/3437-6262/Projetos/laravel_ecommerce/vendor/laravel/framework/src/Illuminate/Pipeline/Pipeline.php(144): Illuminate\\Routing\\Router->Illuminate\\Routing\\{closure}()
#9 /media/flavio/3437-6262/Projetos/laravel_ecommerce/vendor/laravel/framework/src/Illuminate/Routing/Middleware/SubstituteBindings.php(51): Illuminate\\Pipeline\\Pipeline->Illuminate\\Pipeline\\{closure}()
#10 /media/flavio/3437-6262/Projetos/laravel_ecommerce/vendor/laravel/framework/src/Illuminate/Pipeline/Pipeline.php(183): Illuminate\\Routing\\Middleware\\SubstituteBindings->handle()
#11 /media/flavio/3437-6262/Projetos/laravel_ecommerce/vendor/laravel/framework/src/Illuminate/Foundation/Http/Middleware/VerifyCsrfToken.php(88): Illuminate\\Pipeline\\Pipeline->Illuminate\\Pipeline\\{closure}()
#12 /media/flavio/3437-6262/Projetos/laravel_ecommerce/vendor/laravel/framework/src/Illuminate/Pipeline/Pipeline.php(183): Illuminate\\Foundation\\Http\\Middleware\\VerifyCsrfToken->handle()
#13 /media/flavio/3437-6262/Projetos/laravel_ecommerce/vendor/laravel/framework/src/Illuminate/View/Middleware/ShareErrorsFromSession.php(49): Illuminate\\Pipeline\\Pipeline->Illuminate\\Pipeline\\{closure}()
#14 /media/flavio/3437-6262/Projetos/laravel_ecommerce/vendor/laravel/framework/src/Illuminate/Pipeline/Pipeline.php(183): Illuminate\\View\\Middleware\\ShareErrorsFromSession->handle()
#15 /media/flavio/3437-6262/Projetos/laravel_ecommerce/vendor/laravel/framework/src/Illuminate/Session/Middleware/StartSession.php(121): Illuminate\\Pipeline\\Pipeline->Illuminate\\Pipeline\\{closure}()
#16 /media/flavio/3437-6262/Projetos/laravel_ecommerce/vendor/laravel/framework/src/Illuminate/Session/Middleware/StartSession.php(64): Illuminate\\Session\\Middleware\\StartSession->handleStatefulRequest()
#17 /media/flavio/3437-6262/Projetos/laravel_ecommerce/vendor/laravel/framework/src/Illuminate/Pipeline/Pipeline.php(183): Illuminate\\Session\\Middleware\\StartSession->handle()
#18 /media/flavio/3437-6262/Projetos/laravel_ecommerce/vendor/laravel/framework/src/Illuminate/Cookie/Middleware/AddQueuedCookiesToResponse.php(37): Illuminate\\Pipeline\\Pipeline->Illuminate\\Pipeline\\{closure}()
#19 /media/flavio/3437-6262/Projetos/laravel_ecommerce/vendor/laravel/framework/src/Illuminate/Pipeline/Pipeline.php(183): Illuminate\\Cookie\\Middleware\\AddQueuedCookiesToResponse->handle()
#20 /media/flavio/3437-6262/Projetos/laravel_ecommerce/vendor/laravel/framework/src/Illuminate/Cookie/Middleware/EncryptCookies.php(75): Illuminate\\Pipeline\\Pipeline->Illuminate\\Pipeline\\{closure}()
#21 /media/flavio/3437-6262/Projetos/laravel_ecommerce/vendor/laravel/framework/src/Illuminate/Pipeline/Pipeline.php(183): Illuminate\\Cookie\\Middleware\\EncryptCookies->handle()
#22 /media/flavio/3437-6262/Projetos/laravel_ecommerce/vendor/laravel/framework/src/Illuminate/Pipeline/Pipeline.php(119): Illuminate\\Pipeline\\Pipeline->Illuminate\\Pipeline\\{closure}()
#23 /media/flavio/3437-6262/Projetos/laravel_ecommerce/vendor/laravel/framework/src/Illuminate/Routing/Router.php(807): Illuminate\\Pipeline\\Pipeline->then()
#24 /media/flavio/3437-6262/Projetos/laravel_ecommerce/vendor/laravel/framework/src/Illuminate/Routing/Router.php(786): Illuminate\\Routing\\Router->runRouteWithinStack()
#25 /media/flavio/3437-6262/Projetos/laravel_ecommerce/vendor/laravel/framework/src/Illuminate/Routing/Router.php(750): Illuminate\\Routing\\Router->runRoute()
#26 /media/flavio/3437-6262/Projetos/laravel_ecommerce/vendor/laravel/framework/src/Illuminate/Routing/Router.php(739): Illuminate\\Routing\\Router->dispatchToRoute()
#27 /media/flavio/3437-6262/Projetos/laravel_ecommerce/vendor/laravel/framework/src/Illuminate/Foundation/Http/Kernel.php(201): Illuminate\\Routing\\Router->dispatch()
#28 /media/flavio/3437-6262/Projetos/laravel_ecommerce/vendor/laravel/framework/src/Illuminate/Pipeline/Pipeline.php(144): Illuminate\\Foundation\\Http\\Kernel->Illuminate\\Foundation\\Http\\{closure}()
#29 /media/flavio/3437-6262/Projetos/laravel_ecommerce/vendor/laravel/framework/src/Illuminate/Foundation/Http/Middleware/TransformsRequest.php(21): Illuminate\\Pipeline\\Pipeline->Illuminate\\Pipeline\\{closure}()
#30 /media/flavio/3437-6262/Projetos/laravel_ecommerce/vendor/laravel/framework/src/Illuminate/Foundation/Http/Middleware/ConvertEmptyStringsToNull.php(31): Illuminate\\Foundation\\Http\\Middleware\\TransformsRequest->handle()
#31 /media/flavio/3437-6262/Projetos/laravel_ecommerce/vendor/laravel/framework/src/Illuminate/Pipeline/Pipeline.php(183): Illuminate\\Foundation\\Http\\Middleware\\ConvertEmptyStringsToNull->handle()
#32 /media/flavio/3437-6262/Projetos/laravel_ecommerce/vendor/laravel/framework/src/Illuminate/Foundation/Http/Middleware/TransformsRequest.php(21): Illuminate\\Pipeline\\Pipeline->Illuminate\\Pipeline\\{closure}()
#33 /media/flavio/3437-6262/Projetos/laravel_ecommerce/vendor/laravel/framework/src/Illuminate/Foundation/Http/Middleware/TrimStrings.php(51): Illuminate\\Foundation\\Http\\Middleware\\TransformsRequest->handle()
#34 /media/flavio/3437-6262/Projetos/laravel_ecommerce/vendor/laravel/framework/src/Illuminate/Pipeline/Pipeline.php(183): Illuminate\\Foundation\\Http\\Middleware\\TrimStrings->handle()
#35 /media/flavio/3437-6262/Projetos/laravel_ecommerce/vendor/laravel/framework/src/Illuminate/Http/Middleware/ValidatePostSize.php(27): Illuminate\\Pipeline\\Pipeline->Illuminate\\Pipeline\\{closure}()
#36 /media/flavio/3437-6262/Projetos/laravel_ecommerce/vendor/laravel/framework/src/Illuminate/Pipeline/Pipeline.php(183): Illuminate\\Http\\Middleware\\ValidatePostSize->handle()
#37 /media/flavio/3437-6262/Projetos/laravel_ecommerce/vendor/laravel/framework/src/Illuminate/Foundation/Http/Middleware/PreventRequestsDuringMaintenance.php(110): Illuminate\\Pipeline\\Pipeline->Illuminate\\Pipeline\\{closure}()
#38 /media/flavio/3437-6262/Projetos/laravel_ecommerce/vendor/laravel/framework/src/Illuminate/Pipeline/Pipeline.php(183): Illuminate\\Foundation\\Http\\Middleware\\PreventRequestsDuringMaintenance->handle()
#39 /media/flavio/3437-6262/Projetos/laravel_ecommerce/vendor/laravel/framework/src/Illuminate/Http/Middleware/HandleCors.php(49): Illuminate\\Pipeline\\Pipeline->Illuminate\\Pipeline\\{closure}()
#40 /media/flavio/3437-6262/Projetos/laravel_ecommerce/vendor/laravel/framework/src/Illuminate/Pipeline/Pipeline.php(183): Illuminate\\Http\\Middleware\\HandleCors->handle()
#41 /media/flavio/3437-6262/Projetos/laravel_ecommerce/vendor/laravel/framework/src/Illuminate/Http/Middleware/TrustProxies.php(58): Illuminate\\Pipeline\\Pipeline->Illuminate\\Pipeline\\{closure}()
#42 /media/flavio/3437-6262/Projetos/laravel_ecommerce/vendor/laravel/framework/src/Illuminate/Pipeline/Pipeline.php(183): Illuminate\\Http\\Middleware\\TrustProxies->handle()
#43 /media/flavio/3437-6262/Projetos/laravel_ecommerce/vendor/laravel/framework/src/Illuminate/Foundation/Http/Middleware/InvokeDeferredCallbacks.php(22): Illuminate\\Pipeline\\Pipeline->Illuminate\\Pipeline\\{closure}()
#44 /media/flavio/3437-6262/Projetos/laravel_ecommerce/vendor/laravel/framework/src/Illuminate/Pipeline/Pipeline.php(183): Illuminate\\Foundation\\Http\\Middleware\\InvokeDeferredCallbacks->handle()
#45 /media/flavio/3437-6262/Projetos/laravel_ecommerce/vendor/laravel/framework/src/Illuminate/Pipeline/Pipeline.php(119): Illuminate\\Pipeline\\Pipeline->Illuminate\\Pipeline\\{closure}()
#46 /media/flavio/3437-6262/Projetos/laravel_ecommerce/vendor/laravel/framework/src/Illuminate/Foundation/Http/Kernel.php(176): Illuminate\\Pipeline\\Pipeline->then()
#47 /media/flavio/3437-6262/Projetos/laravel_ecommerce/vendor/laravel/framework/src/Illuminate/Foundation/Http/Kernel.php(145): Illuminate\\Foundation\\Http\\Kernel->sendRequestThroughRouter()
#48 /media/flavio/3437-6262/Projetos/laravel_ecommerce/vendor/laravel/framework/src/Illuminate/Foundation/Application.php(1190): Illuminate\\Foundation\\Http\\Kernel->handle()
#49 /media/flavio/3437-6262/Projetos/laravel_ecommerce/public/index.php(17): Illuminate\\Foundation\\Application->handleRequest()
#50 /media/flavio/3437-6262/Projetos/laravel_ecommerce/vendor/laravel/framework/src/Illuminate/Foundation/resources/server.php(23): require_once('...')
#51 {main}

[previous exception] [object] (ReflectionException(code: -1): Class \"UserController\" does not exist at /media/flavio/3437-6262/Projetos/laravel_ecommerce/vendor/laravel/framework/src/Illuminate/Container/Container.php:944)
[stacktrace]
#0 /media/flavio/3437-6262/Projetos/laravel_ecommerce/vendor/laravel/framework/src/Illuminate/Container/Container.php(944): ReflectionClass->__construct()
#1 /media/flavio/3437-6262/Projetos/laravel_ecommerce/vendor/laravel/framework/src/Illuminate/Container/Container.php(819): Illuminate\\Container\\Container->build()
#2 /media/flavio/3437-6262/Projetos/laravel_ecommerce/vendor/laravel/framework/src/Illuminate/Foundation/Application.php(1048): Illuminate\\Container\\Container->resolve()
#3 /media/flavio/3437-6262/Projetos/laravel_ecommerce/vendor/laravel/framework/src/Illuminate/Container/Container.php(755): Illuminate\\Foundation\\Application->resolve()
#4 /media/flavio/3437-6262/Projetos/laravel_ecommerce/vendor/laravel/framework/src/Illuminate/Foundation/Application.php(1030): Illuminate\\Container\\Container->make()
#5 /media/flavio/3437-6262/Projetos/laravel_ecommerce/vendor/laravel/framework/src/Illuminate/Routing/Route.php(285): Illuminate\\Foundation\\Application->make()
#6 /media/flavio/3437-6262/Projetos/laravel_ecommerce/vendor/laravel/framework/src/Illuminate/Routing/Route.php(267): Illuminate\\Routing\\Route->getController()
#7 /media/flavio/3437-6262/Projetos/laravel_ecommerce/vendor/laravel/framework/src/Illuminate/Routing/Route.php(212): Illuminate\\Routing\\Route->runController()
#8 /media/flavio/3437-6262/Projetos/laravel_ecommerce/vendor/laravel/framework/src/Illuminate/Routing/Router.php(808): Illuminate\\Routing\\Route->run()
#9 /media/flavio/3437-6262/Projetos/laravel_ecommerce/vendor/laravel/framework/src/Illuminate/Pipeline/Pipeline.php(144): Illuminate\\Routing\\Router->Illuminate\\Routing\\{closure}()
#10 /media/flavio/3437-6262/Projetos/laravel_ecommerce/vendor/laravel/framework/src/Illuminate/Routing/Middleware/SubstituteBindings.php(51): Illuminate\\Pipeline\\Pipeline->Illuminate\\Pipeline\\{closure}()
#11 /media/flavio/3437-6262/Projetos/laravel_ecommerce/vendor/laravel/framework/src/Illuminate/Pipeline/Pipeline.php(183): Illuminate\\Routing\\Middleware\\SubstituteBindings->handle()
#12 /media/flavio/3437-6262/Projetos/laravel_ecommerce/vendor/laravel/framework/src/Illuminate/Foundation/Http/Middleware/VerifyCsrfToken.php(88): Illuminate\\Pipeline\\Pipeline->Illuminate\\Pipeline\\{closure}()
#13 /media/flavio/3437-6262/Projetos/laravel_ecommerce/vendor/laravel/framework/src/Illuminate/Pipeline/Pipeline.php(183): Illuminate\\Foundation\\Http\\Middleware\\VerifyCsrfToken->handle()
#14 /media/flavio/3437-6262/Projetos/laravel_ecommerce/vendor/laravel/framework/src/Illuminate/View/Middleware/ShareErrorsFromSession.php(49): Illuminate\\Pipeline\\Pipeline->Illuminate\\Pipeline\\{closure}()
#15 /media/flavio/3437-6262/Projetos/laravel_ecommerce/vendor/laravel/framework/src/Illuminate/Pipeline/Pipeline.php(183): Illuminate\\View\\Middleware\\ShareErrorsFromSession->handle()
#16 /media/flavio/3437-6262/Projetos/laravel_ecommerce/vendor/laravel/framework/src/Illuminate/Session/Middleware/StartSession.php(121): Illuminate\\Pipeline\\Pipeline->Illuminate\\Pipeline\\{closure}()
#17 /media/flavio/3437-6262/Projetos/laravel_ecommerce/vendor/laravel/framework/src/Illuminate/Session/Middleware/StartSession.php(64): Illuminate\\Session\\Middleware\\StartSession->handleStatefulRequest()
#18 /media/flavio/3437-6262/Projetos/laravel_ecommerce/vendor/laravel/framework/src/Illuminate/Pipeline/Pipeline.php(183): Illuminate\\Session\\Middleware\\StartSession->handle()
#19 /media/flavio/3437-6262/Projetos/laravel_ecommerce/vendor/laravel/framework/src/Illuminate/Cookie/Middleware/AddQueuedCookiesToResponse.php(37): Illuminate\\Pipeline\\Pipeline->Illuminate\\Pipeline\\{closure}()
#20 /media/flavio/3437-6262/Projetos/laravel_ecommerce/vendor/laravel/framework/src/Illuminate/Pipeline/Pipeline.php(183): Illuminate\\Cookie\\Middleware\\AddQueuedCookiesToResponse->handle()
#21 /media/flavio/3437-6262/Projetos/laravel_ecommerce/vendor/laravel/framework/src/Illuminate/Cookie/Middleware/EncryptCookies.php(75): Illuminate\\Pipeline\\Pipeline->Illuminate\\Pipeline\\{closure}()
#22 /media/flavio/3437-6262/Projetos/laravel_ecommerce/vendor/laravel/framework/src/Illuminate/Pipeline/Pipeline.php(183): Illuminate\\Cookie\\Middleware\\EncryptCookies->handle()
#23 /media/flavio/3437-6262/Projetos/laravel_ecommerce/vendor/laravel/framework/src/Illuminate/Pipeline/Pipeline.php(119): Illuminate\\Pipeline\\Pipeline->Illuminate\\Pipeline\\{closure}()
#24 /media/flavio/3437-6262/Projetos/laravel_ecommerce/vendor/laravel/framework/src/Illuminate/Routing/Router.php(807): Illuminate\\Pipeline\\Pipeline->then()
#25 /media/flavio/3437-6262/Projetos/laravel_ecommerce/vendor/laravel/framework/src/Illuminate/Routing/Router.php(786): Illuminate\\Routing\\Router->runRouteWithinStack()
#26 /media/flavio/3437-6262/Projetos/laravel_ecommerce/vendor/laravel/framework/src/Illuminate/Routing/Router.php(750): Illuminate\\Routing\\Router->runRoute()
#27 /media/flavio/3437-6262/Projetos/laravel_ecommerce/vendor/laravel/framework/src/Illuminate/Routing/Router.php(739): Illuminate\\Routing\\Router->dispatchToRoute()
#28 /media/flavio/3437-6262/Projetos/laravel_ecommerce/vendor/laravel/framework/src/Illuminate/Foundation/Http/Kernel.php(201): Illuminate\\Routing\\Router->dispatch()
#29 /media/flavio/3437-6262/Projetos/laravel_ecommerce/vendor/laravel/framework/src/Illuminate/Pipeline/Pipeline.php(144): Illuminate\\Foundation\\Http\\Kernel->Illuminate\\Foundation\\Http\\{closure}()
#30 /media/flavio/3437-6262/Projetos/laravel_ecommerce/vendor/laravel/framework/src/Illuminate/Foundation/Http/Middleware/TransformsRequest.php(21): Illuminate\\Pipeline\\Pipeline->Illuminate\\Pipeline\\{closure}()
#31 /media/flavio/3437-6262/Projetos/laravel_ecommerce/vendor/laravel/framework/src/Illuminate/Foundation/Http/Middleware/ConvertEmptyStringsToNull.php(31): Illuminate\\Foundation\\Http\\Middleware\\TransformsRequest->handle()
#32 /media/flavio/3437-6262/Projetos/laravel_ecommerce/vendor/laravel/framework/src/Illuminate/Pipeline/Pipeline.php(183): Illuminate\\Foundation\\Http\\Middleware\\ConvertEmptyStringsToNull->handle()
#33 /media/flavio/3437-6262/Projetos/laravel_ecommerce/vendor/laravel/framework/src/Illuminate/Foundation/Http/Middleware/TransformsRequest.php(21): Illuminate\\Pipeline\\Pipeline->Illuminate\\Pipeline\\{closure}()
#34 /media/flavio/3437-6262/Projetos/laravel_ecommerce/vendor/laravel/framework/src/Illuminate/Foundation/Http/Middleware/TrimStrings.php(51): Illuminate\\Foundation\\Http\\Middleware\\TransformsRequest->handle()
#35 /media/flavio/3437-6262/Projetos/laravel_ecommerce/vendor/laravel/framework/src/Illuminate/Pipeline/Pipeline.php(183): Illuminate\\Foundation\\Http\\Middleware\\TrimStrings->handle()
#36 /media/flavio/3437-6262/Projetos/laravel_ecommerce/vendor/laravel/framework/src/Illuminate/Http/Middleware/ValidatePostSize.php(27): Illuminate\\Pipeline\\Pipeline->Illuminate\\Pipeline\\{closure}()
#37 /media/flavio/3437-6262/Projetos/laravel_ecommerce/vendor/laravel/framework/src/Illuminate/Pipeline/Pipeline.php(183): Illuminate\\Http\\Middleware\\ValidatePostSize->handle()
#38 /media/flavio/3437-6262/Projetos/laravel_ecommerce/vendor/laravel/framework/src/Illuminate/Foundation/Http/Middleware/PreventRequestsDuringMaintenance.php(110): Illuminate\\Pipeline\\Pipeline->Illuminate\\Pipeline\\{closure}()
#39 /media/flavio/3437-6262/Projetos/laravel_ecommerce/vendor/laravel/framework/src/Illuminate/Pipeline/Pipeline.php(183): Illuminate\\Foundation\\Http\\Middleware\\PreventRequestsDuringMaintenance->handle()
#40 /media/flavio/3437-6262/Projetos/laravel_ecommerce/vendor/laravel/framework/src/Illuminate/Http/Middleware/HandleCors.php(49): Illuminate\\Pipeline\\Pipeline->Illuminate\\Pipeline\\{closure}()
#41 /media/flavio/3437-6262/Projetos/laravel_ecommerce/vendor/laravel/framework/src/Illuminate/Pipeline/Pipeline.php(183): Illuminate\\Http\\Middleware\\HandleCors->handle()
#42 /media/flavio/3437-6262/Projetos/laravel_ecommerce/vendor/laravel/framework/src/Illuminate/Http/Middleware/TrustProxies.php(58): Illuminate\\Pipeline\\Pipeline->Illuminate\\Pipeline\\{closure}()
#43 /media/flavio/3437-6262/Projetos/laravel_ecommerce/vendor/laravel/framework/src/Illuminate/Pipeline/Pipeline.php(183): Illuminate\\Http\\Middleware\\TrustProxies->handle()
#44 /media/flavio/3437-6262/Projetos/laravel_ecommerce/vendor/laravel/framework/src/Illuminate/Foundation/Http/Middleware/InvokeDeferredCallbacks.php(22): Illuminate\\Pipeline\\Pipeline->Illuminate\\Pipeline\\{closure}()
#45 /media/flavio/3437-6262/Projetos/laravel_ecommerce/vendor/laravel/framework/src/Illuminate/Pipeline/Pipeline.php(183): Illuminate\\Foundation\\Http\\Middleware\\InvokeDeferredCallbacks->handle()
#46 /media/flavio/3437-6262/Projetos/laravel_ecommerce/vendor/laravel/framework/src/Illuminate/Pipeline/Pipeline.php(119): Illuminate\\Pipeline\\Pipeline->Illuminate\\Pipeline\\{closure}()
#47 /media/flavio/3437-6262/Projetos/laravel_ecommerce/vendor/laravel/framework/src/Illuminate/Foundation/Http/Kernel.php(176): Illuminate\\Pipeline\\Pipeline->then()
#48 /media/flavio/3437-6262/Projetos/laravel_ecommerce/vendor/laravel/framework/src/Illuminate/Foundation/Http/Kernel.php(145): Illuminate\\Foundation\\Http\\Kernel->sendRequestThroughRouter()
#49 /media/flavio/3437-6262/Projetos/laravel_ecommerce/vendor/laravel/framework/src/Illuminate/Foundation/Application.php(1190): Illuminate\\Foundation\\Http\\Kernel->handle()
#50 /media/flavio/3437-6262/Projetos/laravel_ecommerce/public/index.php(17): Illuminate\\Foundation\\Application->handleRequest()
#51 /media/flavio/3437-6262/Projetos/laravel_ecommerce/vendor/laravel/framework/src/Illuminate/Foundation/resources/server.php(23): require_once('...')
#52 {main}
"} 
[2025-01-01 22:30:22] local.ERROR: compact(): Undefined variable $stores {"exception":"[object] (ErrorException(code: 0): compact(): Undefined variable $stores at /media/flavio/3437-6262/Projetos/laravel_ecommerce/app/Http/Controllers/Admin/StoreController.php:16)
[stacktrace]
#0 /media/flavio/3437-6262/Projetos/laravel_ecommerce/vendor/laravel/framework/src/Illuminate/Foundation/Bootstrap/HandleExceptions.php(290): Illuminate\\Foundation\\Bootstrap\\HandleExceptions->handleError()
#1 [internal function]: Illuminate\\Foundation\\Bootstrap\\HandleExceptions->Illuminate\\Foundation\\Bootstrap\\{closure}()
#2 /media/flavio/3437-6262/Projetos/laravel_ecommerce/app/Http/Controllers/Admin/StoreController.php(16): compact()
#3 /media/flavio/3437-6262/Projetos/laravel_ecommerce/vendor/laravel/framework/src/Illuminate/Routing/ControllerDispatcher.php(47): App\\Http\\Controllers\\Admin\\StoreController->index()
#4 /media/flavio/3437-6262/Projetos/laravel_ecommerce/vendor/laravel/framework/src/Illuminate/Routing/Route.php(266): Illuminate\\Routing\\ControllerDispatcher->dispatch()
#5 /media/flavio/3437-6262/Projetos/laravel_ecommerce/vendor/laravel/framework/src/Illuminate/Routing/Route.php(212): Illuminate\\Routing\\Route->runController()
#6 /media/flavio/3437-6262/Projetos/laravel_ecommerce/vendor/laravel/framework/src/Illuminate/Routing/Router.php(808): Illuminate\\Routing\\Route->run()
#7 /media/flavio/3437-6262/Projetos/laravel_ecommerce/vendor/laravel/framework/src/Illuminate/Pipeline/Pipeline.php(144): Illuminate\\Routing\\Router->Illuminate\\Routing\\{closure}()
#8 /media/flavio/3437-6262/Projetos/laravel_ecommerce/vendor/laravel/framework/src/Illuminate/Routing/Middleware/SubstituteBindings.php(51): Illuminate\\Pipeline\\Pipeline->Illuminate\\Pipeline\\{closure}()
#9 /media/flavio/3437-6262/Projetos/laravel_ecommerce/vendor/laravel/framework/src/Illuminate/Pipeline/Pipeline.php(183): Illuminate\\Routing\\Middleware\\SubstituteBindings->handle()
#10 /media/flavio/3437-6262/Projetos/laravel_ecommerce/vendor/laravel/framework/src/Illuminate/Foundation/Http/Middleware/VerifyCsrfToken.php(88): Illuminate\\Pipeline\\Pipeline->Illuminate\\Pipeline\\{closure}()
#11 /media/flavio/3437-6262/Projetos/laravel_ecommerce/vendor/laravel/framework/src/Illuminate/Pipeline/Pipeline.php(183): Illuminate\\Foundation\\Http\\Middleware\\VerifyCsrfToken->handle()
#12 /media/flavio/3437-6262/Projetos/laravel_ecommerce/vendor/laravel/framework/src/Illuminate/View/Middleware/ShareErrorsFromSession.php(49): Illuminate\\Pipeline\\Pipeline->Illuminate\\Pipeline\\{closure}()
#13 /media/flavio/3437-6262/Projetos/laravel_ecommerce/vendor/laravel/framework/src/Illuminate/Pipeline/Pipeline.php(183): Illuminate\\View\\Middleware\\ShareErrorsFromSession->handle()
#14 /media/flavio/3437-6262/Projetos/laravel_ecommerce/vendor/laravel/framework/src/Illuminate/Session/Middleware/StartSession.php(121): Illuminate\\Pipeline\\Pipeline->Illuminate\\Pipeline\\{closure}()
#15 /media/flavio/3437-6262/Projetos/laravel_ecommerce/vendor/laravel/framework/src/Illuminate/Session/Middleware/StartSession.php(64): Illuminate\\Session\\Middleware\\StartSession->handleStatefulRequest()
#16 /media/flavio/3437-6262/Projetos/laravel_ecommerce/vendor/laravel/framework/src/Illuminate/Pipeline/Pipeline.php(183): Illuminate\\Session\\Middleware\\StartSession->handle()
#17 /media/flavio/3437-6262/Projetos/laravel_ecommerce/vendor/laravel/framework/src/Illuminate/Cookie/Middleware/AddQueuedCookiesToResponse.php(37): Illuminate\\Pipeline\\Pipeline->Illuminate\\Pipeline\\{closure}()
#18 /media/flavio/3437-6262/Projetos/laravel_ecommerce/vendor/laravel/framework/src/Illuminate/Pipeline/Pipeline.php(183): Illuminate\\Cookie\\Middleware\\AddQueuedCookiesToResponse->handle()
#19 /media/flavio/3437-6262/Projetos/laravel_ecommerce/vendor/laravel/framework/src/Illuminate/Cookie/Middleware/EncryptCookies.php(75): Illuminate\\Pipeline\\Pipeline->Illuminate\\Pipeline\\{closure}()
#20 /media/flavio/3437-6262/Projetos/laravel_ecommerce/vendor/laravel/framework/src/Illuminate/Pipeline/Pipeline.php(183): Illuminate\\Cookie\\Middleware\\EncryptCookies->handle()
#21 /media/flavio/3437-6262/Projetos/laravel_ecommerce/vendor/laravel/framework/src/Illuminate/Pipeline/Pipeline.php(119): Illuminate\\Pipeline\\Pipeline->Illuminate\\Pipeline\\{closure}()
#22 /media/flavio/3437-6262/Projetos/laravel_ecommerce/vendor/laravel/framework/src/Illuminate/Routing/Router.php(807): Illuminate\\Pipeline\\Pipeline->then()
#23 /media/flavio/3437-6262/Projetos/laravel_ecommerce/vendor/laravel/framework/src/Illuminate/Routing/Router.php(786): Illuminate\\Routing\\Router->runRouteWithinStack()
#24 /media/flavio/3437-6262/Projetos/laravel_ecommerce/vendor/laravel/framework/src/Illuminate/Routing/Router.php(750): Illuminate\\Routing\\Router->runRoute()
#25 /media/flavio/3437-6262/Projetos/laravel_ecommerce/vendor/laravel/framework/src/Illuminate/Routing/Router.php(739): Illuminate\\Routing\\Router->dispatchToRoute()
#26 /media/flavio/3437-6262/Projetos/laravel_ecommerce/vendor/laravel/framework/src/Illuminate/Foundation/Http/Kernel.php(201): Illuminate\\Routing\\Router->dispatch()
#27 /media/flavio/3437-6262/Projetos/laravel_ecommerce/vendor/laravel/framework/src/Illuminate/Pipeline/Pipeline.php(144): Illuminate\\Foundation\\Http\\Kernel->Illuminate\\Foundation\\Http\\{closure}()
#28 /media/flavio/3437-6262/Projetos/laravel_ecommerce/vendor/laravel/framework/src/Illuminate/Foundation/Http/Middleware/TransformsRequest.php(21): Illuminate\\Pipeline\\Pipeline->Illuminate\\Pipeline\\{closure}()
#29 /media/flavio/3437-6262/Projetos/laravel_ecommerce/vendor/laravel/framework/src/Illuminate/Foundation/Http/Middleware/ConvertEmptyStringsToNull.php(31): Illuminate\\Foundation\\Http\\Middleware\\TransformsRequest->handle()
#30 /media/flavio/3437-6262/Projetos/laravel_ecommerce/vendor/laravel/framework/src/Illuminate/Pipeline/Pipeline.php(183): Illuminate\\Foundation\\Http\\Middleware\\ConvertEmptyStringsToNull->handle()
#31 /media/flavio/3437-6262/Projetos/laravel_ecommerce/vendor/laravel/framework/src/Illuminate/Foundation/Http/Middleware/TransformsRequest.php(21): Illuminate\\Pipeline\\Pipeline->Illuminate\\Pipeline\\{closure}()
#32 /media/flavio/3437-6262/Projetos/laravel_ecommerce/vendor/laravel/framework/src/Illuminate/Foundation/Http/Middleware/TrimStrings.php(51): Illuminate\\Foundation\\Http\\Middleware\\TransformsRequest->handle()
#33 /media/flavio/3437-6262/Projetos/laravel_ecommerce/vendor/laravel/framework/src/Illuminate/Pipeline/Pipeline.php(183): Illuminate\\Foundation\\Http\\Middleware\\TrimStrings->handle()
#34 /media/flavio/3437-6262/Projetos/laravel_ecommerce/vendor/laravel/framework/src/Illuminate/Http/Middleware/ValidatePostSize.php(27): Illuminate\\Pipeline\\Pipeline->Illuminate\\Pipeline\\{closure}()
#35 /media/flavio/3437-6262/Projetos/laravel_ecommerce/vendor/laravel/framework/src/Illuminate/Pipeline/Pipeline.php(183): Illuminate\\Http\\Middleware\\ValidatePostSize->handle()
#36 /media/flavio/3437-6262/Projetos/laravel_ecommerce/vendor/laravel/framework/src/Illuminate/Foundation/Http/Middleware/PreventRequestsDuringMaintenance.php(110): Illuminate\\Pipeline\\Pipeline->Illuminate\\Pipeline\\{closure}()
#37 /media/flavio/3437-6262/Projetos/laravel_ecommerce/vendor/laravel/framework/src/Illuminate/Pipeline/Pipeline.php(183): Illuminate\\Foundation\\Http\\Middleware\\PreventRequestsDuringMaintenance->handle()
#38 /media/flavio/3437-6262/Projetos/laravel_ecommerce/vendor/laravel/framework/src/Illuminate/Http/Middleware/HandleCors.php(49): Illuminate\\Pipeline\\Pipeline->Illuminate\\Pipeline\\{closure}()
#39 /media/flavio/3437-6262/Projetos/laravel_ecommerce/vendor/laravel/framework/src/Illuminate/Pipeline/Pipeline.php(183): Illuminate\\Http\\Middleware\\HandleCors->handle()
#40 /media/flavio/3437-6262/Projetos/laravel_ecommerce/vendor/laravel/framework/src/Illuminate/Http/Middleware/TrustProxies.php(58): Illuminate\\Pipeline\\Pipeline->Illuminate\\Pipeline\\{closure}()
#41 /media/flavio/3437-6262/Projetos/laravel_ecommerce/vendor/laravel/framework/src/Illuminate/Pipeline/Pipeline.php(183): Illuminate\\Http\\Middleware\\TrustProxies->handle()
#42 /media/flavio/3437-6262/Projetos/laravel_ecommerce/vendor/laravel/framework/src/Illuminate/Foundation/Http/Middleware/InvokeDeferredCallbacks.php(22): Illuminate\\Pipeline\\Pipeline->Illuminate\\Pipeline\\{closure}()
#43 /media/flavio/3437-6262/Projetos/laravel_ecommerce/vendor/laravel/framework/src/Illuminate/Pipeline/Pipeline.php(183): Illuminate\\Foundation\\Http\\Middleware\\InvokeDeferredCallbacks->handle()
#44 /media/flavio/3437-6262/Projetos/laravel_ecommerce/vendor/laravel/framework/src/Illuminate/Pipeline/Pipeline.php(119): Illuminate\\Pipeline\\Pipeline->Illuminate\\Pipeline\\{closure}()
#45 /media/flavio/3437-6262/Projetos/laravel_ecommerce/vendor/laravel/framework/src/Illuminate/Foundation/Http/Kernel.php(176): Illuminate\\Pipeline\\Pipeline->then()
#46 /media/flavio/3437-6262/Projetos/laravel_ecommerce/vendor/laravel/framework/src/Illuminate/Foundation/Http/Kernel.php(145): Illuminate\\Foundation\\Http\\Kernel->sendRequestThroughRouter()
#47 /media/flavio/3437-6262/Projetos/laravel_ecommerce/vendor/laravel/framework/src/Illuminate/Foundation/Application.php(1190): Illuminate\\Foundation\\Http\\Kernel->handle()
#48 /media/flavio/3437-6262/Projetos/laravel_ecommerce/public/index.php(17): Illuminate\\Foundation\\Application->handleRequest()
#49 /media/flavio/3437-6262/Projetos/laravel_ecommerce/vendor/laravel/framework/src/Illuminate/Foundation/resources/server.php(23): require_once('...')
#50 {main}
"} 
[2025-01-09 23:51:01] local.ERROR: SQLSTATE[HY000] [1045] Access denied for user 'root'@'localhost' (using password: NO) (Connection: mysql, SQL: select * from `sessions` where `id` = fX2yUAYp6nkZKM72093rHjoQZ4jb37jJBt9HQRty limit 1) {"exception":"[object] (Illuminate\\Database\\QueryException(code: 1045): SQLSTATE[HY000] [1045] Access denied for user 'root'@'localhost' (using password: NO) (Connection: mysql, SQL: select * from `sessions` where `id` = fX2yUAYp6nkZKM72093rHjoQZ4jb37jJBt9HQRty limit 1) at /media/flavio/3437-6262/Projetos/laravel_ecommerce/vendor/laravel/framework/src/Illuminate/Database/Connection.php:825)
[stacktrace]
#0 /media/flavio/3437-6262/Projetos/laravel_ecommerce/vendor/laravel/framework/src/Illuminate/Database/Connection.php(779): Illuminate\\Database\\Connection->runQueryCallback()
#1 /media/flavio/3437-6262/Projetos/laravel_ecommerce/vendor/laravel/framework/src/Illuminate/Database/Connection.php(398): Illuminate\\Database\\Connection->run()
#2 /media/flavio/3437-6262/Projetos/laravel_ecommerce/vendor/laravel/framework/src/Illuminate/Database/Query/Builder.php(3133): Illuminate\\Database\\Connection->select()
#3 /media/flavio/3437-6262/Projetos/laravel_ecommerce/vendor/laravel/framework/src/Illuminate/Database/Query/Builder.php(3118): Illuminate\\Database\\Query\\Builder->runSelect()
#4 /media/flavio/3437-6262/Projetos/laravel_ecommerce/vendor/laravel/framework/src/Illuminate/Database/Query/Builder.php(3706): Illuminate\\Database\\Query\\Builder->Illuminate\\Database\\Query\\{closure}()
#5 /media/flavio/3437-6262/Projetos/laravel_ecommerce/vendor/laravel/framework/src/Illuminate/Database/Query/Builder.php(3117): Illuminate\\Database\\Query\\Builder->onceWithColumns()
#6 /media/flavio/3437-6262/Projetos/laravel_ecommerce/vendor/laravel/framework/src/Illuminate/Database/Concerns/BuildsQueries.php(344): Illuminate\\Database\\Query\\Builder->get()
#7 /media/flavio/3437-6262/Projetos/laravel_ecommerce/vendor/laravel/framework/src/Illuminate/Database/Query/Builder.php(3038): Illuminate\\Database\\Query\\Builder->first()
#8 /media/flavio/3437-6262/Projetos/laravel_ecommerce/vendor/laravel/framework/src/Illuminate/Session/DatabaseSessionHandler.php(97): Illuminate\\Database\\Query\\Builder->find()
#9 /media/flavio/3437-6262/Projetos/laravel_ecommerce/vendor/laravel/framework/src/Illuminate/Session/Store.php(116): Illuminate\\Session\\DatabaseSessionHandler->read()
#10 /media/flavio/3437-6262/Projetos/laravel_ecommerce/vendor/laravel/framework/src/Illuminate/Session/Store.php(104): Illuminate\\Session\\Store->readFromHandler()
#11 /media/flavio/3437-6262/Projetos/laravel_ecommerce/vendor/laravel/framework/src/Illuminate/Session/Store.php(88): Illuminate\\Session\\Store->loadSession()
#12 /media/flavio/3437-6262/Projetos/laravel_ecommerce/vendor/laravel/framework/src/Illuminate/Session/Middleware/StartSession.php(147): Illuminate\\Session\\Store->start()
#13 /media/flavio/3437-6262/Projetos/laravel_ecommerce/vendor/laravel/framework/src/Illuminate/Support/helpers.php(399): Illuminate\\Session\\Middleware\\StartSession->Illuminate\\Session\\Middleware\\{closure}()
#14 /media/flavio/3437-6262/Projetos/laravel_ecommerce/vendor/laravel/framework/src/Illuminate/Session/Middleware/StartSession.php(144): tap()
#15 /media/flavio/3437-6262/Projetos/laravel_ecommerce/vendor/laravel/framework/src/Illuminate/Session/Middleware/StartSession.php(116): Illuminate\\Session\\Middleware\\StartSession->startSession()
#16 /media/flavio/3437-6262/Projetos/laravel_ecommerce/vendor/laravel/framework/src/Illuminate/Session/Middleware/StartSession.php(64): Illuminate\\Session\\Middleware\\StartSession->handleStatefulRequest()
#17 /media/flavio/3437-6262/Projetos/laravel_ecommerce/vendor/laravel/framework/src/Illuminate/Pipeline/Pipeline.php(183): Illuminate\\Session\\Middleware\\StartSession->handle()
#18 /media/flavio/3437-6262/Projetos/laravel_ecommerce/vendor/laravel/framework/src/Illuminate/Cookie/Middleware/AddQueuedCookiesToResponse.php(37): Illuminate\\Pipeline\\Pipeline->Illuminate\\Pipeline\\{closure}()
#19 /media/flavio/3437-6262/Projetos/laravel_ecommerce/vendor/laravel/framework/src/Illuminate/Pipeline/Pipeline.php(183): Illuminate\\Cookie\\Middleware\\AddQueuedCookiesToResponse->handle()
#20 /media/flavio/3437-6262/Projetos/laravel_ecommerce/vendor/laravel/framework/src/Illuminate/Cookie/Middleware/EncryptCookies.php(75): Illuminate\\Pipeline\\Pipeline->Illuminate\\Pipeline\\{closure}()
#21 /media/flavio/3437-6262/Projetos/laravel_ecommerce/vendor/laravel/framework/src/Illuminate/Pipeline/Pipeline.php(183): Illuminate\\Cookie\\Middleware\\EncryptCookies->handle()
#22 /media/flavio/3437-6262/Projetos/laravel_ecommerce/vendor/laravel/framework/src/Illuminate/Pipeline/Pipeline.php(119): Illuminate\\Pipeline\\Pipeline->Illuminate\\Pipeline\\{closure}()
#23 /media/flavio/3437-6262/Projetos/laravel_ecommerce/vendor/laravel/framework/src/Illuminate/Routing/Router.php(807): Illuminate\\Pipeline\\Pipeline->then()
#24 /media/flavio/3437-6262/Projetos/laravel_ecommerce/vendor/laravel/framework/src/Illuminate/Routing/Router.php(786): Illuminate\\Routing\\Router->runRouteWithinStack()
#25 /media/flavio/3437-6262/Projetos/laravel_ecommerce/vendor/laravel/framework/src/Illuminate/Routing/Router.php(750): Illuminate\\Routing\\Router->runRoute()
#26 /media/flavio/3437-6262/Projetos/laravel_ecommerce/vendor/laravel/framework/src/Illuminate/Routing/Router.php(739): Illuminate\\Routing\\Router->dispatchToRoute()
#27 /media/flavio/3437-6262/Projetos/laravel_ecommerce/vendor/laravel/framework/src/Illuminate/Foundation/Http/Kernel.php(201): Illuminate\\Routing\\Router->dispatch()
#28 /media/flavio/3437-6262/Projetos/laravel_ecommerce/vendor/laravel/framework/src/Illuminate/Pipeline/Pipeline.php(144): Illuminate\\Foundation\\Http\\Kernel->Illuminate\\Foundation\\Http\\{closure}()
#29 /media/flavio/3437-6262/Projetos/laravel_ecommerce/vendor/laravel/framework/src/Illuminate/Foundation/Http/Middleware/TransformsRequest.php(21): Illuminate\\Pipeline\\Pipeline->Illuminate\\Pipeline\\{closure}()
#30 /media/flavio/3437-6262/Projetos/laravel_ecommerce/vendor/laravel/framework/src/Illuminate/Foundation/Http/Middleware/ConvertEmptyStringsToNull.php(31): Illuminate\\Foundation\\Http\\Middleware\\TransformsRequest->handle()
#31 /media/flavio/3437-6262/Projetos/laravel_ecommerce/vendor/laravel/framework/src/Illuminate/Pipeline/Pipeline.php(183): Illuminate\\Foundation\\Http\\Middleware\\ConvertEmptyStringsToNull->handle()
#32 /media/flavio/3437-6262/Projetos/laravel_ecommerce/vendor/laravel/framework/src/Illuminate/Foundation/Http/Middleware/TransformsRequest.php(21): Illuminate\\Pipeline\\Pipeline->Illuminate\\Pipeline\\{closure}()
#33 /media/flavio/3437-6262/Projetos/laravel_ecommerce/vendor/laravel/framework/src/Illuminate/Foundation/Http/Middleware/TrimStrings.php(51): Illuminate\\Foundation\\Http\\Middleware\\TransformsRequest->handle()
#34 /media/flavio/3437-6262/Projetos/laravel_ecommerce/vendor/laravel/framework/src/Illuminate/Pipeline/Pipeline.php(183): Illuminate\\Foundation\\Http\\Middleware\\TrimStrings->handle()
#35 /media/flavio/3437-6262/Projetos/laravel_ecommerce/vendor/laravel/framework/src/Illuminate/Http/Middleware/ValidatePostSize.php(27): Illuminate\\Pipeline\\Pipeline->Illuminate\\Pipeline\\{closure}()
#36 /media/flavio/3437-6262/Projetos/laravel_ecommerce/vendor/laravel/framework/src/Illuminate/Pipeline/Pipeline.php(183): Illuminate\\Http\\Middleware\\ValidatePostSize->handle()
#37 /media/flavio/3437-6262/Projetos/laravel_ecommerce/vendor/laravel/framework/src/Illuminate/Foundation/Http/Middleware/PreventRequestsDuringMaintenance.php(110): Illuminate\\Pipeline\\Pipeline->Illuminate\\Pipeline\\{closure}()
#38 /media/flavio/3437-6262/Projetos/laravel_ecommerce/vendor/laravel/framework/src/Illuminate/Pipeline/Pipeline.php(183): Illuminate\\Foundation\\Http\\Middleware\\PreventRequestsDuringMaintenance->handle()
#39 /media/flavio/3437-6262/Projetos/laravel_ecommerce/vendor/laravel/framework/src/Illuminate/Http/Middleware/HandleCors.php(49): Illuminate\\Pipeline\\Pipeline->Illuminate\\Pipeline\\{closure}()
#40 /media/flavio/3437-6262/Projetos/laravel_ecommerce/vendor/laravel/framework/src/Illuminate/Pipeline/Pipeline.php(183): Illuminate\\Http\\Middleware\\HandleCors->handle()
#41 /media/flavio/3437-6262/Projetos/laravel_ecommerce/vendor/laravel/framework/src/Illuminate/Http/Middleware/TrustProxies.php(58): Illuminate\\Pipeline\\Pipeline->Illuminate\\Pipeline\\{closure}()
#42 /media/flavio/3437-6262/Projetos/laravel_ecommerce/vendor/laravel/framework/src/Illuminate/Pipeline/Pipeline.php(183): Illuminate\\Http\\Middleware\\TrustProxies->handle()
#43 /media/flavio/3437-6262/Projetos/laravel_ecommerce/vendor/laravel/framework/src/Illuminate/Foundation/Http/Middleware/InvokeDeferredCallbacks.php(22): Illuminate\\Pipeline\\Pipeline->Illuminate\\Pipeline\\{closure}()
#44 /media/flavio/3437-6262/Projetos/laravel_ecommerce/vendor/laravel/framework/src/Illuminate/Pipeline/Pipeline.php(183): Illuminate\\Foundation\\Http\\Middleware\\InvokeDeferredCallbacks->handle()
#45 /media/flavio/3437-6262/Projetos/laravel_ecommerce/vendor/laravel/framework/src/Illuminate/Pipeline/Pipeline.php(119): Illuminate\\Pipeline\\Pipeline->Illuminate\\Pipeline\\{closure}()
#46 /media/flavio/3437-6262/Projetos/laravel_ecommerce/vendor/laravel/framework/src/Illuminate/Foundation/Http/Kernel.php(176): Illuminate\\Pipeline\\Pipeline->then()
#47 /media/flavio/3437-6262/Projetos/laravel_ecommerce/vendor/laravel/framework/src/Illuminate/Foundation/Http/Kernel.php(145): Illuminate\\Foundation\\Http\\Kernel->sendRequestThroughRouter()
#48 /media/flavio/3437-6262/Projetos/laravel_ecommerce/vendor/laravel/framework/src/Illuminate/Foundation/Application.php(1190): Illuminate\\Foundation\\Http\\Kernel->handle()
#49 /media/flavio/3437-6262/Projetos/laravel_ecommerce/public/index.php(17): Illuminate\\Foundation\\Application->handleRequest()
#50 /media/flavio/3437-6262/Projetos/laravel_ecommerce/vendor/laravel/framework/src/Illuminate/Foundation/resources/server.php(23): require_once('...')
#51 {main}

[previous exception] [object] (PDOException(code: 1045): SQLSTATE[HY000] [1045] Access denied for user 'root'@'localhost' (using password: NO) at /media/flavio/3437-6262/Projetos/laravel_ecommerce/vendor/laravel/framework/src/Illuminate/Database/Connectors/Connector.php:66)
[stacktrace]
#0 /media/flavio/3437-6262/Projetos/laravel_ecommerce/vendor/laravel/framework/src/Illuminate/Database/Connectors/Connector.php(66): PDO->__construct()
#1 /media/flavio/3437-6262/Projetos/laravel_ecommerce/vendor/laravel/framework/src/Illuminate/Database/Connectors/Connector.php(44): Illuminate\\Database\\Connectors\\Connector->createPdoConnection()
#2 /media/flavio/3437-6262/Projetos/laravel_ecommerce/vendor/laravel/framework/src/Illuminate/Database/Connectors/MySqlConnector.php(24): Illuminate\\Database\\Connectors\\Connector->createConnection()
#3 /media/flavio/3437-6262/Projetos/laravel_ecommerce/vendor/laravel/framework/src/Illuminate/Database/Connectors/ConnectionFactory.php(185): Illuminate\\Database\\Connectors\\MySqlConnector->connect()
#4 [internal function]: Illuminate\\Database\\Connectors\\ConnectionFactory->Illuminate\\Database\\Connectors\\{closure}()
#5 /media/flavio/3437-6262/Projetos/laravel_ecommerce/vendor/laravel/framework/src/Illuminate/Database/Connection.php(1231): call_user_func()
#6 /media/flavio/3437-6262/Projetos/laravel_ecommerce/vendor/laravel/framework/src/Illuminate/Database/Connection.php(1267): Illuminate\\Database\\Connection->getPdo()
#7 /media/flavio/3437-6262/Projetos/laravel_ecommerce/vendor/laravel/framework/src/Illuminate/Database/Connection.php(512): Illuminate\\Database\\Connection->getReadPdo()
#8 /media/flavio/3437-6262/Projetos/laravel_ecommerce/vendor/laravel/framework/src/Illuminate/Database/Connection.php(407): Illuminate\\Database\\Connection->getPdoForSelect()
#9 /media/flavio/3437-6262/Projetos/laravel_ecommerce/vendor/laravel/framework/src/Illuminate/Database/Connection.php(812): Illuminate\\Database\\Connection->Illuminate\\Database\\{closure}()
#10 /media/flavio/3437-6262/Projetos/laravel_ecommerce/vendor/laravel/framework/src/Illuminate/Database/Connection.php(779): Illuminate\\Database\\Connection->runQueryCallback()
#11 /media/flavio/3437-6262/Projetos/laravel_ecommerce/vendor/laravel/framework/src/Illuminate/Database/Connection.php(398): Illuminate\\Database\\Connection->run()
#12 /media/flavio/3437-6262/Projetos/laravel_ecommerce/vendor/laravel/framework/src/Illuminate/Database/Query/Builder.php(3133): Illuminate\\Database\\Connection->select()
#13 /media/flavio/3437-6262/Projetos/laravel_ecommerce/vendor/laravel/framework/src/Illuminate/Database/Query/Builder.php(3118): Illuminate\\Database\\Query\\Builder->runSelect()
#14 /media/flavio/3437-6262/Projetos/laravel_ecommerce/vendor/laravel/framework/src/Illuminate/Database/Query/Builder.php(3706): Illuminate\\Database\\Query\\Builder->Illuminate\\Database\\Query\\{closure}()
#15 /media/flavio/3437-6262/Projetos/laravel_ecommerce/vendor/laravel/framework/src/Illuminate/Database/Query/Builder.php(3117): Illuminate\\Database\\Query\\Builder->onceWithColumns()
#16 /media/flavio/3437-6262/Projetos/laravel_ecommerce/vendor/laravel/framework/src/Illuminate/Database/Concerns/BuildsQueries.php(344): Illuminate\\Database\\Query\\Builder->get()
#17 /media/flavio/3437-6262/Projetos/laravel_ecommerce/vendor/laravel/framework/src/Illuminate/Database/Query/Builder.php(3038): Illuminate\\Database\\Query\\Builder->first()
#18 /media/flavio/3437-6262/Projetos/laravel_ecommerce/vendor/laravel/framework/src/Illuminate/Session/DatabaseSessionHandler.php(97): Illuminate\\Database\\Query\\Builder->find()
#19 /media/flavio/3437-6262/Projetos/laravel_ecommerce/vendor/laravel/framework/src/Illuminate/Session/Store.php(116): Illuminate\\Session\\DatabaseSessionHandler->read()
#20 /media/flavio/3437-6262/Projetos/laravel_ecommerce/vendor/laravel/framework/src/Illuminate/Session/Store.php(104): Illuminate\\Session\\Store->readFromHandler()
#21 /media/flavio/3437-6262/Projetos/laravel_ecommerce/vendor/laravel/framework/src/Illuminate/Session/Store.php(88): Illuminate\\Session\\Store->loadSession()
#22 /media/flavio/3437-6262/Projetos/laravel_ecommerce/vendor/laravel/framework/src/Illuminate/Session/Middleware/StartSession.php(147): Illuminate\\Session\\Store->start()
#23 /media/flavio/3437-6262/Projetos/laravel_ecommerce/vendor/laravel/framework/src/Illuminate/Support/helpers.php(399): Illuminate\\Session\\Middleware\\StartSession->Illuminate\\Session\\Middleware\\{closure}()
#24 /media/flavio/3437-6262/Projetos/laravel_ecommerce/vendor/laravel/framework/src/Illuminate/Session/Middleware/StartSession.php(144): tap()
#25 /media/flavio/3437-6262/Projetos/laravel_ecommerce/vendor/laravel/framework/src/Illuminate/Session/Middleware/StartSession.php(116): Illuminate\\Session\\Middleware\\StartSession->startSession()
#26 /media/flavio/3437-6262/Projetos/laravel_ecommerce/vendor/laravel/framework/src/Illuminate/Session/Middleware/StartSession.php(64): Illuminate\\Session\\Middleware\\StartSession->handleStatefulRequest()
#27 /media/flavio/3437-6262/Projetos/laravel_ecommerce/vendor/laravel/framework/src/Illuminate/Pipeline/Pipeline.php(183): Illuminate\\Session\\Middleware\\StartSession->handle()
#28 /media/flavio/3437-6262/Projetos/laravel_ecommerce/vendor/laravel/framework/src/Illuminate/Cookie/Middleware/AddQueuedCookiesToResponse.php(37): Illuminate\\Pipeline\\Pipeline->Illuminate\\Pipeline\\{closure}()
#29 /media/flavio/3437-6262/Projetos/laravel_ecommerce/vendor/laravel/framework/src/Illuminate/Pipeline/Pipeline.php(183): Illuminate\\Cookie\\Middleware\\AddQueuedCookiesToResponse->handle()
#30 /media/flavio/3437-6262/Projetos/laravel_ecommerce/vendor/laravel/framework/src/Illuminate/Cookie/Middleware/EncryptCookies.php(75): Illuminate\\Pipeline\\Pipeline->Illuminate\\Pipeline\\{closure}()
#31 /media/flavio/3437-6262/Projetos/laravel_ecommerce/vendor/laravel/framework/src/Illuminate/Pipeline/Pipeline.php(183): Illuminate\\Cookie\\Middleware\\EncryptCookies->handle()
#32 /media/flavio/3437-6262/Projetos/laravel_ecommerce/vendor/laravel/framework/src/Illuminate/Pipeline/Pipeline.php(119): Illuminate\\Pipeline\\Pipeline->Illuminate\\Pipeline\\{closure}()
#33 /media/flavio/3437-6262/Projetos/laravel_ecommerce/vendor/laravel/framework/src/Illuminate/Routing/Router.php(807): Illuminate\\Pipeline\\Pipeline->then()
#34 /media/flavio/3437-6262/Projetos/laravel_ecommerce/vendor/laravel/framework/src/Illuminate/Routing/Router.php(786): Illuminate\\Routing\\Router->runRouteWithinStack()
#35 /media/flavio/3437-6262/Projetos/laravel_ecommerce/vendor/laravel/framework/src/Illuminate/Routing/Router.php(750): Illuminate\\Routing\\Router->runRoute()
#36 /media/flavio/3437-6262/Projetos/laravel_ecommerce/vendor/laravel/framework/src/Illuminate/Routing/Router.php(739): Illuminate\\Routing\\Router->dispatchToRoute()
#37 /media/flavio/3437-6262/Projetos/laravel_ecommerce/vendor/laravel/framework/src/Illuminate/Foundation/Http/Kernel.php(201): Illuminate\\Routing\\Router->dispatch()
#38 /media/flavio/3437-6262/Projetos/laravel_ecommerce/vendor/laravel/framework/src/Illuminate/Pipeline/Pipeline.php(144): Illuminate\\Foundation\\Http\\Kernel->Illuminate\\Foundation\\Http\\{closure}()
#39 /media/flavio/3437-6262/Projetos/laravel_ecommerce/vendor/laravel/framework/src/Illuminate/Foundation/Http/Middleware/TransformsRequest.php(21): Illuminate\\Pipeline\\Pipeline->Illuminate\\Pipeline\\{closure}()
#40 /media/flavio/3437-6262/Projetos/laravel_ecommerce/vendor/laravel/framework/src/Illuminate/Foundation/Http/Middleware/ConvertEmptyStringsToNull.php(31): Illuminate\\Foundation\\Http\\Middleware\\TransformsRequest->handle()
#41 /media/flavio/3437-6262/Projetos/laravel_ecommerce/vendor/laravel/framework/src/Illuminate/Pipeline/Pipeline.php(183): Illuminate\\Foundation\\Http\\Middleware\\ConvertEmptyStringsToNull->handle()
#42 /media/flavio/3437-6262/Projetos/laravel_ecommerce/vendor/laravel/framework/src/Illuminate/Foundation/Http/Middleware/TransformsRequest.php(21): Illuminate\\Pipeline\\Pipeline->Illuminate\\Pipeline\\{closure}()
#43 /media/flavio/3437-6262/Projetos/laravel_ecommerce/vendor/laravel/framework/src/Illuminate/Foundation/Http/Middleware/TrimStrings.php(51): Illuminate\\Foundation\\Http\\Middleware\\TransformsRequest->handle()
#44 /media/flavio/3437-6262/Projetos/laravel_ecommerce/vendor/laravel/framework/src/Illuminate/Pipeline/Pipeline.php(183): Illuminate\\Foundation\\Http\\Middleware\\TrimStrings->handle()
#45 /media/flavio/3437-6262/Projetos/laravel_ecommerce/vendor/laravel/framework/src/Illuminate/Http/Middleware/ValidatePostSize.php(27): Illuminate\\Pipeline\\Pipeline->Illuminate\\Pipeline\\{closure}()
#46 /media/flavio/3437-6262/Projetos/laravel_ecommerce/vendor/laravel/framework/src/Illuminate/Pipeline/Pipeline.php(183): Illuminate\\Http\\Middleware\\ValidatePostSize->handle()
#47 /media/flavio/3437-6262/Projetos/laravel_ecommerce/vendor/laravel/framework/src/Illuminate/Foundation/Http/Middleware/PreventRequestsDuringMaintenance.php(110): Illuminate\\Pipeline\\Pipeline->Illuminate\\Pipeline\\{closure}()
#48 /media/flavio/3437-6262/Projetos/laravel_ecommerce/vendor/laravel/framework/src/Illuminate/Pipeline/Pipeline.php(183): Illuminate\\Foundation\\Http\\Middleware\\PreventRequestsDuringMaintenance->handle()
#49 /media/flavio/3437-6262/Projetos/laravel_ecommerce/vendor/laravel/framework/src/Illuminate/Http/Middleware/HandleCors.php(49): Illuminate\\Pipeline\\Pipeline->Illuminate\\Pipeline\\{closure}()
#50 /media/flavio/3437-6262/Projetos/laravel_ecommerce/vendor/laravel/framework/src/Illuminate/Pipeline/Pipeline.php(183): Illuminate\\Http\\Middleware\\HandleCors->handle()
#51 /media/flavio/3437-6262/Projetos/laravel_ecommerce/vendor/laravel/framework/src/Illuminate/Http/Middleware/TrustProxies.php(58): Illuminate\\Pipeline\\Pipeline->Illuminate\\Pipeline\\{closure}()
#52 /media/flavio/3437-6262/Projetos/laravel_ecommerce/vendor/laravel/framework/src/Illuminate/Pipeline/Pipeline.php(183): Illuminate\\Http\\Middleware\\TrustProxies->handle()
#53 /media/flavio/3437-6262/Projetos/laravel_ecommerce/vendor/laravel/framework/src/Illuminate/Foundation/Http/Middleware/InvokeDeferredCallbacks.php(22): Illuminate\\Pipeline\\Pipeline->Illuminate\\Pipeline\\{closure}()
#54 /media/flavio/3437-6262/Projetos/laravel_ecommerce/vendor/laravel/framework/src/Illuminate/Pipeline/Pipeline.php(183): Illuminate\\Foundation\\Http\\Middleware\\InvokeDeferredCallbacks->handle()
#55 /media/flavio/3437-6262/Projetos/laravel_ecommerce/vendor/laravel/framework/src/Illuminate/Pipeline/Pipeline.php(119): Illuminate\\Pipeline\\Pipeline->Illuminate\\Pipeline\\{closure}()
#56 /media/flavio/3437-6262/Projetos/laravel_ecommerce/vendor/laravel/framework/src/Illuminate/Foundation/Http/Kernel.php(176): Illuminate\\Pipeline\\Pipeline->then()
#57 /media/flavio/3437-6262/Projetos/laravel_ecommerce/vendor/laravel/framework/src/Illuminate/Foundation/Http/Kernel.php(145): Illuminate\\Foundation\\Http\\Kernel->sendRequestThroughRouter()
#58 /media/flavio/3437-6262/Projetos/laravel_ecommerce/vendor/laravel/framework/src/Illuminate/Foundation/Application.php(1190): Illuminate\\Foundation\\Http\\Kernel->handle()
#59 /media/flavio/3437-6262/Projetos/laravel_ecommerce/public/index.php(17): Illuminate\\Foundation\\Application->handleRequest()
#60 /media/flavio/3437-6262/Projetos/laravel_ecommerce/vendor/laravel/framework/src/Illuminate/Foundation/resources/server.php(23): require_once('...')
#61 {main}
"} 
[2025-01-09 23:51:33] local.ERROR: SQLSTATE[HY000] [1045] Access denied for user 'root'@'localhost' (using password: YES) (Connection: mysql, SQL: select * from `sessions` where `id` = x0Q1RCxYgtVtHtb0YseQyhLE4biNFRV1CW0wpC4u limit 1) {"exception":"[object] (Illuminate\\Database\\QueryException(code: 1045): SQLSTATE[HY000] [1045] Access denied for user 'root'@'localhost' (using password: YES) (Connection: mysql, SQL: select * from `sessions` where `id` = x0Q1RCxYgtVtHtb0YseQyhLE4biNFRV1CW0wpC4u limit 1) at /media/flavio/3437-6262/Projetos/laravel_ecommerce/vendor/laravel/framework/src/Illuminate/Database/Connection.php:825)
[stacktrace]
#0 /media/flavio/3437-6262/Projetos/laravel_ecommerce/vendor/laravel/framework/src/Illuminate/Database/Connection.php(779): Illuminate\\Database\\Connection->runQueryCallback()
#1 /media/flavio/3437-6262/Projetos/laravel_ecommerce/vendor/laravel/framework/src/Illuminate/Database/Connection.php(398): Illuminate\\Database\\Connection->run()
#2 /media/flavio/3437-6262/Projetos/laravel_ecommerce/vendor/laravel/framework/src/Illuminate/Database/Query/Builder.php(3133): Illuminate\\Database\\Connection->select()
#3 /media/flavio/3437-6262/Projetos/laravel_ecommerce/vendor/laravel/framework/src/Illuminate/Database/Query/Builder.php(3118): Illuminate\\Database\\Query\\Builder->runSelect()
#4 /media/flavio/3437-6262/Projetos/laravel_ecommerce/vendor/laravel/framework/src/Illuminate/Database/Query/Builder.php(3706): Illuminate\\Database\\Query\\Builder->Illuminate\\Database\\Query\\{closure}()
#5 /media/flavio/3437-6262/Projetos/laravel_ecommerce/vendor/laravel/framework/src/Illuminate/Database/Query/Builder.php(3117): Illuminate\\Database\\Query\\Builder->onceWithColumns()
#6 /media/flavio/3437-6262/Projetos/laravel_ecommerce/vendor/laravel/framework/src/Illuminate/Database/Concerns/BuildsQueries.php(344): Illuminate\\Database\\Query\\Builder->get()
#7 /media/flavio/3437-6262/Projetos/laravel_ecommerce/vendor/laravel/framework/src/Illuminate/Database/Query/Builder.php(3038): Illuminate\\Database\\Query\\Builder->first()
#8 /media/flavio/3437-6262/Projetos/laravel_ecommerce/vendor/laravel/framework/src/Illuminate/Session/DatabaseSessionHandler.php(97): Illuminate\\Database\\Query\\Builder->find()
#9 /media/flavio/3437-6262/Projetos/laravel_ecommerce/vendor/laravel/framework/src/Illuminate/Session/Store.php(116): Illuminate\\Session\\DatabaseSessionHandler->read()
#10 /media/flavio/3437-6262/Projetos/laravel_ecommerce/vendor/laravel/framework/src/Illuminate/Session/Store.php(104): Illuminate\\Session\\Store->readFromHandler()
#11 /media/flavio/3437-6262/Projetos/laravel_ecommerce/vendor/laravel/framework/src/Illuminate/Session/Store.php(88): Illuminate\\Session\\Store->loadSession()
#12 /media/flavio/3437-6262/Projetos/laravel_ecommerce/vendor/laravel/framework/src/Illuminate/Session/Middleware/StartSession.php(147): Illuminate\\Session\\Store->start()
#13 /media/flavio/3437-6262/Projetos/laravel_ecommerce/vendor/laravel/framework/src/Illuminate/Support/helpers.php(399): Illuminate\\Session\\Middleware\\StartSession->Illuminate\\Session\\Middleware\\{closure}()
#14 /media/flavio/3437-6262/Projetos/laravel_ecommerce/vendor/laravel/framework/src/Illuminate/Session/Middleware/StartSession.php(144): tap()
#15 /media/flavio/3437-6262/Projetos/laravel_ecommerce/vendor/laravel/framework/src/Illuminate/Session/Middleware/StartSession.php(116): Illuminate\\Session\\Middleware\\StartSession->startSession()
#16 /media/flavio/3437-6262/Projetos/laravel_ecommerce/vendor/laravel/framework/src/Illuminate/Session/Middleware/StartSession.php(64): Illuminate\\Session\\Middleware\\StartSession->handleStatefulRequest()
#17 /media/flavio/3437-6262/Projetos/laravel_ecommerce/vendor/laravel/framework/src/Illuminate/Pipeline/Pipeline.php(183): Illuminate\\Session\\Middleware\\StartSession->handle()
#18 /media/flavio/3437-6262/Projetos/laravel_ecommerce/vendor/laravel/framework/src/Illuminate/Cookie/Middleware/AddQueuedCookiesToResponse.php(37): Illuminate\\Pipeline\\Pipeline->Illuminate\\Pipeline\\{closure}()
#19 /media/flavio/3437-6262/Projetos/laravel_ecommerce/vendor/laravel/framework/src/Illuminate/Pipeline/Pipeline.php(183): Illuminate\\Cookie\\Middleware\\AddQueuedCookiesToResponse->handle()
#20 /media/flavio/3437-6262/Projetos/laravel_ecommerce/vendor/laravel/framework/src/Illuminate/Cookie/Middleware/EncryptCookies.php(75): Illuminate\\Pipeline\\Pipeline->Illuminate\\Pipeline\\{closure}()
#21 /media/flavio/3437-6262/Projetos/laravel_ecommerce/vendor/laravel/framework/src/Illuminate/Pipeline/Pipeline.php(183): Illuminate\\Cookie\\Middleware\\EncryptCookies->handle()
#22 /media/flavio/3437-6262/Projetos/laravel_ecommerce/vendor/laravel/framework/src/Illuminate/Pipeline/Pipeline.php(119): Illuminate\\Pipeline\\Pipeline->Illuminate\\Pipeline\\{closure}()
#23 /media/flavio/3437-6262/Projetos/laravel_ecommerce/vendor/laravel/framework/src/Illuminate/Routing/Router.php(807): Illuminate\\Pipeline\\Pipeline->then()
#24 /media/flavio/3437-6262/Projetos/laravel_ecommerce/vendor/laravel/framework/src/Illuminate/Routing/Router.php(786): Illuminate\\Routing\\Router->runRouteWithinStack()
#25 /media/flavio/3437-6262/Projetos/laravel_ecommerce/vendor/laravel/framework/src/Illuminate/Routing/Router.php(750): Illuminate\\Routing\\Router->runRoute()
#26 /media/flavio/3437-6262/Projetos/laravel_ecommerce/vendor/laravel/framework/src/Illuminate/Routing/Router.php(739): Illuminate\\Routing\\Router->dispatchToRoute()
#27 /media/flavio/3437-6262/Projetos/laravel_ecommerce/vendor/laravel/framework/src/Illuminate/Foundation/Http/Kernel.php(201): Illuminate\\Routing\\Router->dispatch()
#28 /media/flavio/3437-6262/Projetos/laravel_ecommerce/vendor/laravel/framework/src/Illuminate/Pipeline/Pipeline.php(144): Illuminate\\Foundation\\Http\\Kernel->Illuminate\\Foundation\\Http\\{closure}()
#29 /media/flavio/3437-6262/Projetos/laravel_ecommerce/vendor/laravel/framework/src/Illuminate/Foundation/Http/Middleware/TransformsRequest.php(21): Illuminate\\Pipeline\\Pipeline->Illuminate\\Pipeline\\{closure}()
#30 /media/flavio/3437-6262/Projetos/laravel_ecommerce/vendor/laravel/framework/src/Illuminate/Foundation/Http/Middleware/ConvertEmptyStringsToNull.php(31): Illuminate\\Foundation\\Http\\Middleware\\TransformsRequest->handle()
#31 /media/flavio/3437-6262/Projetos/laravel_ecommerce/vendor/laravel/framework/src/Illuminate/Pipeline/Pipeline.php(183): Illuminate\\Foundation\\Http\\Middleware\\ConvertEmptyStringsToNull->handle()
#32 /media/flavio/3437-6262/Projetos/laravel_ecommerce/vendor/laravel/framework/src/Illuminate/Foundation/Http/Middleware/TransformsRequest.php(21): Illuminate\\Pipeline\\Pipeline->Illuminate\\Pipeline\\{closure}()
#33 /media/flavio/3437-6262/Projetos/laravel_ecommerce/vendor/laravel/framework/src/Illuminate/Foundation/Http/Middleware/TrimStrings.php(51): Illuminate\\Foundation\\Http\\Middleware\\TransformsRequest->handle()
#34 /media/flavio/3437-6262/Projetos/laravel_ecommerce/vendor/laravel/framework/src/Illuminate/Pipeline/Pipeline.php(183): Illuminate\\Foundation\\Http\\Middleware\\TrimStrings->handle()
#35 /media/flavio/3437-6262/Projetos/laravel_ecommerce/vendor/laravel/framework/src/Illuminate/Http/Middleware/ValidatePostSize.php(27): Illuminate\\Pipeline\\Pipeline->Illuminate\\Pipeline\\{closure}()
#36 /media/flavio/3437-6262/Projetos/laravel_ecommerce/vendor/laravel/framework/src/Illuminate/Pipeline/Pipeline.php(183): Illuminate\\Http\\Middleware\\ValidatePostSize->handle()
#37 /media/flavio/3437-6262/Projetos/laravel_ecommerce/vendor/laravel/framework/src/Illuminate/Foundation/Http/Middleware/PreventRequestsDuringMaintenance.php(110): Illuminate\\Pipeline\\Pipeline->Illuminate\\Pipeline\\{closure}()
#38 /media/flavio/3437-6262/Projetos/laravel_ecommerce/vendor/laravel/framework/src/Illuminate/Pipeline/Pipeline.php(183): Illuminate\\Foundation\\Http\\Middleware\\PreventRequestsDuringMaintenance->handle()
#39 /media/flavio/3437-6262/Projetos/laravel_ecommerce/vendor/laravel/framework/src/Illuminate/Http/Middleware/HandleCors.php(49): Illuminate\\Pipeline\\Pipeline->Illuminate\\Pipeline\\{closure}()
#40 /media/flavio/3437-6262/Projetos/laravel_ecommerce/vendor/laravel/framework/src/Illuminate/Pipeline/Pipeline.php(183): Illuminate\\Http\\Middleware\\HandleCors->handle()
#41 /media/flavio/3437-6262/Projetos/laravel_ecommerce/vendor/laravel/framework/src/Illuminate/Http/Middleware/TrustProxies.php(58): Illuminate\\Pipeline\\Pipeline->Illuminate\\Pipeline\\{closure}()
#42 /media/flavio/3437-6262/Projetos/laravel_ecommerce/vendor/laravel/framework/src/Illuminate/Pipeline/Pipeline.php(183): Illuminate\\Http\\Middleware\\TrustProxies->handle()
#43 /media/flavio/3437-6262/Projetos/laravel_ecommerce/vendor/laravel/framework/src/Illuminate/Foundation/Http/Middleware/InvokeDeferredCallbacks.php(22): Illuminate\\Pipeline\\Pipeline->Illuminate\\Pipeline\\{closure}()
#44 /media/flavio/3437-6262/Projetos/laravel_ecommerce/vendor/laravel/framework/src/Illuminate/Pipeline/Pipeline.php(183): Illuminate\\Foundation\\Http\\Middleware\\InvokeDeferredCallbacks->handle()
#45 /media/flavio/3437-6262/Projetos/laravel_ecommerce/vendor/laravel/framework/src/Illuminate/Pipeline/Pipeline.php(119): Illuminate\\Pipeline\\Pipeline->Illuminate\\Pipeline\\{closure}()
#46 /media/flavio/3437-6262/Projetos/laravel_ecommerce/vendor/laravel/framework/src/Illuminate/Foundation/Http/Kernel.php(176): Illuminate\\Pipeline\\Pipeline->then()
#47 /media/flavio/3437-6262/Projetos/laravel_ecommerce/vendor/laravel/framework/src/Illuminate/Foundation/Http/Kernel.php(145): Illuminate\\Foundation\\Http\\Kernel->sendRequestThroughRouter()
#48 /media/flavio/3437-6262/Projetos/laravel_ecommerce/vendor/laravel/framework/src/Illuminate/Foundation/Application.php(1190): Illuminate\\Foundation\\Http\\Kernel->handle()
#49 /media/flavio/3437-6262/Projetos/laravel_ecommerce/public/index.php(17): Illuminate\\Foundation\\Application->handleRequest()
#50 /media/flavio/3437-6262/Projetos/laravel_ecommerce/vendor/laravel/framework/src/Illuminate/Foundation/resources/server.php(23): require_once('...')
#51 {main}

[previous exception] [object] (PDOException(code: 1045): SQLSTATE[HY000] [1045] Access denied for user 'root'@'localhost' (using password: YES) at /media/flavio/3437-6262/Projetos/laravel_ecommerce/vendor/laravel/framework/src/Illuminate/Database/Connectors/Connector.php:66)
[stacktrace]
#0 /media/flavio/3437-6262/Projetos/laravel_ecommerce/vendor/laravel/framework/src/Illuminate/Database/Connectors/Connector.php(66): PDO->__construct()
#1 /media/flavio/3437-6262/Projetos/laravel_ecommerce/vendor/laravel/framework/src/Illuminate/Database/Connectors/Connector.php(44): Illuminate\\Database\\Connectors\\Connector->createPdoConnection()
#2 /media/flavio/3437-6262/Projetos/laravel_ecommerce/vendor/laravel/framework/src/Illuminate/Database/Connectors/MySqlConnector.php(24): Illuminate\\Database\\Connectors\\Connector->createConnection()
#3 /media/flavio/3437-6262/Projetos/laravel_ecommerce/vendor/laravel/framework/src/Illuminate/Database/Connectors/ConnectionFactory.php(185): Illuminate\\Database\\Connectors\\MySqlConnector->connect()
#4 [internal function]: Illuminate\\Database\\Connectors\\ConnectionFactory->Illuminate\\Database\\Connectors\\{closure}()
#5 /media/flavio/3437-6262/Projetos/laravel_ecommerce/vendor/laravel/framework/src/Illuminate/Database/Connection.php(1231): call_user_func()
#6 /media/flavio/3437-6262/Projetos/laravel_ecommerce/vendor/laravel/framework/src/Illuminate/Database/Connection.php(1267): Illuminate\\Database\\Connection->getPdo()
#7 /media/flavio/3437-6262/Projetos/laravel_ecommerce/vendor/laravel/framework/src/Illuminate/Database/Connection.php(512): Illuminate\\Database\\Connection->getReadPdo()
#8 /media/flavio/3437-6262/Projetos/laravel_ecommerce/vendor/laravel/framework/src/Illuminate/Database/Connection.php(407): Illuminate\\Database\\Connection->getPdoForSelect()
#9 /media/flavio/3437-6262/Projetos/laravel_ecommerce/vendor/laravel/framework/src/Illuminate/Database/Connection.php(812): Illuminate\\Database\\Connection->Illuminate\\Database\\{closure}()
#10 /media/flavio/3437-6262/Projetos/laravel_ecommerce/vendor/laravel/framework/src/Illuminate/Database/Connection.php(779): Illuminate\\Database\\Connection->runQueryCallback()
#11 /media/flavio/3437-6262/Projetos/laravel_ecommerce/vendor/laravel/framework/src/Illuminate/Database/Connection.php(398): Illuminate\\Database\\Connection->run()
#12 /media/flavio/3437-6262/Projetos/laravel_ecommerce/vendor/laravel/framework/src/Illuminate/Database/Query/Builder.php(3133): Illuminate\\Database\\Connection->select()
#13 /media/flavio/3437-6262/Projetos/laravel_ecommerce/vendor/laravel/framework/src/Illuminate/Database/Query/Builder.php(3118): Illuminate\\Database\\Query\\Builder->runSelect()
#14 /media/flavio/3437-6262/Projetos/laravel_ecommerce/vendor/laravel/framework/src/Illuminate/Database/Query/Builder.php(3706): Illuminate\\Database\\Query\\Builder->Illuminate\\Database\\Query\\{closure}()
#15 /media/flavio/3437-6262/Projetos/laravel_ecommerce/vendor/laravel/framework/src/Illuminate/Database/Query/Builder.php(3117): Illuminate\\Database\\Query\\Builder->onceWithColumns()
#16 /media/flavio/3437-6262/Projetos/laravel_ecommerce/vendor/laravel/framework/src/Illuminate/Database/Concerns/BuildsQueries.php(344): Illuminate\\Database\\Query\\Builder->get()
#17 /media/flavio/3437-6262/Projetos/laravel_ecommerce/vendor/laravel/framework/src/Illuminate/Database/Query/Builder.php(3038): Illuminate\\Database\\Query\\Builder->first()
#18 /media/flavio/3437-6262/Projetos/laravel_ecommerce/vendor/laravel/framework/src/Illuminate/Session/DatabaseSessionHandler.php(97): Illuminate\\Database\\Query\\Builder->find()
#19 /media/flavio/3437-6262/Projetos/laravel_ecommerce/vendor/laravel/framework/src/Illuminate/Session/Store.php(116): Illuminate\\Session\\DatabaseSessionHandler->read()
#20 /media/flavio/3437-6262/Projetos/laravel_ecommerce/vendor/laravel/framework/src/Illuminate/Session/Store.php(104): Illuminate\\Session\\Store->readFromHandler()
#21 /media/flavio/3437-6262/Projetos/laravel_ecommerce/vendor/laravel/framework/src/Illuminate/Session/Store.php(88): Illuminate\\Session\\Store->loadSession()
#22 /media/flavio/3437-6262/Projetos/laravel_ecommerce/vendor/laravel/framework/src/Illuminate/Session/Middleware/StartSession.php(147): Illuminate\\Session\\Store->start()
#23 /media/flavio/3437-6262/Projetos/laravel_ecommerce/vendor/laravel/framework/src/Illuminate/Support/helpers.php(399): Illuminate\\Session\\Middleware\\StartSession->Illuminate\\Session\\Middleware\\{closure}()
#24 /media/flavio/3437-6262/Projetos/laravel_ecommerce/vendor/laravel/framework/src/Illuminate/Session/Middleware/StartSession.php(144): tap()
#25 /media/flavio/3437-6262/Projetos/laravel_ecommerce/vendor/laravel/framework/src/Illuminate/Session/Middleware/StartSession.php(116): Illuminate\\Session\\Middleware\\StartSession->startSession()
#26 /media/flavio/3437-6262/Projetos/laravel_ecommerce/vendor/laravel/framework/src/Illuminate/Session/Middleware/StartSession.php(64): Illuminate\\Session\\Middleware\\StartSession->handleStatefulRequest()
#27 /media/flavio/3437-6262/Projetos/laravel_ecommerce/vendor/laravel/framework/src/Illuminate/Pipeline/Pipeline.php(183): Illuminate\\Session\\Middleware\\StartSession->handle()
#28 /media/flavio/3437-6262/Projetos/laravel_ecommerce/vendor/laravel/framework/src/Illuminate/Cookie/Middleware/AddQueuedCookiesToResponse.php(37): Illuminate\\Pipeline\\Pipeline->Illuminate\\Pipeline\\{closure}()
#29 /media/flavio/3437-6262/Projetos/laravel_ecommerce/vendor/laravel/framework/src/Illuminate/Pipeline/Pipeline.php(183): Illuminate\\Cookie\\Middleware\\AddQueuedCookiesToResponse->handle()
#30 /media/flavio/3437-6262/Projetos/laravel_ecommerce/vendor/laravel/framework/src/Illuminate/Cookie/Middleware/EncryptCookies.php(75): Illuminate\\Pipeline\\Pipeline->Illuminate\\Pipeline\\{closure}()
#31 /media/flavio/3437-6262/Projetos/laravel_ecommerce/vendor/laravel/framework/src/Illuminate/Pipeline/Pipeline.php(183): Illuminate\\Cookie\\Middleware\\EncryptCookies->handle()
#32 /media/flavio/3437-6262/Projetos/laravel_ecommerce/vendor/laravel/framework/src/Illuminate/Pipeline/Pipeline.php(119): Illuminate\\Pipeline\\Pipeline->Illuminate\\Pipeline\\{closure}()
#33 /media/flavio/3437-6262/Projetos/laravel_ecommerce/vendor/laravel/framework/src/Illuminate/Routing/Router.php(807): Illuminate\\Pipeline\\Pipeline->then()
#34 /media/flavio/3437-6262/Projetos/laravel_ecommerce/vendor/laravel/framework/src/Illuminate/Routing/Router.php(786): Illuminate\\Routing\\Router->runRouteWithinStack()
#35 /media/flavio/3437-6262/Projetos/laravel_ecommerce/vendor/laravel/framework/src/Illuminate/Routing/Router.php(750): Illuminate\\Routing\\Router->runRoute()
#36 /media/flavio/3437-6262/Projetos/laravel_ecommerce/vendor/laravel/framework/src/Illuminate/Routing/Router.php(739): Illuminate\\Routing\\Router->dispatchToRoute()
#37 /media/flavio/3437-6262/Projetos/laravel_ecommerce/vendor/laravel/framework/src/Illuminate/Foundation/Http/Kernel.php(201): Illuminate\\Routing\\Router->dispatch()
#38 /media/flavio/3437-6262/Projetos/laravel_ecommerce/vendor/laravel/framework/src/Illuminate/Pipeline/Pipeline.php(144): Illuminate\\Foundation\\Http\\Kernel->Illuminate\\Foundation\\Http\\{closure}()
#39 /media/flavio/3437-6262/Projetos/laravel_ecommerce/vendor/laravel/framework/src/Illuminate/Foundation/Http/Middleware/TransformsRequest.php(21): Illuminate\\Pipeline\\Pipeline->Illuminate\\Pipeline\\{closure}()
#40 /media/flavio/3437-6262/Projetos/laravel_ecommerce/vendor/laravel/framework/src/Illuminate/Foundation/Http/Middleware/ConvertEmptyStringsToNull.php(31): Illuminate\\Foundation\\Http\\Middleware\\TransformsRequest->handle()
#41 /media/flavio/3437-6262/Projetos/laravel_ecommerce/vendor/laravel/framework/src/Illuminate/Pipeline/Pipeline.php(183): Illuminate\\Foundation\\Http\\Middleware\\ConvertEmptyStringsToNull->handle()
#42 /media/flavio/3437-6262/Projetos/laravel_ecommerce/vendor/laravel/framework/src/Illuminate/Foundation/Http/Middleware/TransformsRequest.php(21): Illuminate\\Pipeline\\Pipeline->Illuminate\\Pipeline\\{closure}()
#43 /media/flavio/3437-6262/Projetos/laravel_ecommerce/vendor/laravel/framework/src/Illuminate/Foundation/Http/Middleware/TrimStrings.php(51): Illuminate\\Foundation\\Http\\Middleware\\TransformsRequest->handle()
#44 /media/flavio/3437-6262/Projetos/laravel_ecommerce/vendor/laravel/framework/src/Illuminate/Pipeline/Pipeline.php(183): Illuminate\\Foundation\\Http\\Middleware\\TrimStrings->handle()
#45 /media/flavio/3437-6262/Projetos/laravel_ecommerce/vendor/laravel/framework/src/Illuminate/Http/Middleware/ValidatePostSize.php(27): Illuminate\\Pipeline\\Pipeline->Illuminate\\Pipeline\\{closure}()
#46 /media/flavio/3437-6262/Projetos/laravel_ecommerce/vendor/laravel/framework/src/Illuminate/Pipeline/Pipeline.php(183): Illuminate\\Http\\Middleware\\ValidatePostSize->handle()
#47 /media/flavio/3437-6262/Projetos/laravel_ecommerce/vendor/laravel/framework/src/Illuminate/Foundation/Http/Middleware/PreventRequestsDuringMaintenance.php(110): Illuminate\\Pipeline\\Pipeline->Illuminate\\Pipeline\\{closure}()
#48 /media/flavio/3437-6262/Projetos/laravel_ecommerce/vendor/laravel/framework/src/Illuminate/Pipeline/Pipeline.php(183): Illuminate\\Foundation\\Http\\Middleware\\PreventRequestsDuringMaintenance->handle()
#49 /media/flavio/3437-6262/Projetos/laravel_ecommerce/vendor/laravel/framework/src/Illuminate/Http/Middleware/HandleCors.php(49): Illuminate\\Pipeline\\Pipeline->Illuminate\\Pipeline\\{closure}()
#50 /media/flavio/3437-6262/Projetos/laravel_ecommerce/vendor/laravel/framework/src/Illuminate/Pipeline/Pipeline.php(183): Illuminate\\Http\\Middleware\\HandleCors->handle()
#51 /media/flavio/3437-6262/Projetos/laravel_ecommerce/vendor/laravel/framework/src/Illuminate/Http/Middleware/TrustProxies.php(58): Illuminate\\Pipeline\\Pipeline->Illuminate\\Pipeline\\{closure}()
#52 /media/flavio/3437-6262/Projetos/laravel_ecommerce/vendor/laravel/framework/src/Illuminate/Pipeline/Pipeline.php(183): Illuminate\\Http\\Middleware\\TrustProxies->handle()
#53 /media/flavio/3437-6262/Projetos/laravel_ecommerce/vendor/laravel/framework/src/Illuminate/Foundation/Http/Middleware/InvokeDeferredCallbacks.php(22): Illuminate\\Pipeline\\Pipeline->Illuminate\\Pipeline\\{closure}()
#54 /media/flavio/3437-6262/Projetos/laravel_ecommerce/vendor/laravel/framework/src/Illuminate/Pipeline/Pipeline.php(183): Illuminate\\Foundation\\Http\\Middleware\\InvokeDeferredCallbacks->handle()
#55 /media/flavio/3437-6262/Projetos/laravel_ecommerce/vendor/laravel/framework/src/Illuminate/Pipeline/Pipeline.php(119): Illuminate\\Pipeline\\Pipeline->Illuminate\\Pipeline\\{closure}()
#56 /media/flavio/3437-6262/Projetos/laravel_ecommerce/vendor/laravel/framework/src/Illuminate/Foundation/Http/Kernel.php(176): Illuminate\\Pipeline\\Pipeline->then()
#57 /media/flavio/3437-6262/Projetos/laravel_ecommerce/vendor/laravel/framework/src/Illuminate/Foundation/Http/Kernel.php(145): Illuminate\\Foundation\\Http\\Kernel->sendRequestThroughRouter()
#58 /media/flavio/3437-6262/Projetos/laravel_ecommerce/vendor/laravel/framework/src/Illuminate/Foundation/Application.php(1190): Illuminate\\Foundation\\Http\\Kernel->handle()
#59 /media/flavio/3437-6262/Projetos/laravel_ecommerce/public/index.php(17): Illuminate\\Foundation\\Application->handleRequest()
#60 /media/flavio/3437-6262/Projetos/laravel_ecommerce/vendor/laravel/framework/src/Illuminate/Foundation/resources/server.php(23): require_once('...')
#61 {main}
"} 
[2025-01-09 23:57:57] local.ERROR: Class "App\User" not found {"exception":"[object] (Error(code: 0): Class \"App\\User\" not found at /media/flavio/3437-6262/Projetos/laravel_ecommerce/app/Http/Controllers/Admin/StoreController.php:31)
[stacktrace]
#0 /media/flavio/3437-6262/Projetos/laravel_ecommerce/vendor/laravel/framework/src/Illuminate/Routing/ControllerDispatcher.php(47): App\\Http\\Controllers\\Admin\\StoreController->store()
#1 /media/flavio/3437-6262/Projetos/laravel_ecommerce/vendor/laravel/framework/src/Illuminate/Routing/Route.php(266): Illuminate\\Routing\\ControllerDispatcher->dispatch()
#2 /media/flavio/3437-6262/Projetos/laravel_ecommerce/vendor/laravel/framework/src/Illuminate/Routing/Route.php(212): Illuminate\\Routing\\Route->runController()
#3 /media/flavio/3437-6262/Projetos/laravel_ecommerce/vendor/laravel/framework/src/Illuminate/Routing/Router.php(808): Illuminate\\Routing\\Route->run()
#4 /media/flavio/3437-6262/Projetos/laravel_ecommerce/vendor/laravel/framework/src/Illuminate/Pipeline/Pipeline.php(144): Illuminate\\Routing\\Router->Illuminate\\Routing\\{closure}()
#5 /media/flavio/3437-6262/Projetos/laravel_ecommerce/vendor/laravel/framework/src/Illuminate/Routing/Middleware/SubstituteBindings.php(51): Illuminate\\Pipeline\\Pipeline->Illuminate\\Pipeline\\{closure}()
#6 /media/flavio/3437-6262/Projetos/laravel_ecommerce/vendor/laravel/framework/src/Illuminate/Pipeline/Pipeline.php(183): Illuminate\\Routing\\Middleware\\SubstituteBindings->handle()
#7 /media/flavio/3437-6262/Projetos/laravel_ecommerce/vendor/laravel/framework/src/Illuminate/Foundation/Http/Middleware/VerifyCsrfToken.php(88): Illuminate\\Pipeline\\Pipeline->Illuminate\\Pipeline\\{closure}()
#8 /media/flavio/3437-6262/Projetos/laravel_ecommerce/vendor/laravel/framework/src/Illuminate/Pipeline/Pipeline.php(183): Illuminate\\Foundation\\Http\\Middleware\\VerifyCsrfToken->handle()
#9 /media/flavio/3437-6262/Projetos/laravel_ecommerce/vendor/laravel/framework/src/Illuminate/View/Middleware/ShareErrorsFromSession.php(49): Illuminate\\Pipeline\\Pipeline->Illuminate\\Pipeline\\{closure}()
#10 /media/flavio/3437-6262/Projetos/laravel_ecommerce/vendor/laravel/framework/src/Illuminate/Pipeline/Pipeline.php(183): Illuminate\\View\\Middleware\\ShareErrorsFromSession->handle()
#11 /media/flavio/3437-6262/Projetos/laravel_ecommerce/vendor/laravel/framework/src/Illuminate/Session/Middleware/StartSession.php(121): Illuminate\\Pipeline\\Pipeline->Illuminate\\Pipeline\\{closure}()
#12 /media/flavio/3437-6262/Projetos/laravel_ecommerce/vendor/laravel/framework/src/Illuminate/Session/Middleware/StartSession.php(64): Illuminate\\Session\\Middleware\\StartSession->handleStatefulRequest()
#13 /media/flavio/3437-6262/Projetos/laravel_ecommerce/vendor/laravel/framework/src/Illuminate/Pipeline/Pipeline.php(183): Illuminate\\Session\\Middleware\\StartSession->handle()
#14 /media/flavio/3437-6262/Projetos/laravel_ecommerce/vendor/laravel/framework/src/Illuminate/Cookie/Middleware/AddQueuedCookiesToResponse.php(37): Illuminate\\Pipeline\\Pipeline->Illuminate\\Pipeline\\{closure}()
#15 /media/flavio/3437-6262/Projetos/laravel_ecommerce/vendor/laravel/framework/src/Illuminate/Pipeline/Pipeline.php(183): Illuminate\\Cookie\\Middleware\\AddQueuedCookiesToResponse->handle()
#16 /media/flavio/3437-6262/Projetos/laravel_ecommerce/vendor/laravel/framework/src/Illuminate/Cookie/Middleware/EncryptCookies.php(75): Illuminate\\Pipeline\\Pipeline->Illuminate\\Pipeline\\{closure}()
#17 /media/flavio/3437-6262/Projetos/laravel_ecommerce/vendor/laravel/framework/src/Illuminate/Pipeline/Pipeline.php(183): Illuminate\\Cookie\\Middleware\\EncryptCookies->handle()
#18 /media/flavio/3437-6262/Projetos/laravel_ecommerce/vendor/laravel/framework/src/Illuminate/Pipeline/Pipeline.php(119): Illuminate\\Pipeline\\Pipeline->Illuminate\\Pipeline\\{closure}()
#19 /media/flavio/3437-6262/Projetos/laravel_ecommerce/vendor/laravel/framework/src/Illuminate/Routing/Router.php(807): Illuminate\\Pipeline\\Pipeline->then()
#20 /media/flavio/3437-6262/Projetos/laravel_ecommerce/vendor/laravel/framework/src/Illuminate/Routing/Router.php(786): Illuminate\\Routing\\Router->runRouteWithinStack()
#21 /media/flavio/3437-6262/Projetos/laravel_ecommerce/vendor/laravel/framework/src/Illuminate/Routing/Router.php(750): Illuminate\\Routing\\Router->runRoute()
#22 /media/flavio/3437-6262/Projetos/laravel_ecommerce/vendor/laravel/framework/src/Illuminate/Routing/Router.php(739): Illuminate\\Routing\\Router->dispatchToRoute()
#23 /media/flavio/3437-6262/Projetos/laravel_ecommerce/vendor/laravel/framework/src/Illuminate/Foundation/Http/Kernel.php(201): Illuminate\\Routing\\Router->dispatch()
#24 /media/flavio/3437-6262/Projetos/laravel_ecommerce/vendor/laravel/framework/src/Illuminate/Pipeline/Pipeline.php(144): Illuminate\\Foundation\\Http\\Kernel->Illuminate\\Foundation\\Http\\{closure}()
#25 /media/flavio/3437-6262/Projetos/laravel_ecommerce/vendor/laravel/framework/src/Illuminate/Foundation/Http/Middleware/TransformsRequest.php(21): Illuminate\\Pipeline\\Pipeline->Illuminate\\Pipeline\\{closure}()
#26 /media/flavio/3437-6262/Projetos/laravel_ecommerce/vendor/laravel/framework/src/Illuminate/Foundation/Http/Middleware/ConvertEmptyStringsToNull.php(31): Illuminate\\Foundation\\Http\\Middleware\\TransformsRequest->handle()
#27 /media/flavio/3437-6262/Projetos/laravel_ecommerce/vendor/laravel/framework/src/Illuminate/Pipeline/Pipeline.php(183): Illuminate\\Foundation\\Http\\Middleware\\ConvertEmptyStringsToNull->handle()
#28 /media/flavio/3437-6262/Projetos/laravel_ecommerce/vendor/laravel/framework/src/Illuminate/Foundation/Http/Middleware/TransformsRequest.php(21): Illuminate\\Pipeline\\Pipeline->Illuminate\\Pipeline\\{closure}()
#29 /media/flavio/3437-6262/Projetos/laravel_ecommerce/vendor/laravel/framework/src/Illuminate/Foundation/Http/Middleware/TrimStrings.php(51): Illuminate\\Foundation\\Http\\Middleware\\TransformsRequest->handle()
#30 /media/flavio/3437-6262/Projetos/laravel_ecommerce/vendor/laravel/framework/src/Illuminate/Pipeline/Pipeline.php(183): Illuminate\\Foundation\\Http\\Middleware\\TrimStrings->handle()
#31 /media/flavio/3437-6262/Projetos/laravel_ecommerce/vendor/laravel/framework/src/Illuminate/Http/Middleware/ValidatePostSize.php(27): Illuminate\\Pipeline\\Pipeline->Illuminate\\Pipeline\\{closure}()
#32 /media/flavio/3437-6262/Projetos/laravel_ecommerce/vendor/laravel/framework/src/Illuminate/Pipeline/Pipeline.php(183): Illuminate\\Http\\Middleware\\ValidatePostSize->handle()
#33 /media/flavio/3437-6262/Projetos/laravel_ecommerce/vendor/laravel/framework/src/Illuminate/Foundation/Http/Middleware/PreventRequestsDuringMaintenance.php(110): Illuminate\\Pipeline\\Pipeline->Illuminate\\Pipeline\\{closure}()
#34 /media/flavio/3437-6262/Projetos/laravel_ecommerce/vendor/laravel/framework/src/Illuminate/Pipeline/Pipeline.php(183): Illuminate\\Foundation\\Http\\Middleware\\PreventRequestsDuringMaintenance->handle()
#35 /media/flavio/3437-6262/Projetos/laravel_ecommerce/vendor/laravel/framework/src/Illuminate/Http/Middleware/HandleCors.php(49): Illuminate\\Pipeline\\Pipeline->Illuminate\\Pipeline\\{closure}()
#36 /media/flavio/3437-6262/Projetos/laravel_ecommerce/vendor/laravel/framework/src/Illuminate/Pipeline/Pipeline.php(183): Illuminate\\Http\\Middleware\\HandleCors->handle()
#37 /media/flavio/3437-6262/Projetos/laravel_ecommerce/vendor/laravel/framework/src/Illuminate/Http/Middleware/TrustProxies.php(58): Illuminate\\Pipeline\\Pipeline->Illuminate\\Pipeline\\{closure}()
#38 /media/flavio/3437-6262/Projetos/laravel_ecommerce/vendor/laravel/framework/src/Illuminate/Pipeline/Pipeline.php(183): Illuminate\\Http\\Middleware\\TrustProxies->handle()
#39 /media/flavio/3437-6262/Projetos/laravel_ecommerce/vendor/laravel/framework/src/Illuminate/Foundation/Http/Middleware/InvokeDeferredCallbacks.php(22): Illuminate\\Pipeline\\Pipeline->Illuminate\\Pipeline\\{closure}()
#40 /media/flavio/3437-6262/Projetos/laravel_ecommerce/vendor/laravel/framework/src/Illuminate/Pipeline/Pipeline.php(183): Illuminate\\Foundation\\Http\\Middleware\\InvokeDeferredCallbacks->handle()
#41 /media/flavio/3437-6262/Projetos/laravel_ecommerce/vendor/laravel/framework/src/Illuminate/Pipeline/Pipeline.php(119): Illuminate\\Pipeline\\Pipeline->Illuminate\\Pipeline\\{closure}()
#42 /media/flavio/3437-6262/Projetos/laravel_ecommerce/vendor/laravel/framework/src/Illuminate/Foundation/Http/Kernel.php(176): Illuminate\\Pipeline\\Pipeline->then()
#43 /media/flavio/3437-6262/Projetos/laravel_ecommerce/vendor/laravel/framework/src/Illuminate/Foundation/Http/Kernel.php(145): Illuminate\\Foundation\\Http\\Kernel->sendRequestThroughRouter()
#44 /media/flavio/3437-6262/Projetos/laravel_ecommerce/vendor/laravel/framework/src/Illuminate/Foundation/Application.php(1190): Illuminate\\Foundation\\Http\\Kernel->handle()
#45 /media/flavio/3437-6262/Projetos/laravel_ecommerce/public/index.php(17): Illuminate\\Foundation\\Application->handleRequest()
#46 /media/flavio/3437-6262/Projetos/laravel_ecommerce/vendor/laravel/framework/src/Illuminate/Foundation/resources/server.php(23): require_once('...')
#47 {main}
"} 
[2025-01-09 23:58:41] local.ERROR: Undefined variable $store {"exception":"[object] (ErrorException(code: 0): Undefined variable $store at /media/flavio/3437-6262/Projetos/laravel_ecommerce/app/Http/Controllers/Admin/StoreController.php:34)
[stacktrace]
#0 /media/flavio/3437-6262/Projetos/laravel_ecommerce/vendor/laravel/framework/src/Illuminate/Foundation/Bootstrap/HandleExceptions.php(290): Illuminate\\Foundation\\Bootstrap\\HandleExceptions->handleError()
#1 /media/flavio/3437-6262/Projetos/laravel_ecommerce/app/Http/Controllers/Admin/StoreController.php(34): Illuminate\\Foundation\\Bootstrap\\HandleExceptions->Illuminate\\Foundation\\Bootstrap\\{closure}()
#2 /media/flavio/3437-6262/Projetos/laravel_ecommerce/vendor/laravel/framework/src/Illuminate/Routing/ControllerDispatcher.php(47): App\\Http\\Controllers\\Admin\\StoreController->store()
#3 /media/flavio/3437-6262/Projetos/laravel_ecommerce/vendor/laravel/framework/src/Illuminate/Routing/Route.php(266): Illuminate\\Routing\\ControllerDispatcher->dispatch()
#4 /media/flavio/3437-6262/Projetos/laravel_ecommerce/vendor/laravel/framework/src/Illuminate/Routing/Route.php(212): Illuminate\\Routing\\Route->runController()
#5 /media/flavio/3437-6262/Projetos/laravel_ecommerce/vendor/laravel/framework/src/Illuminate/Routing/Router.php(808): Illuminate\\Routing\\Route->run()
#6 /media/flavio/3437-6262/Projetos/laravel_ecommerce/vendor/laravel/framework/src/Illuminate/Pipeline/Pipeline.php(144): Illuminate\\Routing\\Router->Illuminate\\Routing\\{closure}()
#7 /media/flavio/3437-6262/Projetos/laravel_ecommerce/vendor/laravel/framework/src/Illuminate/Routing/Middleware/SubstituteBindings.php(51): Illuminate\\Pipeline\\Pipeline->Illuminate\\Pipeline\\{closure}()
#8 /media/flavio/3437-6262/Projetos/laravel_ecommerce/vendor/laravel/framework/src/Illuminate/Pipeline/Pipeline.php(183): Illuminate\\Routing\\Middleware\\SubstituteBindings->handle()
#9 /media/flavio/3437-6262/Projetos/laravel_ecommerce/vendor/laravel/framework/src/Illuminate/Foundation/Http/Middleware/VerifyCsrfToken.php(88): Illuminate\\Pipeline\\Pipeline->Illuminate\\Pipeline\\{closure}()
#10 /media/flavio/3437-6262/Projetos/laravel_ecommerce/vendor/laravel/framework/src/Illuminate/Pipeline/Pipeline.php(183): Illuminate\\Foundation\\Http\\Middleware\\VerifyCsrfToken->handle()
#11 /media/flavio/3437-6262/Projetos/laravel_ecommerce/vendor/laravel/framework/src/Illuminate/View/Middleware/ShareErrorsFromSession.php(49): Illuminate\\Pipeline\\Pipeline->Illuminate\\Pipeline\\{closure}()
#12 /media/flavio/3437-6262/Projetos/laravel_ecommerce/vendor/laravel/framework/src/Illuminate/Pipeline/Pipeline.php(183): Illuminate\\View\\Middleware\\ShareErrorsFromSession->handle()
#13 /media/flavio/3437-6262/Projetos/laravel_ecommerce/vendor/laravel/framework/src/Illuminate/Session/Middleware/StartSession.php(121): Illuminate\\Pipeline\\Pipeline->Illuminate\\Pipeline\\{closure}()
#14 /media/flavio/3437-6262/Projetos/laravel_ecommerce/vendor/laravel/framework/src/Illuminate/Session/Middleware/StartSession.php(64): Illuminate\\Session\\Middleware\\StartSession->handleStatefulRequest()
#15 /media/flavio/3437-6262/Projetos/laravel_ecommerce/vendor/laravel/framework/src/Illuminate/Pipeline/Pipeline.php(183): Illuminate\\Session\\Middleware\\StartSession->handle()
#16 /media/flavio/3437-6262/Projetos/laravel_ecommerce/vendor/laravel/framework/src/Illuminate/Cookie/Middleware/AddQueuedCookiesToResponse.php(37): Illuminate\\Pipeline\\Pipeline->Illuminate\\Pipeline\\{closure}()
#17 /media/flavio/3437-6262/Projetos/laravel_ecommerce/vendor/laravel/framework/src/Illuminate/Pipeline/Pipeline.php(183): Illuminate\\Cookie\\Middleware\\AddQueuedCookiesToResponse->handle()
#18 /media/flavio/3437-6262/Projetos/laravel_ecommerce/vendor/laravel/framework/src/Illuminate/Cookie/Middleware/EncryptCookies.php(75): Illuminate\\Pipeline\\Pipeline->Illuminate\\Pipeline\\{closure}()
#19 /media/flavio/3437-6262/Projetos/laravel_ecommerce/vendor/laravel/framework/src/Illuminate/Pipeline/Pipeline.php(183): Illuminate\\Cookie\\Middleware\\EncryptCookies->handle()
#20 /media/flavio/3437-6262/Projetos/laravel_ecommerce/vendor/laravel/framework/src/Illuminate/Pipeline/Pipeline.php(119): Illuminate\\Pipeline\\Pipeline->Illuminate\\Pipeline\\{closure}()
#21 /media/flavio/3437-6262/Projetos/laravel_ecommerce/vendor/laravel/framework/src/Illuminate/Routing/Router.php(807): Illuminate\\Pipeline\\Pipeline->then()
#22 /media/flavio/3437-6262/Projetos/laravel_ecommerce/vendor/laravel/framework/src/Illuminate/Routing/Router.php(786): Illuminate\\Routing\\Router->runRouteWithinStack()
#23 /media/flavio/3437-6262/Projetos/laravel_ecommerce/vendor/laravel/framework/src/Illuminate/Routing/Router.php(750): Illuminate\\Routing\\Router->runRoute()
#24 /media/flavio/3437-6262/Projetos/laravel_ecommerce/vendor/laravel/framework/src/Illuminate/Routing/Router.php(739): Illuminate\\Routing\\Router->dispatchToRoute()
#25 /media/flavio/3437-6262/Projetos/laravel_ecommerce/vendor/laravel/framework/src/Illuminate/Foundation/Http/Kernel.php(201): Illuminate\\Routing\\Router->dispatch()
#26 /media/flavio/3437-6262/Projetos/laravel_ecommerce/vendor/laravel/framework/src/Illuminate/Pipeline/Pipeline.php(144): Illuminate\\Foundation\\Http\\Kernel->Illuminate\\Foundation\\Http\\{closure}()
#27 /media/flavio/3437-6262/Projetos/laravel_ecommerce/vendor/laravel/framework/src/Illuminate/Foundation/Http/Middleware/TransformsRequest.php(21): Illuminate\\Pipeline\\Pipeline->Illuminate\\Pipeline\\{closure}()
#28 /media/flavio/3437-6262/Projetos/laravel_ecommerce/vendor/laravel/framework/src/Illuminate/Foundation/Http/Middleware/ConvertEmptyStringsToNull.php(31): Illuminate\\Foundation\\Http\\Middleware\\TransformsRequest->handle()
#29 /media/flavio/3437-6262/Projetos/laravel_ecommerce/vendor/laravel/framework/src/Illuminate/Pipeline/Pipeline.php(183): Illuminate\\Foundation\\Http\\Middleware\\ConvertEmptyStringsToNull->handle()
#30 /media/flavio/3437-6262/Projetos/laravel_ecommerce/vendor/laravel/framework/src/Illuminate/Foundation/Http/Middleware/TransformsRequest.php(21): Illuminate\\Pipeline\\Pipeline->Illuminate\\Pipeline\\{closure}()
#31 /media/flavio/3437-6262/Projetos/laravel_ecommerce/vendor/laravel/framework/src/Illuminate/Foundation/Http/Middleware/TrimStrings.php(51): Illuminate\\Foundation\\Http\\Middleware\\TransformsRequest->handle()
#32 /media/flavio/3437-6262/Projetos/laravel_ecommerce/vendor/laravel/framework/src/Illuminate/Pipeline/Pipeline.php(183): Illuminate\\Foundation\\Http\\Middleware\\TrimStrings->handle()
#33 /media/flavio/3437-6262/Projetos/laravel_ecommerce/vendor/laravel/framework/src/Illuminate/Http/Middleware/ValidatePostSize.php(27): Illuminate\\Pipeline\\Pipeline->Illuminate\\Pipeline\\{closure}()
#34 /media/flavio/3437-6262/Projetos/laravel_ecommerce/vendor/laravel/framework/src/Illuminate/Pipeline/Pipeline.php(183): Illuminate\\Http\\Middleware\\ValidatePostSize->handle()
#35 /media/flavio/3437-6262/Projetos/laravel_ecommerce/vendor/laravel/framework/src/Illuminate/Foundation/Http/Middleware/PreventRequestsDuringMaintenance.php(110): Illuminate\\Pipeline\\Pipeline->Illuminate\\Pipeline\\{closure}()
#36 /media/flavio/3437-6262/Projetos/laravel_ecommerce/vendor/laravel/framework/src/Illuminate/Pipeline/Pipeline.php(183): Illuminate\\Foundation\\Http\\Middleware\\PreventRequestsDuringMaintenance->handle()
#37 /media/flavio/3437-6262/Projetos/laravel_ecommerce/vendor/laravel/framework/src/Illuminate/Http/Middleware/HandleCors.php(49): Illuminate\\Pipeline\\Pipeline->Illuminate\\Pipeline\\{closure}()
#38 /media/flavio/3437-6262/Projetos/laravel_ecommerce/vendor/laravel/framework/src/Illuminate/Pipeline/Pipeline.php(183): Illuminate\\Http\\Middleware\\HandleCors->handle()
#39 /media/flavio/3437-6262/Projetos/laravel_ecommerce/vendor/laravel/framework/src/Illuminate/Http/Middleware/TrustProxies.php(58): Illuminate\\Pipeline\\Pipeline->Illuminate\\Pipeline\\{closure}()
#40 /media/flavio/3437-6262/Projetos/laravel_ecommerce/vendor/laravel/framework/src/Illuminate/Pipeline/Pipeline.php(183): Illuminate\\Http\\Middleware\\TrustProxies->handle()
#41 /media/flavio/3437-6262/Projetos/laravel_ecommerce/vendor/laravel/framework/src/Illuminate/Foundation/Http/Middleware/InvokeDeferredCallbacks.php(22): Illuminate\\Pipeline\\Pipeline->Illuminate\\Pipeline\\{closure}()
#42 /media/flavio/3437-6262/Projetos/laravel_ecommerce/vendor/laravel/framework/src/Illuminate/Pipeline/Pipeline.php(183): Illuminate\\Foundation\\Http\\Middleware\\InvokeDeferredCallbacks->handle()
#43 /media/flavio/3437-6262/Projetos/laravel_ecommerce/vendor/laravel/framework/src/Illuminate/Pipeline/Pipeline.php(119): Illuminate\\Pipeline\\Pipeline->Illuminate\\Pipeline\\{closure}()
#44 /media/flavio/3437-6262/Projetos/laravel_ecommerce/vendor/laravel/framework/src/Illuminate/Foundation/Http/Kernel.php(176): Illuminate\\Pipeline\\Pipeline->then()
#45 /media/flavio/3437-6262/Projetos/laravel_ecommerce/vendor/laravel/framework/src/Illuminate/Foundation/Http/Kernel.php(145): Illuminate\\Foundation\\Http\\Kernel->sendRequestThroughRouter()
#46 /media/flavio/3437-6262/Projetos/laravel_ecommerce/vendor/laravel/framework/src/Illuminate/Foundation/Application.php(1190): Illuminate\\Foundation\\Http\\Kernel->handle()
#47 /media/flavio/3437-6262/Projetos/laravel_ecommerce/public/index.php(17): Illuminate\\Foundation\\Application->handleRequest()
#48 /media/flavio/3437-6262/Projetos/laravel_ecommerce/vendor/laravel/framework/src/Illuminate/Foundation/resources/server.php(23): require_once('...')
#49 {main}
"} 
[2025-01-10 00:51:46] local.ERROR: SQLSTATE[23000]: Integrity constraint violation: 1048 Column 'name' cannot be null (Connection: mysql, SQL: insert into `stores` (`name`, `description`, `phone`, `mobile_phone`, `slug`, `user_id`, `updated_at`, `created_at`) values (?, ?, ?, ?, ?, 1, 2025-01-10 00:51:46, 2025-01-10 00:51:46)) {"exception":"[object] (Illuminate\\Database\\QueryException(code: 23000): SQLSTATE[23000]: Integrity constraint violation: 1048 Column 'name' cannot be null (Connection: mysql, SQL: insert into `stores` (`name`, `description`, `phone`, `mobile_phone`, `slug`, `user_id`, `updated_at`, `created_at`) values (?, ?, ?, ?, ?, 1, 2025-01-10 00:51:46, 2025-01-10 00:51:46)) at /media/flavio/3437-6262/Projetos/laravel_ecommerce/vendor/laravel/framework/src/Illuminate/Database/Connection.php:825)
[stacktrace]
#0 /media/flavio/3437-6262/Projetos/laravel_ecommerce/vendor/laravel/framework/src/Illuminate/Database/Connection.php(779): Illuminate\\Database\\Connection->runQueryCallback()
#1 /media/flavio/3437-6262/Projetos/laravel_ecommerce/vendor/laravel/framework/src/Illuminate/Database/MySqlConnection.php(42): Illuminate\\Database\\Connection->run()
#2 /media/flavio/3437-6262/Projetos/laravel_ecommerce/vendor/laravel/framework/src/Illuminate/Database/Query/Processors/MySqlProcessor.php(35): Illuminate\\Database\\MySqlConnection->insert()
#3 /media/flavio/3437-6262/Projetos/laravel_ecommerce/vendor/laravel/framework/src/Illuminate/Database/Query/Builder.php(3799): Illuminate\\Database\\Query\\Processors\\MySqlProcessor->processInsertGetId()
#4 /media/flavio/3437-6262/Projetos/laravel_ecommerce/vendor/laravel/framework/src/Illuminate/Database/Eloquent/Builder.php(2051): Illuminate\\Database\\Query\\Builder->insertGetId()
#5 /media/flavio/3437-6262/Projetos/laravel_ecommerce/vendor/laravel/framework/src/Illuminate/Database/Eloquent/Model.php(1359): Illuminate\\Database\\Eloquent\\Builder->__call()
#6 /media/flavio/3437-6262/Projetos/laravel_ecommerce/vendor/laravel/framework/src/Illuminate/Database/Eloquent/Model.php(1324): Illuminate\\Database\\Eloquent\\Model->insertAndSetId()
#7 /media/flavio/3437-6262/Projetos/laravel_ecommerce/vendor/laravel/framework/src/Illuminate/Database/Eloquent/Model.php(1163): Illuminate\\Database\\Eloquent\\Model->performInsert()
#8 /media/flavio/3437-6262/Projetos/laravel_ecommerce/vendor/laravel/framework/src/Illuminate/Database/Eloquent/Relations/HasOneOrMany.php(371): Illuminate\\Database\\Eloquent\\Model->save()
#9 /media/flavio/3437-6262/Projetos/laravel_ecommerce/vendor/laravel/framework/src/Illuminate/Support/helpers.php(399): Illuminate\\Database\\Eloquent\\Relations\\HasOneOrMany->Illuminate\\Database\\Eloquent\\Relations\\{closure}()
#10 /media/flavio/3437-6262/Projetos/laravel_ecommerce/vendor/laravel/framework/src/Illuminate/Database/Eloquent/Relations/HasOneOrMany.php(368): tap()
#11 /media/flavio/3437-6262/Projetos/laravel_ecommerce/app/Http/Controllers/Admin/StoreController.php(32): Illuminate\\Database\\Eloquent\\Relations\\HasOneOrMany->create()
#12 /media/flavio/3437-6262/Projetos/laravel_ecommerce/vendor/laravel/framework/src/Illuminate/Routing/ControllerDispatcher.php(47): App\\Http\\Controllers\\Admin\\StoreController->store()
#13 /media/flavio/3437-6262/Projetos/laravel_ecommerce/vendor/laravel/framework/src/Illuminate/Routing/Route.php(266): Illuminate\\Routing\\ControllerDispatcher->dispatch()
#14 /media/flavio/3437-6262/Projetos/laravel_ecommerce/vendor/laravel/framework/src/Illuminate/Routing/Route.php(212): Illuminate\\Routing\\Route->runController()
#15 /media/flavio/3437-6262/Projetos/laravel_ecommerce/vendor/laravel/framework/src/Illuminate/Routing/Router.php(808): Illuminate\\Routing\\Route->run()
#16 /media/flavio/3437-6262/Projetos/laravel_ecommerce/vendor/laravel/framework/src/Illuminate/Pipeline/Pipeline.php(144): Illuminate\\Routing\\Router->Illuminate\\Routing\\{closure}()
#17 /media/flavio/3437-6262/Projetos/laravel_ecommerce/vendor/laravel/framework/src/Illuminate/Routing/Middleware/SubstituteBindings.php(51): Illuminate\\Pipeline\\Pipeline->Illuminate\\Pipeline\\{closure}()
#18 /media/flavio/3437-6262/Projetos/laravel_ecommerce/vendor/laravel/framework/src/Illuminate/Pipeline/Pipeline.php(183): Illuminate\\Routing\\Middleware\\SubstituteBindings->handle()
#19 /media/flavio/3437-6262/Projetos/laravel_ecommerce/vendor/laravel/framework/src/Illuminate/Foundation/Http/Middleware/VerifyCsrfToken.php(88): Illuminate\\Pipeline\\Pipeline->Illuminate\\Pipeline\\{closure}()
#20 /media/flavio/3437-6262/Projetos/laravel_ecommerce/vendor/laravel/framework/src/Illuminate/Pipeline/Pipeline.php(183): Illuminate\\Foundation\\Http\\Middleware\\VerifyCsrfToken->handle()
#21 /media/flavio/3437-6262/Projetos/laravel_ecommerce/vendor/laravel/framework/src/Illuminate/View/Middleware/ShareErrorsFromSession.php(49): Illuminate\\Pipeline\\Pipeline->Illuminate\\Pipeline\\{closure}()
#22 /media/flavio/3437-6262/Projetos/laravel_ecommerce/vendor/laravel/framework/src/Illuminate/Pipeline/Pipeline.php(183): Illuminate\\View\\Middleware\\ShareErrorsFromSession->handle()
#23 /media/flavio/3437-6262/Projetos/laravel_ecommerce/vendor/laravel/framework/src/Illuminate/Session/Middleware/StartSession.php(121): Illuminate\\Pipeline\\Pipeline->Illuminate\\Pipeline\\{closure}()
#24 /media/flavio/3437-6262/Projetos/laravel_ecommerce/vendor/laravel/framework/src/Illuminate/Session/Middleware/StartSession.php(64): Illuminate\\Session\\Middleware\\StartSession->handleStatefulRequest()
#25 /media/flavio/3437-6262/Projetos/laravel_ecommerce/vendor/laravel/framework/src/Illuminate/Pipeline/Pipeline.php(183): Illuminate\\Session\\Middleware\\StartSession->handle()
#26 /media/flavio/3437-6262/Projetos/laravel_ecommerce/vendor/laravel/framework/src/Illuminate/Cookie/Middleware/AddQueuedCookiesToResponse.php(37): Illuminate\\Pipeline\\Pipeline->Illuminate\\Pipeline\\{closure}()
#27 /media/flavio/3437-6262/Projetos/laravel_ecommerce/vendor/laravel/framework/src/Illuminate/Pipeline/Pipeline.php(183): Illuminate\\Cookie\\Middleware\\AddQueuedCookiesToResponse->handle()
#28 /media/flavio/3437-6262/Projetos/laravel_ecommerce/vendor/laravel/framework/src/Illuminate/Cookie/Middleware/EncryptCookies.php(75): Illuminate\\Pipeline\\Pipeline->Illuminate\\Pipeline\\{closure}()
#29 /media/flavio/3437-6262/Projetos/laravel_ecommerce/vendor/laravel/framework/src/Illuminate/Pipeline/Pipeline.php(183): Illuminate\\Cookie\\Middleware\\EncryptCookies->handle()
#30 /media/flavio/3437-6262/Projetos/laravel_ecommerce/vendor/laravel/framework/src/Illuminate/Pipeline/Pipeline.php(119): Illuminate\\Pipeline\\Pipeline->Illuminate\\Pipeline\\{closure}()
#31 /media/flavio/3437-6262/Projetos/laravel_ecommerce/vendor/laravel/framework/src/Illuminate/Routing/Router.php(807): Illuminate\\Pipeline\\Pipeline->then()
#32 /media/flavio/3437-6262/Projetos/laravel_ecommerce/vendor/laravel/framework/src/Illuminate/Routing/Router.php(786): Illuminate\\Routing\\Router->runRouteWithinStack()
#33 /media/flavio/3437-6262/Projetos/laravel_ecommerce/vendor/laravel/framework/src/Illuminate/Routing/Router.php(750): Illuminate\\Routing\\Router->runRoute()
#34 /media/flavio/3437-6262/Projetos/laravel_ecommerce/vendor/laravel/framework/src/Illuminate/Routing/Router.php(739): Illuminate\\Routing\\Router->dispatchToRoute()
#35 /media/flavio/3437-6262/Projetos/laravel_ecommerce/vendor/laravel/framework/src/Illuminate/Foundation/Http/Kernel.php(201): Illuminate\\Routing\\Router->dispatch()
#36 /media/flavio/3437-6262/Projetos/laravel_ecommerce/vendor/laravel/framework/src/Illuminate/Pipeline/Pipeline.php(144): Illuminate\\Foundation\\Http\\Kernel->Illuminate\\Foundation\\Http\\{closure}()
#37 /media/flavio/3437-6262/Projetos/laravel_ecommerce/vendor/laravel/framework/src/Illuminate/Foundation/Http/Middleware/TransformsRequest.php(21): Illuminate\\Pipeline\\Pipeline->Illuminate\\Pipeline\\{closure}()
#38 /media/flavio/3437-6262/Projetos/laravel_ecommerce/vendor/laravel/framework/src/Illuminate/Foundation/Http/Middleware/ConvertEmptyStringsToNull.php(31): Illuminate\\Foundation\\Http\\Middleware\\TransformsRequest->handle()
#39 /media/flavio/3437-6262/Projetos/laravel_ecommerce/vendor/laravel/framework/src/Illuminate/Pipeline/Pipeline.php(183): Illuminate\\Foundation\\Http\\Middleware\\ConvertEmptyStringsToNull->handle()
#40 /media/flavio/3437-6262/Projetos/laravel_ecommerce/vendor/laravel/framework/src/Illuminate/Foundation/Http/Middleware/TransformsRequest.php(21): Illuminate\\Pipeline\\Pipeline->Illuminate\\Pipeline\\{closure}()
#41 /media/flavio/3437-6262/Projetos/laravel_ecommerce/vendor/laravel/framework/src/Illuminate/Foundation/Http/Middleware/TrimStrings.php(51): Illuminate\\Foundation\\Http\\Middleware\\TransformsRequest->handle()
#42 /media/flavio/3437-6262/Projetos/laravel_ecommerce/vendor/laravel/framework/src/Illuminate/Pipeline/Pipeline.php(183): Illuminate\\Foundation\\Http\\Middleware\\TrimStrings->handle()
#43 /media/flavio/3437-6262/Projetos/laravel_ecommerce/vendor/laravel/framework/src/Illuminate/Http/Middleware/ValidatePostSize.php(27): Illuminate\\Pipeline\\Pipeline->Illuminate\\Pipeline\\{closure}()
#44 /media/flavio/3437-6262/Projetos/laravel_ecommerce/vendor/laravel/framework/src/Illuminate/Pipeline/Pipeline.php(183): Illuminate\\Http\\Middleware\\ValidatePostSize->handle()
#45 /media/flavio/3437-6262/Projetos/laravel_ecommerce/vendor/laravel/framework/src/Illuminate/Foundation/Http/Middleware/PreventRequestsDuringMaintenance.php(110): Illuminate\\Pipeline\\Pipeline->Illuminate\\Pipeline\\{closure}()
#46 /media/flavio/3437-6262/Projetos/laravel_ecommerce/vendor/laravel/framework/src/Illuminate/Pipeline/Pipeline.php(183): Illuminate\\Foundation\\Http\\Middleware\\PreventRequestsDuringMaintenance->handle()
#47 /media/flavio/3437-6262/Projetos/laravel_ecommerce/vendor/laravel/framework/src/Illuminate/Http/Middleware/HandleCors.php(49): Illuminate\\Pipeline\\Pipeline->Illuminate\\Pipeline\\{closure}()
#48 /media/flavio/3437-6262/Projetos/laravel_ecommerce/vendor/laravel/framework/src/Illuminate/Pipeline/Pipeline.php(183): Illuminate\\Http\\Middleware\\HandleCors->handle()
#49 /media/flavio/3437-6262/Projetos/laravel_ecommerce/vendor/laravel/framework/src/Illuminate/Http/Middleware/TrustProxies.php(58): Illuminate\\Pipeline\\Pipeline->Illuminate\\Pipeline\\{closure}()
#50 /media/flavio/3437-6262/Projetos/laravel_ecommerce/vendor/laravel/framework/src/Illuminate/Pipeline/Pipeline.php(183): Illuminate\\Http\\Middleware\\TrustProxies->handle()
#51 /media/flavio/3437-6262/Projetos/laravel_ecommerce/vendor/laravel/framework/src/Illuminate/Foundation/Http/Middleware/InvokeDeferredCallbacks.php(22): Illuminate\\Pipeline\\Pipeline->Illuminate\\Pipeline\\{closure}()
#52 /media/flavio/3437-6262/Projetos/laravel_ecommerce/vendor/laravel/framework/src/Illuminate/Pipeline/Pipeline.php(183): Illuminate\\Foundation\\Http\\Middleware\\InvokeDeferredCallbacks->handle()
#53 /media/flavio/3437-6262/Projetos/laravel_ecommerce/vendor/laravel/framework/src/Illuminate/Pipeline/Pipeline.php(119): Illuminate\\Pipeline\\Pipeline->Illuminate\\Pipeline\\{closure}()
#54 /media/flavio/3437-6262/Projetos/laravel_ecommerce/vendor/laravel/framework/src/Illuminate/Foundation/Http/Kernel.php(176): Illuminate\\Pipeline\\Pipeline->then()
#55 /media/flavio/3437-6262/Projetos/laravel_ecommerce/vendor/laravel/framework/src/Illuminate/Foundation/Http/Kernel.php(145): Illuminate\\Foundation\\Http\\Kernel->sendRequestThroughRouter()
#56 /media/flavio/3437-6262/Projetos/laravel_ecommerce/vendor/laravel/framework/src/Illuminate/Foundation/Application.php(1190): Illuminate\\Foundation\\Http\\Kernel->handle()
#57 /media/flavio/3437-6262/Projetos/laravel_ecommerce/public/index.php(17): Illuminate\\Foundation\\Application->handleRequest()
#58 /media/flavio/3437-6262/Projetos/laravel_ecommerce/vendor/laravel/framework/src/Illuminate/Foundation/resources/server.php(23): require_once('...')
#59 {main}

[previous exception] [object] (PDOException(code: 23000): SQLSTATE[23000]: Integrity constraint violation: 1048 Column 'name' cannot be null at /media/flavio/3437-6262/Projetos/laravel_ecommerce/vendor/laravel/framework/src/Illuminate/Database/MySqlConnection.php:53)
[stacktrace]
#0 /media/flavio/3437-6262/Projetos/laravel_ecommerce/vendor/laravel/framework/src/Illuminate/Database/MySqlConnection.php(53): PDOStatement->execute()
#1 /media/flavio/3437-6262/Projetos/laravel_ecommerce/vendor/laravel/framework/src/Illuminate/Database/Connection.php(812): Illuminate\\Database\\MySqlConnection->Illuminate\\Database\\{closure}()
#2 /media/flavio/3437-6262/Projetos/laravel_ecommerce/vendor/laravel/framework/src/Illuminate/Database/Connection.php(779): Illuminate\\Database\\Connection->runQueryCallback()
#3 /media/flavio/3437-6262/Projetos/laravel_ecommerce/vendor/laravel/framework/src/Illuminate/Database/MySqlConnection.php(42): Illuminate\\Database\\Connection->run()
#4 /media/flavio/3437-6262/Projetos/laravel_ecommerce/vendor/laravel/framework/src/Illuminate/Database/Query/Processors/MySqlProcessor.php(35): Illuminate\\Database\\MySqlConnection->insert()
#5 /media/flavio/3437-6262/Projetos/laravel_ecommerce/vendor/laravel/framework/src/Illuminate/Database/Query/Builder.php(3799): Illuminate\\Database\\Query\\Processors\\MySqlProcessor->processInsertGetId()
#6 /media/flavio/3437-6262/Projetos/laravel_ecommerce/vendor/laravel/framework/src/Illuminate/Database/Eloquent/Builder.php(2051): Illuminate\\Database\\Query\\Builder->insertGetId()
#7 /media/flavio/3437-6262/Projetos/laravel_ecommerce/vendor/laravel/framework/src/Illuminate/Database/Eloquent/Model.php(1359): Illuminate\\Database\\Eloquent\\Builder->__call()
#8 /media/flavio/3437-6262/Projetos/laravel_ecommerce/vendor/laravel/framework/src/Illuminate/Database/Eloquent/Model.php(1324): Illuminate\\Database\\Eloquent\\Model->insertAndSetId()
#9 /media/flavio/3437-6262/Projetos/laravel_ecommerce/vendor/laravel/framework/src/Illuminate/Database/Eloquent/Model.php(1163): Illuminate\\Database\\Eloquent\\Model->performInsert()
#10 /media/flavio/3437-6262/Projetos/laravel_ecommerce/vendor/laravel/framework/src/Illuminate/Database/Eloquent/Relations/HasOneOrMany.php(371): Illuminate\\Database\\Eloquent\\Model->save()
#11 /media/flavio/3437-6262/Projetos/laravel_ecommerce/vendor/laravel/framework/src/Illuminate/Support/helpers.php(399): Illuminate\\Database\\Eloquent\\Relations\\HasOneOrMany->Illuminate\\Database\\Eloquent\\Relations\\{closure}()
#12 /media/flavio/3437-6262/Projetos/laravel_ecommerce/vendor/laravel/framework/src/Illuminate/Database/Eloquent/Relations/HasOneOrMany.php(368): tap()
#13 /media/flavio/3437-6262/Projetos/laravel_ecommerce/app/Http/Controllers/Admin/StoreController.php(32): Illuminate\\Database\\Eloquent\\Relations\\HasOneOrMany->create()
#14 /media/flavio/3437-6262/Projetos/laravel_ecommerce/vendor/laravel/framework/src/Illuminate/Routing/ControllerDispatcher.php(47): App\\Http\\Controllers\\Admin\\StoreController->store()
#15 /media/flavio/3437-6262/Projetos/laravel_ecommerce/vendor/laravel/framework/src/Illuminate/Routing/Route.php(266): Illuminate\\Routing\\ControllerDispatcher->dispatch()
#16 /media/flavio/3437-6262/Projetos/laravel_ecommerce/vendor/laravel/framework/src/Illuminate/Routing/Route.php(212): Illuminate\\Routing\\Route->runController()
#17 /media/flavio/3437-6262/Projetos/laravel_ecommerce/vendor/laravel/framework/src/Illuminate/Routing/Router.php(808): Illuminate\\Routing\\Route->run()
#18 /media/flavio/3437-6262/Projetos/laravel_ecommerce/vendor/laravel/framework/src/Illuminate/Pipeline/Pipeline.php(144): Illuminate\\Routing\\Router->Illuminate\\Routing\\{closure}()
#19 /media/flavio/3437-6262/Projetos/laravel_ecommerce/vendor/laravel/framework/src/Illuminate/Routing/Middleware/SubstituteBindings.php(51): Illuminate\\Pipeline\\Pipeline->Illuminate\\Pipeline\\{closure}()
#20 /media/flavio/3437-6262/Projetos/laravel_ecommerce/vendor/laravel/framework/src/Illuminate/Pipeline/Pipeline.php(183): Illuminate\\Routing\\Middleware\\SubstituteBindings->handle()
#21 /media/flavio/3437-6262/Projetos/laravel_ecommerce/vendor/laravel/framework/src/Illuminate/Foundation/Http/Middleware/VerifyCsrfToken.php(88): Illuminate\\Pipeline\\Pipeline->Illuminate\\Pipeline\\{closure}()
#22 /media/flavio/3437-6262/Projetos/laravel_ecommerce/vendor/laravel/framework/src/Illuminate/Pipeline/Pipeline.php(183): Illuminate\\Foundation\\Http\\Middleware\\VerifyCsrfToken->handle()
#23 /media/flavio/3437-6262/Projetos/laravel_ecommerce/vendor/laravel/framework/src/Illuminate/View/Middleware/ShareErrorsFromSession.php(49): Illuminate\\Pipeline\\Pipeline->Illuminate\\Pipeline\\{closure}()
#24 /media/flavio/3437-6262/Projetos/laravel_ecommerce/vendor/laravel/framework/src/Illuminate/Pipeline/Pipeline.php(183): Illuminate\\View\\Middleware\\ShareErrorsFromSession->handle()
#25 /media/flavio/3437-6262/Projetos/laravel_ecommerce/vendor/laravel/framework/src/Illuminate/Session/Middleware/StartSession.php(121): Illuminate\\Pipeline\\Pipeline->Illuminate\\Pipeline\\{closure}()
#26 /media/flavio/3437-6262/Projetos/laravel_ecommerce/vendor/laravel/framework/src/Illuminate/Session/Middleware/StartSession.php(64): Illuminate\\Session\\Middleware\\StartSession->handleStatefulRequest()
#27 /media/flavio/3437-6262/Projetos/laravel_ecommerce/vendor/laravel/framework/src/Illuminate/Pipeline/Pipeline.php(183): Illuminate\\Session\\Middleware\\StartSession->handle()
#28 /media/flavio/3437-6262/Projetos/laravel_ecommerce/vendor/laravel/framework/src/Illuminate/Cookie/Middleware/AddQueuedCookiesToResponse.php(37): Illuminate\\Pipeline\\Pipeline->Illuminate\\Pipeline\\{closure}()
#29 /media/flavio/3437-6262/Projetos/laravel_ecommerce/vendor/laravel/framework/src/Illuminate/Pipeline/Pipeline.php(183): Illuminate\\Cookie\\Middleware\\AddQueuedCookiesToResponse->handle()
#30 /media/flavio/3437-6262/Projetos/laravel_ecommerce/vendor/laravel/framework/src/Illuminate/Cookie/Middleware/EncryptCookies.php(75): Illuminate\\Pipeline\\Pipeline->Illuminate\\Pipeline\\{closure}()
#31 /media/flavio/3437-6262/Projetos/laravel_ecommerce/vendor/laravel/framework/src/Illuminate/Pipeline/Pipeline.php(183): Illuminate\\Cookie\\Middleware\\EncryptCookies->handle()
#32 /media/flavio/3437-6262/Projetos/laravel_ecommerce/vendor/laravel/framework/src/Illuminate/Pipeline/Pipeline.php(119): Illuminate\\Pipeline\\Pipeline->Illuminate\\Pipeline\\{closure}()
#33 /media/flavio/3437-6262/Projetos/laravel_ecommerce/vendor/laravel/framework/src/Illuminate/Routing/Router.php(807): Illuminate\\Pipeline\\Pipeline->then()
#34 /media/flavio/3437-6262/Projetos/laravel_ecommerce/vendor/laravel/framework/src/Illuminate/Routing/Router.php(786): Illuminate\\Routing\\Router->runRouteWithinStack()
#35 /media/flavio/3437-6262/Projetos/laravel_ecommerce/vendor/laravel/framework/src/Illuminate/Routing/Router.php(750): Illuminate\\Routing\\Router->runRoute()
#36 /media/flavio/3437-6262/Projetos/laravel_ecommerce/vendor/laravel/framework/src/Illuminate/Routing/Router.php(739): Illuminate\\Routing\\Router->dispatchToRoute()
#37 /media/flavio/3437-6262/Projetos/laravel_ecommerce/vendor/laravel/framework/src/Illuminate/Foundation/Http/Kernel.php(201): Illuminate\\Routing\\Router->dispatch()
#38 /media/flavio/3437-6262/Projetos/laravel_ecommerce/vendor/laravel/framework/src/Illuminate/Pipeline/Pipeline.php(144): Illuminate\\Foundation\\Http\\Kernel->Illuminate\\Foundation\\Http\\{closure}()
#39 /media/flavio/3437-6262/Projetos/laravel_ecommerce/vendor/laravel/framework/src/Illuminate/Foundation/Http/Middleware/TransformsRequest.php(21): Illuminate\\Pipeline\\Pipeline->Illuminate\\Pipeline\\{closure}()
#40 /media/flavio/3437-6262/Projetos/laravel_ecommerce/vendor/laravel/framework/src/Illuminate/Foundation/Http/Middleware/ConvertEmptyStringsToNull.php(31): Illuminate\\Foundation\\Http\\Middleware\\TransformsRequest->handle()
#41 /media/flavio/3437-6262/Projetos/laravel_ecommerce/vendor/laravel/framework/src/Illuminate/Pipeline/Pipeline.php(183): Illuminate\\Foundation\\Http\\Middleware\\ConvertEmptyStringsToNull->handle()
#42 /media/flavio/3437-6262/Projetos/laravel_ecommerce/vendor/laravel/framework/src/Illuminate/Foundation/Http/Middleware/TransformsRequest.php(21): Illuminate\\Pipeline\\Pipeline->Illuminate\\Pipeline\\{closure}()
#43 /media/flavio/3437-6262/Projetos/laravel_ecommerce/vendor/laravel/framework/src/Illuminate/Foundation/Http/Middleware/TrimStrings.php(51): Illuminate\\Foundation\\Http\\Middleware\\TransformsRequest->handle()
#44 /media/flavio/3437-6262/Projetos/laravel_ecommerce/vendor/laravel/framework/src/Illuminate/Pipeline/Pipeline.php(183): Illuminate\\Foundation\\Http\\Middleware\\TrimStrings->handle()
#45 /media/flavio/3437-6262/Projetos/laravel_ecommerce/vendor/laravel/framework/src/Illuminate/Http/Middleware/ValidatePostSize.php(27): Illuminate\\Pipeline\\Pipeline->Illuminate\\Pipeline\\{closure}()
#46 /media/flavio/3437-6262/Projetos/laravel_ecommerce/vendor/laravel/framework/src/Illuminate/Pipeline/Pipeline.php(183): Illuminate\\Http\\Middleware\\ValidatePostSize->handle()
#47 /media/flavio/3437-6262/Projetos/laravel_ecommerce/vendor/laravel/framework/src/Illuminate/Foundation/Http/Middleware/PreventRequestsDuringMaintenance.php(110): Illuminate\\Pipeline\\Pipeline->Illuminate\\Pipeline\\{closure}()
#48 /media/flavio/3437-6262/Projetos/laravel_ecommerce/vendor/laravel/framework/src/Illuminate/Pipeline/Pipeline.php(183): Illuminate\\Foundation\\Http\\Middleware\\PreventRequestsDuringMaintenance->handle()
#49 /media/flavio/3437-6262/Projetos/laravel_ecommerce/vendor/laravel/framework/src/Illuminate/Http/Middleware/HandleCors.php(49): Illuminate\\Pipeline\\Pipeline->Illuminate\\Pipeline\\{closure}()
#50 /media/flavio/3437-6262/Projetos/laravel_ecommerce/vendor/laravel/framework/src/Illuminate/Pipeline/Pipeline.php(183): Illuminate\\Http\\Middleware\\HandleCors->handle()
#51 /media/flavio/3437-6262/Projetos/laravel_ecommerce/vendor/laravel/framework/src/Illuminate/Http/Middleware/TrustProxies.php(58): Illuminate\\Pipeline\\Pipeline->Illuminate\\Pipeline\\{closure}()
#52 /media/flavio/3437-6262/Projetos/laravel_ecommerce/vendor/laravel/framework/src/Illuminate/Pipeline/Pipeline.php(183): Illuminate\\Http\\Middleware\\TrustProxies->handle()
#53 /media/flavio/3437-6262/Projetos/laravel_ecommerce/vendor/laravel/framework/src/Illuminate/Foundation/Http/Middleware/InvokeDeferredCallbacks.php(22): Illuminate\\Pipeline\\Pipeline->Illuminate\\Pipeline\\{closure}()
#54 /media/flavio/3437-6262/Projetos/laravel_ecommerce/vendor/laravel/framework/src/Illuminate/Pipeline/Pipeline.php(183): Illuminate\\Foundation\\Http\\Middleware\\InvokeDeferredCallbacks->handle()
#55 /media/flavio/3437-6262/Projetos/laravel_ecommerce/vendor/laravel/framework/src/Illuminate/Pipeline/Pipeline.php(119): Illuminate\\Pipeline\\Pipeline->Illuminate\\Pipeline\\{closure}()
#56 /media/flavio/3437-6262/Projetos/laravel_ecommerce/vendor/laravel/framework/src/Illuminate/Foundation/Http/Kernel.php(176): Illuminate\\Pipeline\\Pipeline->then()
#57 /media/flavio/3437-6262/Projetos/laravel_ecommerce/vendor/laravel/framework/src/Illuminate/Foundation/Http/Kernel.php(145): Illuminate\\Foundation\\Http\\Kernel->sendRequestThroughRouter()
#58 /media/flavio/3437-6262/Projetos/laravel_ecommerce/vendor/laravel/framework/src/Illuminate/Foundation/Application.php(1190): Illuminate\\Foundation\\Http\\Kernel->handle()
#59 /media/flavio/3437-6262/Projetos/laravel_ecommerce/public/index.php(17): Illuminate\\Foundation\\Application->handleRequest()
#60 /media/flavio/3437-6262/Projetos/laravel_ecommerce/vendor/laravel/framework/src/Illuminate/Foundation/resources/server.php(23): require_once('...')
#61 {main}
"} 
[2025-02-12 23:15:22] local.ERROR: Class "App\Store" not found {"exception":"[object] (Error(code: 0): Class \"App\\Store\" not found at /media/flavio/3437-6262/Projetos/laravel_ecommerce/app/Http/Controllers/Admin/StoreController.php:39)
[stacktrace]
#0 /media/flavio/3437-6262/Projetos/laravel_ecommerce/vendor/laravel/framework/src/Illuminate/Routing/ControllerDispatcher.php(47): App\\Http\\Controllers\\Admin\\StoreController->edit()
#1 /media/flavio/3437-6262/Projetos/laravel_ecommerce/vendor/laravel/framework/src/Illuminate/Routing/Route.php(266): Illuminate\\Routing\\ControllerDispatcher->dispatch()
#2 /media/flavio/3437-6262/Projetos/laravel_ecommerce/vendor/laravel/framework/src/Illuminate/Routing/Route.php(212): Illuminate\\Routing\\Route->runController()
#3 /media/flavio/3437-6262/Projetos/laravel_ecommerce/vendor/laravel/framework/src/Illuminate/Routing/Router.php(808): Illuminate\\Routing\\Route->run()
#4 /media/flavio/3437-6262/Projetos/laravel_ecommerce/vendor/laravel/framework/src/Illuminate/Pipeline/Pipeline.php(144): Illuminate\\Routing\\Router->Illuminate\\Routing\\{closure}()
#5 /media/flavio/3437-6262/Projetos/laravel_ecommerce/vendor/laravel/framework/src/Illuminate/Routing/Middleware/SubstituteBindings.php(51): Illuminate\\Pipeline\\Pipeline->Illuminate\\Pipeline\\{closure}()
#6 /media/flavio/3437-6262/Projetos/laravel_ecommerce/vendor/laravel/framework/src/Illuminate/Pipeline/Pipeline.php(183): Illuminate\\Routing\\Middleware\\SubstituteBindings->handle()
#7 /media/flavio/3437-6262/Projetos/laravel_ecommerce/vendor/laravel/framework/src/Illuminate/Foundation/Http/Middleware/VerifyCsrfToken.php(88): Illuminate\\Pipeline\\Pipeline->Illuminate\\Pipeline\\{closure}()
#8 /media/flavio/3437-6262/Projetos/laravel_ecommerce/vendor/laravel/framework/src/Illuminate/Pipeline/Pipeline.php(183): Illuminate\\Foundation\\Http\\Middleware\\VerifyCsrfToken->handle()
#9 /media/flavio/3437-6262/Projetos/laravel_ecommerce/vendor/laravel/framework/src/Illuminate/View/Middleware/ShareErrorsFromSession.php(49): Illuminate\\Pipeline\\Pipeline->Illuminate\\Pipeline\\{closure}()
#10 /media/flavio/3437-6262/Projetos/laravel_ecommerce/vendor/laravel/framework/src/Illuminate/Pipeline/Pipeline.php(183): Illuminate\\View\\Middleware\\ShareErrorsFromSession->handle()
#11 /media/flavio/3437-6262/Projetos/laravel_ecommerce/vendor/laravel/framework/src/Illuminate/Session/Middleware/StartSession.php(121): Illuminate\\Pipeline\\Pipeline->Illuminate\\Pipeline\\{closure}()
#12 /media/flavio/3437-6262/Projetos/laravel_ecommerce/vendor/laravel/framework/src/Illuminate/Session/Middleware/StartSession.php(64): Illuminate\\Session\\Middleware\\StartSession->handleStatefulRequest()
#13 /media/flavio/3437-6262/Projetos/laravel_ecommerce/vendor/laravel/framework/src/Illuminate/Pipeline/Pipeline.php(183): Illuminate\\Session\\Middleware\\StartSession->handle()
#14 /media/flavio/3437-6262/Projetos/laravel_ecommerce/vendor/laravel/framework/src/Illuminate/Cookie/Middleware/AddQueuedCookiesToResponse.php(37): Illuminate\\Pipeline\\Pipeline->Illuminate\\Pipeline\\{closure}()
#15 /media/flavio/3437-6262/Projetos/laravel_ecommerce/vendor/laravel/framework/src/Illuminate/Pipeline/Pipeline.php(183): Illuminate\\Cookie\\Middleware\\AddQueuedCookiesToResponse->handle()
#16 /media/flavio/3437-6262/Projetos/laravel_ecommerce/vendor/laravel/framework/src/Illuminate/Cookie/Middleware/EncryptCookies.php(75): Illuminate\\Pipeline\\Pipeline->Illuminate\\Pipeline\\{closure}()
#17 /media/flavio/3437-6262/Projetos/laravel_ecommerce/vendor/laravel/framework/src/Illuminate/Pipeline/Pipeline.php(183): Illuminate\\Cookie\\Middleware\\EncryptCookies->handle()
#18 /media/flavio/3437-6262/Projetos/laravel_ecommerce/vendor/laravel/framework/src/Illuminate/Pipeline/Pipeline.php(119): Illuminate\\Pipeline\\Pipeline->Illuminate\\Pipeline\\{closure}()
#19 /media/flavio/3437-6262/Projetos/laravel_ecommerce/vendor/laravel/framework/src/Illuminate/Routing/Router.php(807): Illuminate\\Pipeline\\Pipeline->then()
#20 /media/flavio/3437-6262/Projetos/laravel_ecommerce/vendor/laravel/framework/src/Illuminate/Routing/Router.php(786): Illuminate\\Routing\\Router->runRouteWithinStack()
#21 /media/flavio/3437-6262/Projetos/laravel_ecommerce/vendor/laravel/framework/src/Illuminate/Routing/Router.php(750): Illuminate\\Routing\\Router->runRoute()
#22 /media/flavio/3437-6262/Projetos/laravel_ecommerce/vendor/laravel/framework/src/Illuminate/Routing/Router.php(739): Illuminate\\Routing\\Router->dispatchToRoute()
#23 /media/flavio/3437-6262/Projetos/laravel_ecommerce/vendor/laravel/framework/src/Illuminate/Foundation/Http/Kernel.php(201): Illuminate\\Routing\\Router->dispatch()
#24 /media/flavio/3437-6262/Projetos/laravel_ecommerce/vendor/laravel/framework/src/Illuminate/Pipeline/Pipeline.php(144): Illuminate\\Foundation\\Http\\Kernel->Illuminate\\Foundation\\Http\\{closure}()
#25 /media/flavio/3437-6262/Projetos/laravel_ecommerce/vendor/laravel/framework/src/Illuminate/Foundation/Http/Middleware/TransformsRequest.php(21): Illuminate\\Pipeline\\Pipeline->Illuminate\\Pipeline\\{closure}()
#26 /media/flavio/3437-6262/Projetos/laravel_ecommerce/vendor/laravel/framework/src/Illuminate/Foundation/Http/Middleware/ConvertEmptyStringsToNull.php(31): Illuminate\\Foundation\\Http\\Middleware\\TransformsRequest->handle()
#27 /media/flavio/3437-6262/Projetos/laravel_ecommerce/vendor/laravel/framework/src/Illuminate/Pipeline/Pipeline.php(183): Illuminate\\Foundation\\Http\\Middleware\\ConvertEmptyStringsToNull->handle()
#28 /media/flavio/3437-6262/Projetos/laravel_ecommerce/vendor/laravel/framework/src/Illuminate/Foundation/Http/Middleware/TransformsRequest.php(21): Illuminate\\Pipeline\\Pipeline->Illuminate\\Pipeline\\{closure}()
#29 /media/flavio/3437-6262/Projetos/laravel_ecommerce/vendor/laravel/framework/src/Illuminate/Foundation/Http/Middleware/TrimStrings.php(51): Illuminate\\Foundation\\Http\\Middleware\\TransformsRequest->handle()
#30 /media/flavio/3437-6262/Projetos/laravel_ecommerce/vendor/laravel/framework/src/Illuminate/Pipeline/Pipeline.php(183): Illuminate\\Foundation\\Http\\Middleware\\TrimStrings->handle()
#31 /media/flavio/3437-6262/Projetos/laravel_ecommerce/vendor/laravel/framework/src/Illuminate/Http/Middleware/ValidatePostSize.php(27): Illuminate\\Pipeline\\Pipeline->Illuminate\\Pipeline\\{closure}()
#32 /media/flavio/3437-6262/Projetos/laravel_ecommerce/vendor/laravel/framework/src/Illuminate/Pipeline/Pipeline.php(183): Illuminate\\Http\\Middleware\\ValidatePostSize->handle()
#33 /media/flavio/3437-6262/Projetos/laravel_ecommerce/vendor/laravel/framework/src/Illuminate/Foundation/Http/Middleware/PreventRequestsDuringMaintenance.php(110): Illuminate\\Pipeline\\Pipeline->Illuminate\\Pipeline\\{closure}()
#34 /media/flavio/3437-6262/Projetos/laravel_ecommerce/vendor/laravel/framework/src/Illuminate/Pipeline/Pipeline.php(183): Illuminate\\Foundation\\Http\\Middleware\\PreventRequestsDuringMaintenance->handle()
#35 /media/flavio/3437-6262/Projetos/laravel_ecommerce/vendor/laravel/framework/src/Illuminate/Http/Middleware/HandleCors.php(49): Illuminate\\Pipeline\\Pipeline->Illuminate\\Pipeline\\{closure}()
#36 /media/flavio/3437-6262/Projetos/laravel_ecommerce/vendor/laravel/framework/src/Illuminate/Pipeline/Pipeline.php(183): Illuminate\\Http\\Middleware\\HandleCors->handle()
#37 /media/flavio/3437-6262/Projetos/laravel_ecommerce/vendor/laravel/framework/src/Illuminate/Http/Middleware/TrustProxies.php(58): Illuminate\\Pipeline\\Pipeline->Illuminate\\Pipeline\\{closure}()
#38 /media/flavio/3437-6262/Projetos/laravel_ecommerce/vendor/laravel/framework/src/Illuminate/Pipeline/Pipeline.php(183): Illuminate\\Http\\Middleware\\TrustProxies->handle()
#39 /media/flavio/3437-6262/Projetos/laravel_ecommerce/vendor/laravel/framework/src/Illuminate/Foundation/Http/Middleware/InvokeDeferredCallbacks.php(22): Illuminate\\Pipeline\\Pipeline->Illuminate\\Pipeline\\{closure}()
#40 /media/flavio/3437-6262/Projetos/laravel_ecommerce/vendor/laravel/framework/src/Illuminate/Pipeline/Pipeline.php(183): Illuminate\\Foundation\\Http\\Middleware\\InvokeDeferredCallbacks->handle()
#41 /media/flavio/3437-6262/Projetos/laravel_ecommerce/vendor/laravel/framework/src/Illuminate/Pipeline/Pipeline.php(119): Illuminate\\Pipeline\\Pipeline->Illuminate\\Pipeline\\{closure}()
#42 /media/flavio/3437-6262/Projetos/laravel_ecommerce/vendor/laravel/framework/src/Illuminate/Foundation/Http/Kernel.php(176): Illuminate\\Pipeline\\Pipeline->then()
#43 /media/flavio/3437-6262/Projetos/laravel_ecommerce/vendor/laravel/framework/src/Illuminate/Foundation/Http/Kernel.php(145): Illuminate\\Foundation\\Http\\Kernel->sendRequestThroughRouter()
#44 /media/flavio/3437-6262/Projetos/laravel_ecommerce/vendor/laravel/framework/src/Illuminate/Foundation/Application.php(1190): Illuminate\\Foundation\\Http\\Kernel->handle()
#45 /media/flavio/3437-6262/Projetos/laravel_ecommerce/public/index.php(17): Illuminate\\Foundation\\Application->handleRequest()
#46 /media/flavio/3437-6262/Projetos/laravel_ecommerce/vendor/laravel/framework/src/Illuminate/Foundation/resources/server.php(23): require_once('...')
#47 {main}
"} 
[2025-02-12 23:17:53] local.ERROR: Attempt to read property "id" on null (View: /media/flavio/3437-6262/Projetos/laravel_ecommerce/resources/views/admin/stores/edit.blade.php) {"exception":"[object] (Illuminate\\View\\ViewException(code: 0): Attempt to read property \"id\" on null (View: /media/flavio/3437-6262/Projetos/laravel_ecommerce/resources/views/admin/stores/edit.blade.php) at /media/flavio/3437-6262/Projetos/laravel_ecommerce/storage/framework/views/17fa88171f7cb696e8cba607d58abefb.php:4)
[stacktrace]
#0 /media/flavio/3437-6262/Projetos/laravel_ecommerce/vendor/laravel/framework/src/Illuminate/View/Engines/PhpEngine.php(60): Illuminate\\View\\Engines\\CompilerEngine->handleViewException()
#1 /media/flavio/3437-6262/Projetos/laravel_ecommerce/vendor/laravel/framework/src/Illuminate/View/Engines/CompilerEngine.php(75): Illuminate\\View\\Engines\\PhpEngine->evaluatePath()
#2 /media/flavio/3437-6262/Projetos/laravel_ecommerce/vendor/laravel/framework/src/Illuminate/View/View.php(209): Illuminate\\View\\Engines\\CompilerEngine->get()
#3 /media/flavio/3437-6262/Projetos/laravel_ecommerce/vendor/laravel/framework/src/Illuminate/View/View.php(192): Illuminate\\View\\View->getContents()
#4 /media/flavio/3437-6262/Projetos/laravel_ecommerce/vendor/laravel/framework/src/Illuminate/View/View.php(161): Illuminate\\View\\View->renderContents()
#5 /media/flavio/3437-6262/Projetos/laravel_ecommerce/vendor/laravel/framework/src/Illuminate/Http/Response.php(70): Illuminate\\View\\View->render()
#6 /media/flavio/3437-6262/Projetos/laravel_ecommerce/vendor/laravel/framework/src/Illuminate/Http/Response.php(35): Illuminate\\Http\\Response->setContent()
#7 /media/flavio/3437-6262/Projetos/laravel_ecommerce/vendor/laravel/framework/src/Illuminate/Routing/Router.php(920): Illuminate\\Http\\Response->__construct()
#8 /media/flavio/3437-6262/Projetos/laravel_ecommerce/vendor/laravel/framework/src/Illuminate/Routing/Router.php(887): Illuminate\\Routing\\Router::toResponse()
#9 /media/flavio/3437-6262/Projetos/laravel_ecommerce/vendor/laravel/framework/src/Illuminate/Routing/Router.php(807): Illuminate\\Routing\\Router->prepareResponse()
#10 /media/flavio/3437-6262/Projetos/laravel_ecommerce/vendor/laravel/framework/src/Illuminate/Pipeline/Pipeline.php(144): Illuminate\\Routing\\Router->Illuminate\\Routing\\{closure}()
#11 /media/flavio/3437-6262/Projetos/laravel_ecommerce/vendor/laravel/framework/src/Illuminate/Routing/Middleware/SubstituteBindings.php(51): Illuminate\\Pipeline\\Pipeline->Illuminate\\Pipeline\\{closure}()
#12 /media/flavio/3437-6262/Projetos/laravel_ecommerce/vendor/laravel/framework/src/Illuminate/Pipeline/Pipeline.php(183): Illuminate\\Routing\\Middleware\\SubstituteBindings->handle()
#13 /media/flavio/3437-6262/Projetos/laravel_ecommerce/vendor/laravel/framework/src/Illuminate/Foundation/Http/Middleware/VerifyCsrfToken.php(88): Illuminate\\Pipeline\\Pipeline->Illuminate\\Pipeline\\{closure}()
#14 /media/flavio/3437-6262/Projetos/laravel_ecommerce/vendor/laravel/framework/src/Illuminate/Pipeline/Pipeline.php(183): Illuminate\\Foundation\\Http\\Middleware\\VerifyCsrfToken->handle()
#15 /media/flavio/3437-6262/Projetos/laravel_ecommerce/vendor/laravel/framework/src/Illuminate/View/Middleware/ShareErrorsFromSession.php(49): Illuminate\\Pipeline\\Pipeline->Illuminate\\Pipeline\\{closure}()
#16 /media/flavio/3437-6262/Projetos/laravel_ecommerce/vendor/laravel/framework/src/Illuminate/Pipeline/Pipeline.php(183): Illuminate\\View\\Middleware\\ShareErrorsFromSession->handle()
#17 /media/flavio/3437-6262/Projetos/laravel_ecommerce/vendor/laravel/framework/src/Illuminate/Session/Middleware/StartSession.php(121): Illuminate\\Pipeline\\Pipeline->Illuminate\\Pipeline\\{closure}()
#18 /media/flavio/3437-6262/Projetos/laravel_ecommerce/vendor/laravel/framework/src/Illuminate/Session/Middleware/StartSession.php(64): Illuminate\\Session\\Middleware\\StartSession->handleStatefulRequest()
#19 /media/flavio/3437-6262/Projetos/laravel_ecommerce/vendor/laravel/framework/src/Illuminate/Pipeline/Pipeline.php(183): Illuminate\\Session\\Middleware\\StartSession->handle()
#20 /media/flavio/3437-6262/Projetos/laravel_ecommerce/vendor/laravel/framework/src/Illuminate/Cookie/Middleware/AddQueuedCookiesToResponse.php(37): Illuminate\\Pipeline\\Pipeline->Illuminate\\Pipeline\\{closure}()
#21 /media/flavio/3437-6262/Projetos/laravel_ecommerce/vendor/laravel/framework/src/Illuminate/Pipeline/Pipeline.php(183): Illuminate\\Cookie\\Middleware\\AddQueuedCookiesToResponse->handle()
#22 /media/flavio/3437-6262/Projetos/laravel_ecommerce/vendor/laravel/framework/src/Illuminate/Cookie/Middleware/EncryptCookies.php(75): Illuminate\\Pipeline\\Pipeline->Illuminate\\Pipeline\\{closure}()
#23 /media/flavio/3437-6262/Projetos/laravel_ecommerce/vendor/laravel/framework/src/Illuminate/Pipeline/Pipeline.php(183): Illuminate\\Cookie\\Middleware\\EncryptCookies->handle()
#24 /media/flavio/3437-6262/Projetos/laravel_ecommerce/vendor/laravel/framework/src/Illuminate/Pipeline/Pipeline.php(119): Illuminate\\Pipeline\\Pipeline->Illuminate\\Pipeline\\{closure}()
#25 /media/flavio/3437-6262/Projetos/laravel_ecommerce/vendor/laravel/framework/src/Illuminate/Routing/Router.php(807): Illuminate\\Pipeline\\Pipeline->then()
#26 /media/flavio/3437-6262/Projetos/laravel_ecommerce/vendor/laravel/framework/src/Illuminate/Routing/Router.php(786): Illuminate\\Routing\\Router->runRouteWithinStack()
#27 /media/flavio/3437-6262/Projetos/laravel_ecommerce/vendor/laravel/framework/src/Illuminate/Routing/Router.php(750): Illuminate\\Routing\\Router->runRoute()
#28 /media/flavio/3437-6262/Projetos/laravel_ecommerce/vendor/laravel/framework/src/Illuminate/Routing/Router.php(739): Illuminate\\Routing\\Router->dispatchToRoute()
#29 /media/flavio/3437-6262/Projetos/laravel_ecommerce/vendor/laravel/framework/src/Illuminate/Foundation/Http/Kernel.php(201): Illuminate\\Routing\\Router->dispatch()
#30 /media/flavio/3437-6262/Projetos/laravel_ecommerce/vendor/laravel/framework/src/Illuminate/Pipeline/Pipeline.php(144): Illuminate\\Foundation\\Http\\Kernel->Illuminate\\Foundation\\Http\\{closure}()
#31 /media/flavio/3437-6262/Projetos/laravel_ecommerce/vendor/laravel/framework/src/Illuminate/Foundation/Http/Middleware/TransformsRequest.php(21): Illuminate\\Pipeline\\Pipeline->Illuminate\\Pipeline\\{closure}()
#32 /media/flavio/3437-6262/Projetos/laravel_ecommerce/vendor/laravel/framework/src/Illuminate/Foundation/Http/Middleware/ConvertEmptyStringsToNull.php(31): Illuminate\\Foundation\\Http\\Middleware\\TransformsRequest->handle()
#33 /media/flavio/3437-6262/Projetos/laravel_ecommerce/vendor/laravel/framework/src/Illuminate/Pipeline/Pipeline.php(183): Illuminate\\Foundation\\Http\\Middleware\\ConvertEmptyStringsToNull->handle()
#34 /media/flavio/3437-6262/Projetos/laravel_ecommerce/vendor/laravel/framework/src/Illuminate/Foundation/Http/Middleware/TransformsRequest.php(21): Illuminate\\Pipeline\\Pipeline->Illuminate\\Pipeline\\{closure}()
#35 /media/flavio/3437-6262/Projetos/laravel_ecommerce/vendor/laravel/framework/src/Illuminate/Foundation/Http/Middleware/TrimStrings.php(51): Illuminate\\Foundation\\Http\\Middleware\\TransformsRequest->handle()
#36 /media/flavio/3437-6262/Projetos/laravel_ecommerce/vendor/laravel/framework/src/Illuminate/Pipeline/Pipeline.php(183): Illuminate\\Foundation\\Http\\Middleware\\TrimStrings->handle()
#37 /media/flavio/3437-6262/Projetos/laravel_ecommerce/vendor/laravel/framework/src/Illuminate/Http/Middleware/ValidatePostSize.php(27): Illuminate\\Pipeline\\Pipeline->Illuminate\\Pipeline\\{closure}()
#38 /media/flavio/3437-6262/Projetos/laravel_ecommerce/vendor/laravel/framework/src/Illuminate/Pipeline/Pipeline.php(183): Illuminate\\Http\\Middleware\\ValidatePostSize->handle()
#39 /media/flavio/3437-6262/Projetos/laravel_ecommerce/vendor/laravel/framework/src/Illuminate/Foundation/Http/Middleware/PreventRequestsDuringMaintenance.php(110): Illuminate\\Pipeline\\Pipeline->Illuminate\\Pipeline\\{closure}()
#40 /media/flavio/3437-6262/Projetos/laravel_ecommerce/vendor/laravel/framework/src/Illuminate/Pipeline/Pipeline.php(183): Illuminate\\Foundation\\Http\\Middleware\\PreventRequestsDuringMaintenance->handle()
#41 /media/flavio/3437-6262/Projetos/laravel_ecommerce/vendor/laravel/framework/src/Illuminate/Http/Middleware/HandleCors.php(49): Illuminate\\Pipeline\\Pipeline->Illuminate\\Pipeline\\{closure}()
#42 /media/flavio/3437-6262/Projetos/laravel_ecommerce/vendor/laravel/framework/src/Illuminate/Pipeline/Pipeline.php(183): Illuminate\\Http\\Middleware\\HandleCors->handle()
#43 /media/flavio/3437-6262/Projetos/laravel_ecommerce/vendor/laravel/framework/src/Illuminate/Http/Middleware/TrustProxies.php(58): Illuminate\\Pipeline\\Pipeline->Illuminate\\Pipeline\\{closure}()
#44 /media/flavio/3437-6262/Projetos/laravel_ecommerce/vendor/laravel/framework/src/Illuminate/Pipeline/Pipeline.php(183): Illuminate\\Http\\Middleware\\TrustProxies->handle()
#45 /media/flavio/3437-6262/Projetos/laravel_ecommerce/vendor/laravel/framework/src/Illuminate/Foundation/Http/Middleware/InvokeDeferredCallbacks.php(22): Illuminate\\Pipeline\\Pipeline->Illuminate\\Pipeline\\{closure}()
#46 /media/flavio/3437-6262/Projetos/laravel_ecommerce/vendor/laravel/framework/src/Illuminate/Pipeline/Pipeline.php(183): Illuminate\\Foundation\\Http\\Middleware\\InvokeDeferredCallbacks->handle()
#47 /media/flavio/3437-6262/Projetos/laravel_ecommerce/vendor/laravel/framework/src/Illuminate/Pipeline/Pipeline.php(119): Illuminate\\Pipeline\\Pipeline->Illuminate\\Pipeline\\{closure}()
#48 /media/flavio/3437-6262/Projetos/laravel_ecommerce/vendor/laravel/framework/src/Illuminate/Foundation/Http/Kernel.php(176): Illuminate\\Pipeline\\Pipeline->then()
#49 /media/flavio/3437-6262/Projetos/laravel_ecommerce/vendor/laravel/framework/src/Illuminate/Foundation/Http/Kernel.php(145): Illuminate\\Foundation\\Http\\Kernel->sendRequestThroughRouter()
#50 /media/flavio/3437-6262/Projetos/laravel_ecommerce/vendor/laravel/framework/src/Illuminate/Foundation/Application.php(1190): Illuminate\\Foundation\\Http\\Kernel->handle()
#51 /media/flavio/3437-6262/Projetos/laravel_ecommerce/public/index.php(17): Illuminate\\Foundation\\Application->handleRequest()
#52 /media/flavio/3437-6262/Projetos/laravel_ecommerce/vendor/laravel/framework/src/Illuminate/Foundation/resources/server.php(23): require_once('...')
#53 {main}

[previous exception] [object] (ErrorException(code: 0): Attempt to read property \"id\" on null at /media/flavio/3437-6262/Projetos/laravel_ecommerce/storage/framework/views/17fa88171f7cb696e8cba607d58abefb.php:4)
[stacktrace]
#0 /media/flavio/3437-6262/Projetos/laravel_ecommerce/vendor/laravel/framework/src/Illuminate/Foundation/Bootstrap/HandleExceptions.php(290): Illuminate\\Foundation\\Bootstrap\\HandleExceptions->handleError()
#1 /media/flavio/3437-6262/Projetos/laravel_ecommerce/storage/framework/views/17fa88171f7cb696e8cba607d58abefb.php(4): Illuminate\\Foundation\\Bootstrap\\HandleExceptions->Illuminate\\Foundation\\Bootstrap\\{closure}()
#2 /media/flavio/3437-6262/Projetos/laravel_ecommerce/vendor/laravel/framework/src/Illuminate/Filesystem/Filesystem.php(123): require('...')
#3 /media/flavio/3437-6262/Projetos/laravel_ecommerce/vendor/laravel/framework/src/Illuminate/Filesystem/Filesystem.php(124): Illuminate\\Filesystem\\Filesystem::Illuminate\\Filesystem\\{closure}()
#4 /media/flavio/3437-6262/Projetos/laravel_ecommerce/vendor/laravel/framework/src/Illuminate/View/Engines/PhpEngine.php(58): Illuminate\\Filesystem\\Filesystem->getRequire()
#5 /media/flavio/3437-6262/Projetos/laravel_ecommerce/vendor/laravel/framework/src/Illuminate/View/Engines/CompilerEngine.php(75): Illuminate\\View\\Engines\\PhpEngine->evaluatePath()
#6 /media/flavio/3437-6262/Projetos/laravel_ecommerce/vendor/laravel/framework/src/Illuminate/View/View.php(209): Illuminate\\View\\Engines\\CompilerEngine->get()
#7 /media/flavio/3437-6262/Projetos/laravel_ecommerce/vendor/laravel/framework/src/Illuminate/View/View.php(192): Illuminate\\View\\View->getContents()
#8 /media/flavio/3437-6262/Projetos/laravel_ecommerce/vendor/laravel/framework/src/Illuminate/View/View.php(161): Illuminate\\View\\View->renderContents()
#9 /media/flavio/3437-6262/Projetos/laravel_ecommerce/vendor/laravel/framework/src/Illuminate/Http/Response.php(70): Illuminate\\View\\View->render()
#10 /media/flavio/3437-6262/Projetos/laravel_ecommerce/vendor/laravel/framework/src/Illuminate/Http/Response.php(35): Illuminate\\Http\\Response->setContent()
#11 /media/flavio/3437-6262/Projetos/laravel_ecommerce/vendor/laravel/framework/src/Illuminate/Routing/Router.php(920): Illuminate\\Http\\Response->__construct()
#12 /media/flavio/3437-6262/Projetos/laravel_ecommerce/vendor/laravel/framework/src/Illuminate/Routing/Router.php(887): Illuminate\\Routing\\Router::toResponse()
#13 /media/flavio/3437-6262/Projetos/laravel_ecommerce/vendor/laravel/framework/src/Illuminate/Routing/Router.php(807): Illuminate\\Routing\\Router->prepareResponse()
#14 /media/flavio/3437-6262/Projetos/laravel_ecommerce/vendor/laravel/framework/src/Illuminate/Pipeline/Pipeline.php(144): Illuminate\\Routing\\Router->Illuminate\\Routing\\{closure}()
#15 /media/flavio/3437-6262/Projetos/laravel_ecommerce/vendor/laravel/framework/src/Illuminate/Routing/Middleware/SubstituteBindings.php(51): Illuminate\\Pipeline\\Pipeline->Illuminate\\Pipeline\\{closure}()
#16 /media/flavio/3437-6262/Projetos/laravel_ecommerce/vendor/laravel/framework/src/Illuminate/Pipeline/Pipeline.php(183): Illuminate\\Routing\\Middleware\\SubstituteBindings->handle()
#17 /media/flavio/3437-6262/Projetos/laravel_ecommerce/vendor/laravel/framework/src/Illuminate/Foundation/Http/Middleware/VerifyCsrfToken.php(88): Illuminate\\Pipeline\\Pipeline->Illuminate\\Pipeline\\{closure}()
#18 /media/flavio/3437-6262/Projetos/laravel_ecommerce/vendor/laravel/framework/src/Illuminate/Pipeline/Pipeline.php(183): Illuminate\\Foundation\\Http\\Middleware\\VerifyCsrfToken->handle()
#19 /media/flavio/3437-6262/Projetos/laravel_ecommerce/vendor/laravel/framework/src/Illuminate/View/Middleware/ShareErrorsFromSession.php(49): Illuminate\\Pipeline\\Pipeline->Illuminate\\Pipeline\\{closure}()
#20 /media/flavio/3437-6262/Projetos/laravel_ecommerce/vendor/laravel/framework/src/Illuminate/Pipeline/Pipeline.php(183): Illuminate\\View\\Middleware\\ShareErrorsFromSession->handle()
#21 /media/flavio/3437-6262/Projetos/laravel_ecommerce/vendor/laravel/framework/src/Illuminate/Session/Middleware/StartSession.php(121): Illuminate\\Pipeline\\Pipeline->Illuminate\\Pipeline\\{closure}()
#22 /media/flavio/3437-6262/Projetos/laravel_ecommerce/vendor/laravel/framework/src/Illuminate/Session/Middleware/StartSession.php(64): Illuminate\\Session\\Middleware\\StartSession->handleStatefulRequest()
#23 /media/flavio/3437-6262/Projetos/laravel_ecommerce/vendor/laravel/framework/src/Illuminate/Pipeline/Pipeline.php(183): Illuminate\\Session\\Middleware\\StartSession->handle()
#24 /media/flavio/3437-6262/Projetos/laravel_ecommerce/vendor/laravel/framework/src/Illuminate/Cookie/Middleware/AddQueuedCookiesToResponse.php(37): Illuminate\\Pipeline\\Pipeline->Illuminate\\Pipeline\\{closure}()
#25 /media/flavio/3437-6262/Projetos/laravel_ecommerce/vendor/laravel/framework/src/Illuminate/Pipeline/Pipeline.php(183): Illuminate\\Cookie\\Middleware\\AddQueuedCookiesToResponse->handle()
#26 /media/flavio/3437-6262/Projetos/laravel_ecommerce/vendor/laravel/framework/src/Illuminate/Cookie/Middleware/EncryptCookies.php(75): Illuminate\\Pipeline\\Pipeline->Illuminate\\Pipeline\\{closure}()
#27 /media/flavio/3437-6262/Projetos/laravel_ecommerce/vendor/laravel/framework/src/Illuminate/Pipeline/Pipeline.php(183): Illuminate\\Cookie\\Middleware\\EncryptCookies->handle()
#28 /media/flavio/3437-6262/Projetos/laravel_ecommerce/vendor/laravel/framework/src/Illuminate/Pipeline/Pipeline.php(119): Illuminate\\Pipeline\\Pipeline->Illuminate\\Pipeline\\{closure}()
#29 /media/flavio/3437-6262/Projetos/laravel_ecommerce/vendor/laravel/framework/src/Illuminate/Routing/Router.php(807): Illuminate\\Pipeline\\Pipeline->then()
#30 /media/flavio/3437-6262/Projetos/laravel_ecommerce/vendor/laravel/framework/src/Illuminate/Routing/Router.php(786): Illuminate\\Routing\\Router->runRouteWithinStack()
#31 /media/flavio/3437-6262/Projetos/laravel_ecommerce/vendor/laravel/framework/src/Illuminate/Routing/Router.php(750): Illuminate\\Routing\\Router->runRoute()
#32 /media/flavio/3437-6262/Projetos/laravel_ecommerce/vendor/laravel/framework/src/Illuminate/Routing/Router.php(739): Illuminate\\Routing\\Router->dispatchToRoute()
#33 /media/flavio/3437-6262/Projetos/laravel_ecommerce/vendor/laravel/framework/src/Illuminate/Foundation/Http/Kernel.php(201): Illuminate\\Routing\\Router->dispatch()
#34 /media/flavio/3437-6262/Projetos/laravel_ecommerce/vendor/laravel/framework/src/Illuminate/Pipeline/Pipeline.php(144): Illuminate\\Foundation\\Http\\Kernel->Illuminate\\Foundation\\Http\\{closure}()
#35 /media/flavio/3437-6262/Projetos/laravel_ecommerce/vendor/laravel/framework/src/Illuminate/Foundation/Http/Middleware/TransformsRequest.php(21): Illuminate\\Pipeline\\Pipeline->Illuminate\\Pipeline\\{closure}()
#36 /media/flavio/3437-6262/Projetos/laravel_ecommerce/vendor/laravel/framework/src/Illuminate/Foundation/Http/Middleware/ConvertEmptyStringsToNull.php(31): Illuminate\\Foundation\\Http\\Middleware\\TransformsRequest->handle()
#37 /media/flavio/3437-6262/Projetos/laravel_ecommerce/vendor/laravel/framework/src/Illuminate/Pipeline/Pipeline.php(183): Illuminate\\Foundation\\Http\\Middleware\\ConvertEmptyStringsToNull->handle()
#38 /media/flavio/3437-6262/Projetos/laravel_ecommerce/vendor/laravel/framework/src/Illuminate/Foundation/Http/Middleware/TransformsRequest.php(21): Illuminate\\Pipeline\\Pipeline->Illuminate\\Pipeline\\{closure}()
#39 /media/flavio/3437-6262/Projetos/laravel_ecommerce/vendor/laravel/framework/src/Illuminate/Foundation/Http/Middleware/TrimStrings.php(51): Illuminate\\Foundation\\Http\\Middleware\\TransformsRequest->handle()
#40 /media/flavio/3437-6262/Projetos/laravel_ecommerce/vendor/laravel/framework/src/Illuminate/Pipeline/Pipeline.php(183): Illuminate\\Foundation\\Http\\Middleware\\TrimStrings->handle()
#41 /media/flavio/3437-6262/Projetos/laravel_ecommerce/vendor/laravel/framework/src/Illuminate/Http/Middleware/ValidatePostSize.php(27): Illuminate\\Pipeline\\Pipeline->Illuminate\\Pipeline\\{closure}()
#42 /media/flavio/3437-6262/Projetos/laravel_ecommerce/vendor/laravel/framework/src/Illuminate/Pipeline/Pipeline.php(183): Illuminate\\Http\\Middleware\\ValidatePostSize->handle()
#43 /media/flavio/3437-6262/Projetos/laravel_ecommerce/vendor/laravel/framework/src/Illuminate/Foundation/Http/Middleware/PreventRequestsDuringMaintenance.php(110): Illuminate\\Pipeline\\Pipeline->Illuminate\\Pipeline\\{closure}()
#44 /media/flavio/3437-6262/Projetos/laravel_ecommerce/vendor/laravel/framework/src/Illuminate/Pipeline/Pipeline.php(183): Illuminate\\Foundation\\Http\\Middleware\\PreventRequestsDuringMaintenance->handle()
#45 /media/flavio/3437-6262/Projetos/laravel_ecommerce/vendor/laravel/framework/src/Illuminate/Http/Middleware/HandleCors.php(49): Illuminate\\Pipeline\\Pipeline->Illuminate\\Pipeline\\{closure}()
#46 /media/flavio/3437-6262/Projetos/laravel_ecommerce/vendor/laravel/framework/src/Illuminate/Pipeline/Pipeline.php(183): Illuminate\\Http\\Middleware\\HandleCors->handle()
#47 /media/flavio/3437-6262/Projetos/laravel_ecommerce/vendor/laravel/framework/src/Illuminate/Http/Middleware/TrustProxies.php(58): Illuminate\\Pipeline\\Pipeline->Illuminate\\Pipeline\\{closure}()
#48 /media/flavio/3437-6262/Projetos/laravel_ecommerce/vendor/laravel/framework/src/Illuminate/Pipeline/Pipeline.php(183): Illuminate\\Http\\Middleware\\TrustProxies->handle()
#49 /media/flavio/3437-6262/Projetos/laravel_ecommerce/vendor/laravel/framework/src/Illuminate/Foundation/Http/Middleware/InvokeDeferredCallbacks.php(22): Illuminate\\Pipeline\\Pipeline->Illuminate\\Pipeline\\{closure}()
#50 /media/flavio/3437-6262/Projetos/laravel_ecommerce/vendor/laravel/framework/src/Illuminate/Pipeline/Pipeline.php(183): Illuminate\\Foundation\\Http\\Middleware\\InvokeDeferredCallbacks->handle()
#51 /media/flavio/3437-6262/Projetos/laravel_ecommerce/vendor/laravel/framework/src/Illuminate/Pipeline/Pipeline.php(119): Illuminate\\Pipeline\\Pipeline->Illuminate\\Pipeline\\{closure}()
#52 /media/flavio/3437-6262/Projetos/laravel_ecommerce/vendor/laravel/framework/src/Illuminate/Foundation/Http/Kernel.php(176): Illuminate\\Pipeline\\Pipeline->then()
#53 /media/flavio/3437-6262/Projetos/laravel_ecommerce/vendor/laravel/framework/src/Illuminate/Foundation/Http/Kernel.php(145): Illuminate\\Foundation\\Http\\Kernel->sendRequestThroughRouter()
#54 /media/flavio/3437-6262/Projetos/laravel_ecommerce/vendor/laravel/framework/src/Illuminate/Foundation/Application.php(1190): Illuminate\\Foundation\\Http\\Kernel->handle()
#55 /media/flavio/3437-6262/Projetos/laravel_ecommerce/public/index.php(17): Illuminate\\Foundation\\Application->handleRequest()
#56 /media/flavio/3437-6262/Projetos/laravel_ecommerce/vendor/laravel/framework/src/Illuminate/Foundation/resources/server.php(23): require_once('...')
#57 {main}
"} 
[2025-02-12 23:43:43] local.ERROR: Undefined variable $strore {"exception":"[object] (ErrorException(code: 0): Undefined variable $strore at /media/flavio/3437-6262/Projetos/laravel_ecommerce/app/Http/Controllers/Admin/StoreController.php:57)
[stacktrace]
#0 /media/flavio/3437-6262/Projetos/laravel_ecommerce/vendor/laravel/framework/src/Illuminate/Foundation/Bootstrap/HandleExceptions.php(290): Illuminate\\Foundation\\Bootstrap\\HandleExceptions->handleError()
#1 /media/flavio/3437-6262/Projetos/laravel_ecommerce/app/Http/Controllers/Admin/StoreController.php(57): Illuminate\\Foundation\\Bootstrap\\HandleExceptions->Illuminate\\Foundation\\Bootstrap\\{closure}()
#2 /media/flavio/3437-6262/Projetos/laravel_ecommerce/vendor/laravel/framework/src/Illuminate/Routing/ControllerDispatcher.php(47): App\\Http\\Controllers\\Admin\\StoreController->destroy()
#3 /media/flavio/3437-6262/Projetos/laravel_ecommerce/vendor/laravel/framework/src/Illuminate/Routing/Route.php(266): Illuminate\\Routing\\ControllerDispatcher->dispatch()
#4 /media/flavio/3437-6262/Projetos/laravel_ecommerce/vendor/laravel/framework/src/Illuminate/Routing/Route.php(212): Illuminate\\Routing\\Route->runController()
#5 /media/flavio/3437-6262/Projetos/laravel_ecommerce/vendor/laravel/framework/src/Illuminate/Routing/Router.php(808): Illuminate\\Routing\\Route->run()
#6 /media/flavio/3437-6262/Projetos/laravel_ecommerce/vendor/laravel/framework/src/Illuminate/Pipeline/Pipeline.php(144): Illuminate\\Routing\\Router->Illuminate\\Routing\\{closure}()
#7 /media/flavio/3437-6262/Projetos/laravel_ecommerce/vendor/laravel/framework/src/Illuminate/Routing/Middleware/SubstituteBindings.php(51): Illuminate\\Pipeline\\Pipeline->Illuminate\\Pipeline\\{closure}()
#8 /media/flavio/3437-6262/Projetos/laravel_ecommerce/vendor/laravel/framework/src/Illuminate/Pipeline/Pipeline.php(183): Illuminate\\Routing\\Middleware\\SubstituteBindings->handle()
#9 /media/flavio/3437-6262/Projetos/laravel_ecommerce/vendor/laravel/framework/src/Illuminate/Foundation/Http/Middleware/VerifyCsrfToken.php(88): Illuminate\\Pipeline\\Pipeline->Illuminate\\Pipeline\\{closure}()
#10 /media/flavio/3437-6262/Projetos/laravel_ecommerce/vendor/laravel/framework/src/Illuminate/Pipeline/Pipeline.php(183): Illuminate\\Foundation\\Http\\Middleware\\VerifyCsrfToken->handle()
#11 /media/flavio/3437-6262/Projetos/laravel_ecommerce/vendor/laravel/framework/src/Illuminate/View/Middleware/ShareErrorsFromSession.php(49): Illuminate\\Pipeline\\Pipeline->Illuminate\\Pipeline\\{closure}()
#12 /media/flavio/3437-6262/Projetos/laravel_ecommerce/vendor/laravel/framework/src/Illuminate/Pipeline/Pipeline.php(183): Illuminate\\View\\Middleware\\ShareErrorsFromSession->handle()
#13 /media/flavio/3437-6262/Projetos/laravel_ecommerce/vendor/laravel/framework/src/Illuminate/Session/Middleware/StartSession.php(121): Illuminate\\Pipeline\\Pipeline->Illuminate\\Pipeline\\{closure}()
#14 /media/flavio/3437-6262/Projetos/laravel_ecommerce/vendor/laravel/framework/src/Illuminate/Session/Middleware/StartSession.php(64): Illuminate\\Session\\Middleware\\StartSession->handleStatefulRequest()
#15 /media/flavio/3437-6262/Projetos/laravel_ecommerce/vendor/laravel/framework/src/Illuminate/Pipeline/Pipeline.php(183): Illuminate\\Session\\Middleware\\StartSession->handle()
#16 /media/flavio/3437-6262/Projetos/laravel_ecommerce/vendor/laravel/framework/src/Illuminate/Cookie/Middleware/AddQueuedCookiesToResponse.php(37): Illuminate\\Pipeline\\Pipeline->Illuminate\\Pipeline\\{closure}()
#17 /media/flavio/3437-6262/Projetos/laravel_ecommerce/vendor/laravel/framework/src/Illuminate/Pipeline/Pipeline.php(183): Illuminate\\Cookie\\Middleware\\AddQueuedCookiesToResponse->handle()
#18 /media/flavio/3437-6262/Projetos/laravel_ecommerce/vendor/laravel/framework/src/Illuminate/Cookie/Middleware/EncryptCookies.php(75): Illuminate\\Pipeline\\Pipeline->Illuminate\\Pipeline\\{closure}()
#19 /media/flavio/3437-6262/Projetos/laravel_ecommerce/vendor/laravel/framework/src/Illuminate/Pipeline/Pipeline.php(183): Illuminate\\Cookie\\Middleware\\EncryptCookies->handle()
#20 /media/flavio/3437-6262/Projetos/laravel_ecommerce/vendor/laravel/framework/src/Illuminate/Pipeline/Pipeline.php(119): Illuminate\\Pipeline\\Pipeline->Illuminate\\Pipeline\\{closure}()
#21 /media/flavio/3437-6262/Projetos/laravel_ecommerce/vendor/laravel/framework/src/Illuminate/Routing/Router.php(807): Illuminate\\Pipeline\\Pipeline->then()
#22 /media/flavio/3437-6262/Projetos/laravel_ecommerce/vendor/laravel/framework/src/Illuminate/Routing/Router.php(786): Illuminate\\Routing\\Router->runRouteWithinStack()
#23 /media/flavio/3437-6262/Projetos/laravel_ecommerce/vendor/laravel/framework/src/Illuminate/Routing/Router.php(750): Illuminate\\Routing\\Router->runRoute()
#24 /media/flavio/3437-6262/Projetos/laravel_ecommerce/vendor/laravel/framework/src/Illuminate/Routing/Router.php(739): Illuminate\\Routing\\Router->dispatchToRoute()
#25 /media/flavio/3437-6262/Projetos/laravel_ecommerce/vendor/laravel/framework/src/Illuminate/Foundation/Http/Kernel.php(201): Illuminate\\Routing\\Router->dispatch()
#26 /media/flavio/3437-6262/Projetos/laravel_ecommerce/vendor/laravel/framework/src/Illuminate/Pipeline/Pipeline.php(144): Illuminate\\Foundation\\Http\\Kernel->Illuminate\\Foundation\\Http\\{closure}()
#27 /media/flavio/3437-6262/Projetos/laravel_ecommerce/vendor/laravel/framework/src/Illuminate/Foundation/Http/Middleware/TransformsRequest.php(21): Illuminate\\Pipeline\\Pipeline->Illuminate\\Pipeline\\{closure}()
#28 /media/flavio/3437-6262/Projetos/laravel_ecommerce/vendor/laravel/framework/src/Illuminate/Foundation/Http/Middleware/ConvertEmptyStringsToNull.php(31): Illuminate\\Foundation\\Http\\Middleware\\TransformsRequest->handle()
#29 /media/flavio/3437-6262/Projetos/laravel_ecommerce/vendor/laravel/framework/src/Illuminate/Pipeline/Pipeline.php(183): Illuminate\\Foundation\\Http\\Middleware\\ConvertEmptyStringsToNull->handle()
#30 /media/flavio/3437-6262/Projetos/laravel_ecommerce/vendor/laravel/framework/src/Illuminate/Foundation/Http/Middleware/TransformsRequest.php(21): Illuminate\\Pipeline\\Pipeline->Illuminate\\Pipeline\\{closure}()
#31 /media/flavio/3437-6262/Projetos/laravel_ecommerce/vendor/laravel/framework/src/Illuminate/Foundation/Http/Middleware/TrimStrings.php(51): Illuminate\\Foundation\\Http\\Middleware\\TransformsRequest->handle()
#32 /media/flavio/3437-6262/Projetos/laravel_ecommerce/vendor/laravel/framework/src/Illuminate/Pipeline/Pipeline.php(183): Illuminate\\Foundation\\Http\\Middleware\\TrimStrings->handle()
#33 /media/flavio/3437-6262/Projetos/laravel_ecommerce/vendor/laravel/framework/src/Illuminate/Http/Middleware/ValidatePostSize.php(27): Illuminate\\Pipeline\\Pipeline->Illuminate\\Pipeline\\{closure}()
#34 /media/flavio/3437-6262/Projetos/laravel_ecommerce/vendor/laravel/framework/src/Illuminate/Pipeline/Pipeline.php(183): Illuminate\\Http\\Middleware\\ValidatePostSize->handle()
#35 /media/flavio/3437-6262/Projetos/laravel_ecommerce/vendor/laravel/framework/src/Illuminate/Foundation/Http/Middleware/PreventRequestsDuringMaintenance.php(110): Illuminate\\Pipeline\\Pipeline->Illuminate\\Pipeline\\{closure}()
#36 /media/flavio/3437-6262/Projetos/laravel_ecommerce/vendor/laravel/framework/src/Illuminate/Pipeline/Pipeline.php(183): Illuminate\\Foundation\\Http\\Middleware\\PreventRequestsDuringMaintenance->handle()
#37 /media/flavio/3437-6262/Projetos/laravel_ecommerce/vendor/laravel/framework/src/Illuminate/Http/Middleware/HandleCors.php(49): Illuminate\\Pipeline\\Pipeline->Illuminate\\Pipeline\\{closure}()
#38 /media/flavio/3437-6262/Projetos/laravel_ecommerce/vendor/laravel/framework/src/Illuminate/Pipeline/Pipeline.php(183): Illuminate\\Http\\Middleware\\HandleCors->handle()
#39 /media/flavio/3437-6262/Projetos/laravel_ecommerce/vendor/laravel/framework/src/Illuminate/Http/Middleware/TrustProxies.php(58): Illuminate\\Pipeline\\Pipeline->Illuminate\\Pipeline\\{closure}()
#40 /media/flavio/3437-6262/Projetos/laravel_ecommerce/vendor/laravel/framework/src/Illuminate/Pipeline/Pipeline.php(183): Illuminate\\Http\\Middleware\\TrustProxies->handle()
#41 /media/flavio/3437-6262/Projetos/laravel_ecommerce/vendor/laravel/framework/src/Illuminate/Foundation/Http/Middleware/InvokeDeferredCallbacks.php(22): Illuminate\\Pipeline\\Pipeline->Illuminate\\Pipeline\\{closure}()
#42 /media/flavio/3437-6262/Projetos/laravel_ecommerce/vendor/laravel/framework/src/Illuminate/Pipeline/Pipeline.php(183): Illuminate\\Foundation\\Http\\Middleware\\InvokeDeferredCallbacks->handle()
#43 /media/flavio/3437-6262/Projetos/laravel_ecommerce/vendor/laravel/framework/src/Illuminate/Pipeline/Pipeline.php(119): Illuminate\\Pipeline\\Pipeline->Illuminate\\Pipeline\\{closure}()
#44 /media/flavio/3437-6262/Projetos/laravel_ecommerce/vendor/laravel/framework/src/Illuminate/Foundation/Http/Kernel.php(176): Illuminate\\Pipeline\\Pipeline->then()
#45 /media/flavio/3437-6262/Projetos/laravel_ecommerce/vendor/laravel/framework/src/Illuminate/Foundation/Http/Kernel.php(145): Illuminate\\Foundation\\Http\\Kernel->sendRequestThroughRouter()
#46 /media/flavio/3437-6262/Projetos/laravel_ecommerce/vendor/laravel/framework/src/Illuminate/Foundation/Application.php(1190): Illuminate\\Foundation\\Http\\Kernel->handle()
#47 /media/flavio/3437-6262/Projetos/laravel_ecommerce/public/index.php(17): Illuminate\\Foundation\\Application->handleRequest()
#48 /media/flavio/3437-6262/Projetos/laravel_ecommerce/vendor/laravel/framework/src/Illuminate/Foundation/resources/server.php(23): require_once('...')
#49 {main}
"} 
[2025-02-13 00:07:34] local.ERROR: Attempt to read property "id" on null (View: /media/flavio/3437-6262/Projetos/laravel_ecommerce/resources/views/admin/stores/edit.blade.php) {"exception":"[object] (Illuminate\\View\\ViewException(code: 0): Attempt to read property \"id\" on null (View: /media/flavio/3437-6262/Projetos/laravel_ecommerce/resources/views/admin/stores/edit.blade.php) at /media/flavio/3437-6262/Projetos/laravel_ecommerce/storage/framework/views/17fa88171f7cb696e8cba607d58abefb.php:4)
[stacktrace]
#0 /media/flavio/3437-6262/Projetos/laravel_ecommerce/vendor/laravel/framework/src/Illuminate/View/Engines/PhpEngine.php(60): Illuminate\\View\\Engines\\CompilerEngine->handleViewException()
#1 /media/flavio/3437-6262/Projetos/laravel_ecommerce/vendor/laravel/framework/src/Illuminate/View/Engines/CompilerEngine.php(75): Illuminate\\View\\Engines\\PhpEngine->evaluatePath()
#2 /media/flavio/3437-6262/Projetos/laravel_ecommerce/vendor/laravel/framework/src/Illuminate/View/View.php(209): Illuminate\\View\\Engines\\CompilerEngine->get()
#3 /media/flavio/3437-6262/Projetos/laravel_ecommerce/vendor/laravel/framework/src/Illuminate/View/View.php(192): Illuminate\\View\\View->getContents()
#4 /media/flavio/3437-6262/Projetos/laravel_ecommerce/vendor/laravel/framework/src/Illuminate/View/View.php(161): Illuminate\\View\\View->renderContents()
#5 /media/flavio/3437-6262/Projetos/laravel_ecommerce/vendor/laravel/framework/src/Illuminate/Http/Response.php(70): Illuminate\\View\\View->render()
#6 /media/flavio/3437-6262/Projetos/laravel_ecommerce/vendor/laravel/framework/src/Illuminate/Http/Response.php(35): Illuminate\\Http\\Response->setContent()
#7 /media/flavio/3437-6262/Projetos/laravel_ecommerce/vendor/laravel/framework/src/Illuminate/Routing/Router.php(920): Illuminate\\Http\\Response->__construct()
#8 /media/flavio/3437-6262/Projetos/laravel_ecommerce/vendor/laravel/framework/src/Illuminate/Routing/Router.php(887): Illuminate\\Routing\\Router::toResponse()
#9 /media/flavio/3437-6262/Projetos/laravel_ecommerce/vendor/laravel/framework/src/Illuminate/Routing/Router.php(807): Illuminate\\Routing\\Router->prepareResponse()
#10 /media/flavio/3437-6262/Projetos/laravel_ecommerce/vendor/laravel/framework/src/Illuminate/Pipeline/Pipeline.php(144): Illuminate\\Routing\\Router->Illuminate\\Routing\\{closure}()
#11 /media/flavio/3437-6262/Projetos/laravel_ecommerce/vendor/laravel/framework/src/Illuminate/Routing/Middleware/SubstituteBindings.php(51): Illuminate\\Pipeline\\Pipeline->Illuminate\\Pipeline\\{closure}()
#12 /media/flavio/3437-6262/Projetos/laravel_ecommerce/vendor/laravel/framework/src/Illuminate/Pipeline/Pipeline.php(183): Illuminate\\Routing\\Middleware\\SubstituteBindings->handle()
#13 /media/flavio/3437-6262/Projetos/laravel_ecommerce/vendor/laravel/framework/src/Illuminate/Foundation/Http/Middleware/VerifyCsrfToken.php(88): Illuminate\\Pipeline\\Pipeline->Illuminate\\Pipeline\\{closure}()
#14 /media/flavio/3437-6262/Projetos/laravel_ecommerce/vendor/laravel/framework/src/Illuminate/Pipeline/Pipeline.php(183): Illuminate\\Foundation\\Http\\Middleware\\VerifyCsrfToken->handle()
#15 /media/flavio/3437-6262/Projetos/laravel_ecommerce/vendor/laravel/framework/src/Illuminate/View/Middleware/ShareErrorsFromSession.php(49): Illuminate\\Pipeline\\Pipeline->Illuminate\\Pipeline\\{closure}()
#16 /media/flavio/3437-6262/Projetos/laravel_ecommerce/vendor/laravel/framework/src/Illuminate/Pipeline/Pipeline.php(183): Illuminate\\View\\Middleware\\ShareErrorsFromSession->handle()
#17 /media/flavio/3437-6262/Projetos/laravel_ecommerce/vendor/laravel/framework/src/Illuminate/Session/Middleware/StartSession.php(121): Illuminate\\Pipeline\\Pipeline->Illuminate\\Pipeline\\{closure}()
#18 /media/flavio/3437-6262/Projetos/laravel_ecommerce/vendor/laravel/framework/src/Illuminate/Session/Middleware/StartSession.php(64): Illuminate\\Session\\Middleware\\StartSession->handleStatefulRequest()
#19 /media/flavio/3437-6262/Projetos/laravel_ecommerce/vendor/laravel/framework/src/Illuminate/Pipeline/Pipeline.php(183): Illuminate\\Session\\Middleware\\StartSession->handle()
#20 /media/flavio/3437-6262/Projetos/laravel_ecommerce/vendor/laravel/framework/src/Illuminate/Cookie/Middleware/AddQueuedCookiesToResponse.php(37): Illuminate\\Pipeline\\Pipeline->Illuminate\\Pipeline\\{closure}()
#21 /media/flavio/3437-6262/Projetos/laravel_ecommerce/vendor/laravel/framework/src/Illuminate/Pipeline/Pipeline.php(183): Illuminate\\Cookie\\Middleware\\AddQueuedCookiesToResponse->handle()
#22 /media/flavio/3437-6262/Projetos/laravel_ecommerce/vendor/laravel/framework/src/Illuminate/Cookie/Middleware/EncryptCookies.php(75): Illuminate\\Pipeline\\Pipeline->Illuminate\\Pipeline\\{closure}()
#23 /media/flavio/3437-6262/Projetos/laravel_ecommerce/vendor/laravel/framework/src/Illuminate/Pipeline/Pipeline.php(183): Illuminate\\Cookie\\Middleware\\EncryptCookies->handle()
#24 /media/flavio/3437-6262/Projetos/laravel_ecommerce/vendor/laravel/framework/src/Illuminate/Pipeline/Pipeline.php(119): Illuminate\\Pipeline\\Pipeline->Illuminate\\Pipeline\\{closure}()
#25 /media/flavio/3437-6262/Projetos/laravel_ecommerce/vendor/laravel/framework/src/Illuminate/Routing/Router.php(807): Illuminate\\Pipeline\\Pipeline->then()
#26 /media/flavio/3437-6262/Projetos/laravel_ecommerce/vendor/laravel/framework/src/Illuminate/Routing/Router.php(786): Illuminate\\Routing\\Router->runRouteWithinStack()
#27 /media/flavio/3437-6262/Projetos/laravel_ecommerce/vendor/laravel/framework/src/Illuminate/Routing/Router.php(750): Illuminate\\Routing\\Router->runRoute()
#28 /media/flavio/3437-6262/Projetos/laravel_ecommerce/vendor/laravel/framework/src/Illuminate/Routing/Router.php(739): Illuminate\\Routing\\Router->dispatchToRoute()
#29 /media/flavio/3437-6262/Projetos/laravel_ecommerce/vendor/laravel/framework/src/Illuminate/Foundation/Http/Kernel.php(201): Illuminate\\Routing\\Router->dispatch()
#30 /media/flavio/3437-6262/Projetos/laravel_ecommerce/vendor/laravel/framework/src/Illuminate/Pipeline/Pipeline.php(144): Illuminate\\Foundation\\Http\\Kernel->Illuminate\\Foundation\\Http\\{closure}()
#31 /media/flavio/3437-6262/Projetos/laravel_ecommerce/vendor/laravel/framework/src/Illuminate/Foundation/Http/Middleware/TransformsRequest.php(21): Illuminate\\Pipeline\\Pipeline->Illuminate\\Pipeline\\{closure}()
#32 /media/flavio/3437-6262/Projetos/laravel_ecommerce/vendor/laravel/framework/src/Illuminate/Foundation/Http/Middleware/ConvertEmptyStringsToNull.php(31): Illuminate\\Foundation\\Http\\Middleware\\TransformsRequest->handle()
#33 /media/flavio/3437-6262/Projetos/laravel_ecommerce/vendor/laravel/framework/src/Illuminate/Pipeline/Pipeline.php(183): Illuminate\\Foundation\\Http\\Middleware\\ConvertEmptyStringsToNull->handle()
#34 /media/flavio/3437-6262/Projetos/laravel_ecommerce/vendor/laravel/framework/src/Illuminate/Foundation/Http/Middleware/TransformsRequest.php(21): Illuminate\\Pipeline\\Pipeline->Illuminate\\Pipeline\\{closure}()
#35 /media/flavio/3437-6262/Projetos/laravel_ecommerce/vendor/laravel/framework/src/Illuminate/Foundation/Http/Middleware/TrimStrings.php(51): Illuminate\\Foundation\\Http\\Middleware\\TransformsRequest->handle()
#36 /media/flavio/3437-6262/Projetos/laravel_ecommerce/vendor/laravel/framework/src/Illuminate/Pipeline/Pipeline.php(183): Illuminate\\Foundation\\Http\\Middleware\\TrimStrings->handle()
#37 /media/flavio/3437-6262/Projetos/laravel_ecommerce/vendor/laravel/framework/src/Illuminate/Http/Middleware/ValidatePostSize.php(27): Illuminate\\Pipeline\\Pipeline->Illuminate\\Pipeline\\{closure}()
#38 /media/flavio/3437-6262/Projetos/laravel_ecommerce/vendor/laravel/framework/src/Illuminate/Pipeline/Pipeline.php(183): Illuminate\\Http\\Middleware\\ValidatePostSize->handle()
#39 /media/flavio/3437-6262/Projetos/laravel_ecommerce/vendor/laravel/framework/src/Illuminate/Foundation/Http/Middleware/PreventRequestsDuringMaintenance.php(110): Illuminate\\Pipeline\\Pipeline->Illuminate\\Pipeline\\{closure}()
#40 /media/flavio/3437-6262/Projetos/laravel_ecommerce/vendor/laravel/framework/src/Illuminate/Pipeline/Pipeline.php(183): Illuminate\\Foundation\\Http\\Middleware\\PreventRequestsDuringMaintenance->handle()
#41 /media/flavio/3437-6262/Projetos/laravel_ecommerce/vendor/laravel/framework/src/Illuminate/Http/Middleware/HandleCors.php(49): Illuminate\\Pipeline\\Pipeline->Illuminate\\Pipeline\\{closure}()
#42 /media/flavio/3437-6262/Projetos/laravel_ecommerce/vendor/laravel/framework/src/Illuminate/Pipeline/Pipeline.php(183): Illuminate\\Http\\Middleware\\HandleCors->handle()
#43 /media/flavio/3437-6262/Projetos/laravel_ecommerce/vendor/laravel/framework/src/Illuminate/Http/Middleware/TrustProxies.php(58): Illuminate\\Pipeline\\Pipeline->Illuminate\\Pipeline\\{closure}()
#44 /media/flavio/3437-6262/Projetos/laravel_ecommerce/vendor/laravel/framework/src/Illuminate/Pipeline/Pipeline.php(183): Illuminate\\Http\\Middleware\\TrustProxies->handle()
#45 /media/flavio/3437-6262/Projetos/laravel_ecommerce/vendor/laravel/framework/src/Illuminate/Foundation/Http/Middleware/InvokeDeferredCallbacks.php(22): Illuminate\\Pipeline\\Pipeline->Illuminate\\Pipeline\\{closure}()
#46 /media/flavio/3437-6262/Projetos/laravel_ecommerce/vendor/laravel/framework/src/Illuminate/Pipeline/Pipeline.php(183): Illuminate\\Foundation\\Http\\Middleware\\InvokeDeferredCallbacks->handle()
#47 /media/flavio/3437-6262/Projetos/laravel_ecommerce/vendor/laravel/framework/src/Illuminate/Pipeline/Pipeline.php(119): Illuminate\\Pipeline\\Pipeline->Illuminate\\Pipeline\\{closure}()
#48 /media/flavio/3437-6262/Projetos/laravel_ecommerce/vendor/laravel/framework/src/Illuminate/Foundation/Http/Kernel.php(176): Illuminate\\Pipeline\\Pipeline->then()
#49 /media/flavio/3437-6262/Projetos/laravel_ecommerce/vendor/laravel/framework/src/Illuminate/Foundation/Http/Kernel.php(145): Illuminate\\Foundation\\Http\\Kernel->sendRequestThroughRouter()
#50 /media/flavio/3437-6262/Projetos/laravel_ecommerce/vendor/laravel/framework/src/Illuminate/Foundation/Application.php(1190): Illuminate\\Foundation\\Http\\Kernel->handle()
#51 /media/flavio/3437-6262/Projetos/laravel_ecommerce/public/index.php(17): Illuminate\\Foundation\\Application->handleRequest()
#52 /media/flavio/3437-6262/Projetos/laravel_ecommerce/vendor/laravel/framework/src/Illuminate/Foundation/resources/server.php(23): require_once('...')
#53 {main}

[previous exception] [object] (ErrorException(code: 0): Attempt to read property \"id\" on null at /media/flavio/3437-6262/Projetos/laravel_ecommerce/storage/framework/views/17fa88171f7cb696e8cba607d58abefb.php:4)
[stacktrace]
#0 /media/flavio/3437-6262/Projetos/laravel_ecommerce/vendor/laravel/framework/src/Illuminate/Foundation/Bootstrap/HandleExceptions.php(290): Illuminate\\Foundation\\Bootstrap\\HandleExceptions->handleError()
#1 /media/flavio/3437-6262/Projetos/laravel_ecommerce/storage/framework/views/17fa88171f7cb696e8cba607d58abefb.php(4): Illuminate\\Foundation\\Bootstrap\\HandleExceptions->Illuminate\\Foundation\\Bootstrap\\{closure}()
#2 /media/flavio/3437-6262/Projetos/laravel_ecommerce/vendor/laravel/framework/src/Illuminate/Filesystem/Filesystem.php(123): require('...')
#3 /media/flavio/3437-6262/Projetos/laravel_ecommerce/vendor/laravel/framework/src/Illuminate/Filesystem/Filesystem.php(124): Illuminate\\Filesystem\\Filesystem::Illuminate\\Filesystem\\{closure}()
#4 /media/flavio/3437-6262/Projetos/laravel_ecommerce/vendor/laravel/framework/src/Illuminate/View/Engines/PhpEngine.php(58): Illuminate\\Filesystem\\Filesystem->getRequire()
#5 /media/flavio/3437-6262/Projetos/laravel_ecommerce/vendor/laravel/framework/src/Illuminate/View/Engines/CompilerEngine.php(75): Illuminate\\View\\Engines\\PhpEngine->evaluatePath()
#6 /media/flavio/3437-6262/Projetos/laravel_ecommerce/vendor/laravel/framework/src/Illuminate/View/View.php(209): Illuminate\\View\\Engines\\CompilerEngine->get()
#7 /media/flavio/3437-6262/Projetos/laravel_ecommerce/vendor/laravel/framework/src/Illuminate/View/View.php(192): Illuminate\\View\\View->getContents()
#8 /media/flavio/3437-6262/Projetos/laravel_ecommerce/vendor/laravel/framework/src/Illuminate/View/View.php(161): Illuminate\\View\\View->renderContents()
#9 /media/flavio/3437-6262/Projetos/laravel_ecommerce/vendor/laravel/framework/src/Illuminate/Http/Response.php(70): Illuminate\\View\\View->render()
#10 /media/flavio/3437-6262/Projetos/laravel_ecommerce/vendor/laravel/framework/src/Illuminate/Http/Response.php(35): Illuminate\\Http\\Response->setContent()
#11 /media/flavio/3437-6262/Projetos/laravel_ecommerce/vendor/laravel/framework/src/Illuminate/Routing/Router.php(920): Illuminate\\Http\\Response->__construct()
#12 /media/flavio/3437-6262/Projetos/laravel_ecommerce/vendor/laravel/framework/src/Illuminate/Routing/Router.php(887): Illuminate\\Routing\\Router::toResponse()
#13 /media/flavio/3437-6262/Projetos/laravel_ecommerce/vendor/laravel/framework/src/Illuminate/Routing/Router.php(807): Illuminate\\Routing\\Router->prepareResponse()
#14 /media/flavio/3437-6262/Projetos/laravel_ecommerce/vendor/laravel/framework/src/Illuminate/Pipeline/Pipeline.php(144): Illuminate\\Routing\\Router->Illuminate\\Routing\\{closure}()
#15 /media/flavio/3437-6262/Projetos/laravel_ecommerce/vendor/laravel/framework/src/Illuminate/Routing/Middleware/SubstituteBindings.php(51): Illuminate\\Pipeline\\Pipeline->Illuminate\\Pipeline\\{closure}()
#16 /media/flavio/3437-6262/Projetos/laravel_ecommerce/vendor/laravel/framework/src/Illuminate/Pipeline/Pipeline.php(183): Illuminate\\Routing\\Middleware\\SubstituteBindings->handle()
#17 /media/flavio/3437-6262/Projetos/laravel_ecommerce/vendor/laravel/framework/src/Illuminate/Foundation/Http/Middleware/VerifyCsrfToken.php(88): Illuminate\\Pipeline\\Pipeline->Illuminate\\Pipeline\\{closure}()
#18 /media/flavio/3437-6262/Projetos/laravel_ecommerce/vendor/laravel/framework/src/Illuminate/Pipeline/Pipeline.php(183): Illuminate\\Foundation\\Http\\Middleware\\VerifyCsrfToken->handle()
#19 /media/flavio/3437-6262/Projetos/laravel_ecommerce/vendor/laravel/framework/src/Illuminate/View/Middleware/ShareErrorsFromSession.php(49): Illuminate\\Pipeline\\Pipeline->Illuminate\\Pipeline\\{closure}()
#20 /media/flavio/3437-6262/Projetos/laravel_ecommerce/vendor/laravel/framework/src/Illuminate/Pipeline/Pipeline.php(183): Illuminate\\View\\Middleware\\ShareErrorsFromSession->handle()
#21 /media/flavio/3437-6262/Projetos/laravel_ecommerce/vendor/laravel/framework/src/Illuminate/Session/Middleware/StartSession.php(121): Illuminate\\Pipeline\\Pipeline->Illuminate\\Pipeline\\{closure}()
#22 /media/flavio/3437-6262/Projetos/laravel_ecommerce/vendor/laravel/framework/src/Illuminate/Session/Middleware/StartSession.php(64): Illuminate\\Session\\Middleware\\StartSession->handleStatefulRequest()
#23 /media/flavio/3437-6262/Projetos/laravel_ecommerce/vendor/laravel/framework/src/Illuminate/Pipeline/Pipeline.php(183): Illuminate\\Session\\Middleware\\StartSession->handle()
#24 /media/flavio/3437-6262/Projetos/laravel_ecommerce/vendor/laravel/framework/src/Illuminate/Cookie/Middleware/AddQueuedCookiesToResponse.php(37): Illuminate\\Pipeline\\Pipeline->Illuminate\\Pipeline\\{closure}()
#25 /media/flavio/3437-6262/Projetos/laravel_ecommerce/vendor/laravel/framework/src/Illuminate/Pipeline/Pipeline.php(183): Illuminate\\Cookie\\Middleware\\AddQueuedCookiesToResponse->handle()
#26 /media/flavio/3437-6262/Projetos/laravel_ecommerce/vendor/laravel/framework/src/Illuminate/Cookie/Middleware/EncryptCookies.php(75): Illuminate\\Pipeline\\Pipeline->Illuminate\\Pipeline\\{closure}()
#27 /media/flavio/3437-6262/Projetos/laravel_ecommerce/vendor/laravel/framework/src/Illuminate/Pipeline/Pipeline.php(183): Illuminate\\Cookie\\Middleware\\EncryptCookies->handle()
#28 /media/flavio/3437-6262/Projetos/laravel_ecommerce/vendor/laravel/framework/src/Illuminate/Pipeline/Pipeline.php(119): Illuminate\\Pipeline\\Pipeline->Illuminate\\Pipeline\\{closure}()
#29 /media/flavio/3437-6262/Projetos/laravel_ecommerce/vendor/laravel/framework/src/Illuminate/Routing/Router.php(807): Illuminate\\Pipeline\\Pipeline->then()
#30 /media/flavio/3437-6262/Projetos/laravel_ecommerce/vendor/laravel/framework/src/Illuminate/Routing/Router.php(786): Illuminate\\Routing\\Router->runRouteWithinStack()
#31 /media/flavio/3437-6262/Projetos/laravel_ecommerce/vendor/laravel/framework/src/Illuminate/Routing/Router.php(750): Illuminate\\Routing\\Router->runRoute()
#32 /media/flavio/3437-6262/Projetos/laravel_ecommerce/vendor/laravel/framework/src/Illuminate/Routing/Router.php(739): Illuminate\\Routing\\Router->dispatchToRoute()
#33 /media/flavio/3437-6262/Projetos/laravel_ecommerce/vendor/laravel/framework/src/Illuminate/Foundation/Http/Kernel.php(201): Illuminate\\Routing\\Router->dispatch()
#34 /media/flavio/3437-6262/Projetos/laravel_ecommerce/vendor/laravel/framework/src/Illuminate/Pipeline/Pipeline.php(144): Illuminate\\Foundation\\Http\\Kernel->Illuminate\\Foundation\\Http\\{closure}()
#35 /media/flavio/3437-6262/Projetos/laravel_ecommerce/vendor/laravel/framework/src/Illuminate/Foundation/Http/Middleware/TransformsRequest.php(21): Illuminate\\Pipeline\\Pipeline->Illuminate\\Pipeline\\{closure}()
#36 /media/flavio/3437-6262/Projetos/laravel_ecommerce/vendor/laravel/framework/src/Illuminate/Foundation/Http/Middleware/ConvertEmptyStringsToNull.php(31): Illuminate\\Foundation\\Http\\Middleware\\TransformsRequest->handle()
#37 /media/flavio/3437-6262/Projetos/laravel_ecommerce/vendor/laravel/framework/src/Illuminate/Pipeline/Pipeline.php(183): Illuminate\\Foundation\\Http\\Middleware\\ConvertEmptyStringsToNull->handle()
#38 /media/flavio/3437-6262/Projetos/laravel_ecommerce/vendor/laravel/framework/src/Illuminate/Foundation/Http/Middleware/TransformsRequest.php(21): Illuminate\\Pipeline\\Pipeline->Illuminate\\Pipeline\\{closure}()
#39 /media/flavio/3437-6262/Projetos/laravel_ecommerce/vendor/laravel/framework/src/Illuminate/Foundation/Http/Middleware/TrimStrings.php(51): Illuminate\\Foundation\\Http\\Middleware\\TransformsRequest->handle()
#40 /media/flavio/3437-6262/Projetos/laravel_ecommerce/vendor/laravel/framework/src/Illuminate/Pipeline/Pipeline.php(183): Illuminate\\Foundation\\Http\\Middleware\\TrimStrings->handle()
#41 /media/flavio/3437-6262/Projetos/laravel_ecommerce/vendor/laravel/framework/src/Illuminate/Http/Middleware/ValidatePostSize.php(27): Illuminate\\Pipeline\\Pipeline->Illuminate\\Pipeline\\{closure}()
#42 /media/flavio/3437-6262/Projetos/laravel_ecommerce/vendor/laravel/framework/src/Illuminate/Pipeline/Pipeline.php(183): Illuminate\\Http\\Middleware\\ValidatePostSize->handle()
#43 /media/flavio/3437-6262/Projetos/laravel_ecommerce/vendor/laravel/framework/src/Illuminate/Foundation/Http/Middleware/PreventRequestsDuringMaintenance.php(110): Illuminate\\Pipeline\\Pipeline->Illuminate\\Pipeline\\{closure}()
#44 /media/flavio/3437-6262/Projetos/laravel_ecommerce/vendor/laravel/framework/src/Illuminate/Pipeline/Pipeline.php(183): Illuminate\\Foundation\\Http\\Middleware\\PreventRequestsDuringMaintenance->handle()
#45 /media/flavio/3437-6262/Projetos/laravel_ecommerce/vendor/laravel/framework/src/Illuminate/Http/Middleware/HandleCors.php(49): Illuminate\\Pipeline\\Pipeline->Illuminate\\Pipeline\\{closure}()
#46 /media/flavio/3437-6262/Projetos/laravel_ecommerce/vendor/laravel/framework/src/Illuminate/Pipeline/Pipeline.php(183): Illuminate\\Http\\Middleware\\HandleCors->handle()
#47 /media/flavio/3437-6262/Projetos/laravel_ecommerce/vendor/laravel/framework/src/Illuminate/Http/Middleware/TrustProxies.php(58): Illuminate\\Pipeline\\Pipeline->Illuminate\\Pipeline\\{closure}()
#48 /media/flavio/3437-6262/Projetos/laravel_ecommerce/vendor/laravel/framework/src/Illuminate/Pipeline/Pipeline.php(183): Illuminate\\Http\\Middleware\\TrustProxies->handle()
#49 /media/flavio/3437-6262/Projetos/laravel_ecommerce/vendor/laravel/framework/src/Illuminate/Foundation/Http/Middleware/InvokeDeferredCallbacks.php(22): Illuminate\\Pipeline\\Pipeline->Illuminate\\Pipeline\\{closure}()
#50 /media/flavio/3437-6262/Projetos/laravel_ecommerce/vendor/laravel/framework/src/Illuminate/Pipeline/Pipeline.php(183): Illuminate\\Foundation\\Http\\Middleware\\InvokeDeferredCallbacks->handle()
#51 /media/flavio/3437-6262/Projetos/laravel_ecommerce/vendor/laravel/framework/src/Illuminate/Pipeline/Pipeline.php(119): Illuminate\\Pipeline\\Pipeline->Illuminate\\Pipeline\\{closure}()
#52 /media/flavio/3437-6262/Projetos/laravel_ecommerce/vendor/laravel/framework/src/Illuminate/Foundation/Http/Kernel.php(176): Illuminate\\Pipeline\\Pipeline->then()
#53 /media/flavio/3437-6262/Projetos/laravel_ecommerce/vendor/laravel/framework/src/Illuminate/Foundation/Http/Kernel.php(145): Illuminate\\Foundation\\Http\\Kernel->sendRequestThroughRouter()
#54 /media/flavio/3437-6262/Projetos/laravel_ecommerce/vendor/laravel/framework/src/Illuminate/Foundation/Application.php(1190): Illuminate\\Foundation\\Http\\Kernel->handle()
#55 /media/flavio/3437-6262/Projetos/laravel_ecommerce/public/index.php(17): Illuminate\\Foundation\\Application->handleRequest()
#56 /media/flavio/3437-6262/Projetos/laravel_ecommerce/vendor/laravel/framework/src/Illuminate/Foundation/resources/server.php(23): require_once('...')
#57 {main}
"} 
[2025-02-13 00:08:27] local.ERROR: Attempt to read property "id" on null (View: /media/flavio/3437-6262/Projetos/laravel_ecommerce/resources/views/admin/stores/edit.blade.php) {"exception":"[object] (Illuminate\\View\\ViewException(code: 0): Attempt to read property \"id\" on null (View: /media/flavio/3437-6262/Projetos/laravel_ecommerce/resources/views/admin/stores/edit.blade.php) at /media/flavio/3437-6262/Projetos/laravel_ecommerce/storage/framework/views/17fa88171f7cb696e8cba607d58abefb.php:4)
[stacktrace]
#0 /media/flavio/3437-6262/Projetos/laravel_ecommerce/vendor/laravel/framework/src/Illuminate/View/Engines/PhpEngine.php(60): Illuminate\\View\\Engines\\CompilerEngine->handleViewException()
#1 /media/flavio/3437-6262/Projetos/laravel_ecommerce/vendor/laravel/framework/src/Illuminate/View/Engines/CompilerEngine.php(75): Illuminate\\View\\Engines\\PhpEngine->evaluatePath()
#2 /media/flavio/3437-6262/Projetos/laravel_ecommerce/vendor/laravel/framework/src/Illuminate/View/View.php(209): Illuminate\\View\\Engines\\CompilerEngine->get()
#3 /media/flavio/3437-6262/Projetos/laravel_ecommerce/vendor/laravel/framework/src/Illuminate/View/View.php(192): Illuminate\\View\\View->getContents()
#4 /media/flavio/3437-6262/Projetos/laravel_ecommerce/vendor/laravel/framework/src/Illuminate/View/View.php(161): Illuminate\\View\\View->renderContents()
#5 /media/flavio/3437-6262/Projetos/laravel_ecommerce/vendor/laravel/framework/src/Illuminate/Http/Response.php(70): Illuminate\\View\\View->render()
#6 /media/flavio/3437-6262/Projetos/laravel_ecommerce/vendor/laravel/framework/src/Illuminate/Http/Response.php(35): Illuminate\\Http\\Response->setContent()
#7 /media/flavio/3437-6262/Projetos/laravel_ecommerce/vendor/laravel/framework/src/Illuminate/Routing/Router.php(920): Illuminate\\Http\\Response->__construct()
#8 /media/flavio/3437-6262/Projetos/laravel_ecommerce/vendor/laravel/framework/src/Illuminate/Routing/Router.php(887): Illuminate\\Routing\\Router::toResponse()
#9 /media/flavio/3437-6262/Projetos/laravel_ecommerce/vendor/laravel/framework/src/Illuminate/Routing/Router.php(807): Illuminate\\Routing\\Router->prepareResponse()
#10 /media/flavio/3437-6262/Projetos/laravel_ecommerce/vendor/laravel/framework/src/Illuminate/Pipeline/Pipeline.php(144): Illuminate\\Routing\\Router->Illuminate\\Routing\\{closure}()
#11 /media/flavio/3437-6262/Projetos/laravel_ecommerce/vendor/laravel/framework/src/Illuminate/Routing/Middleware/SubstituteBindings.php(51): Illuminate\\Pipeline\\Pipeline->Illuminate\\Pipeline\\{closure}()
#12 /media/flavio/3437-6262/Projetos/laravel_ecommerce/vendor/laravel/framework/src/Illuminate/Pipeline/Pipeline.php(183): Illuminate\\Routing\\Middleware\\SubstituteBindings->handle()
#13 /media/flavio/3437-6262/Projetos/laravel_ecommerce/vendor/laravel/framework/src/Illuminate/Foundation/Http/Middleware/VerifyCsrfToken.php(88): Illuminate\\Pipeline\\Pipeline->Illuminate\\Pipeline\\{closure}()
#14 /media/flavio/3437-6262/Projetos/laravel_ecommerce/vendor/laravel/framework/src/Illuminate/Pipeline/Pipeline.php(183): Illuminate\\Foundation\\Http\\Middleware\\VerifyCsrfToken->handle()
#15 /media/flavio/3437-6262/Projetos/laravel_ecommerce/vendor/laravel/framework/src/Illuminate/View/Middleware/ShareErrorsFromSession.php(49): Illuminate\\Pipeline\\Pipeline->Illuminate\\Pipeline\\{closure}()
#16 /media/flavio/3437-6262/Projetos/laravel_ecommerce/vendor/laravel/framework/src/Illuminate/Pipeline/Pipeline.php(183): Illuminate\\View\\Middleware\\ShareErrorsFromSession->handle()
#17 /media/flavio/3437-6262/Projetos/laravel_ecommerce/vendor/laravel/framework/src/Illuminate/Session/Middleware/StartSession.php(121): Illuminate\\Pipeline\\Pipeline->Illuminate\\Pipeline\\{closure}()
#18 /media/flavio/3437-6262/Projetos/laravel_ecommerce/vendor/laravel/framework/src/Illuminate/Session/Middleware/StartSession.php(64): Illuminate\\Session\\Middleware\\StartSession->handleStatefulRequest()
#19 /media/flavio/3437-6262/Projetos/laravel_ecommerce/vendor/laravel/framework/src/Illuminate/Pipeline/Pipeline.php(183): Illuminate\\Session\\Middleware\\StartSession->handle()
#20 /media/flavio/3437-6262/Projetos/laravel_ecommerce/vendor/laravel/framework/src/Illuminate/Cookie/Middleware/AddQueuedCookiesToResponse.php(37): Illuminate\\Pipeline\\Pipeline->Illuminate\\Pipeline\\{closure}()
#21 /media/flavio/3437-6262/Projetos/laravel_ecommerce/vendor/laravel/framework/src/Illuminate/Pipeline/Pipeline.php(183): Illuminate\\Cookie\\Middleware\\AddQueuedCookiesToResponse->handle()
#22 /media/flavio/3437-6262/Projetos/laravel_ecommerce/vendor/laravel/framework/src/Illuminate/Cookie/Middleware/EncryptCookies.php(75): Illuminate\\Pipeline\\Pipeline->Illuminate\\Pipeline\\{closure}()
#23 /media/flavio/3437-6262/Projetos/laravel_ecommerce/vendor/laravel/framework/src/Illuminate/Pipeline/Pipeline.php(183): Illuminate\\Cookie\\Middleware\\EncryptCookies->handle()
#24 /media/flavio/3437-6262/Projetos/laravel_ecommerce/vendor/laravel/framework/src/Illuminate/Pipeline/Pipeline.php(119): Illuminate\\Pipeline\\Pipeline->Illuminate\\Pipeline\\{closure}()
#25 /media/flavio/3437-6262/Projetos/laravel_ecommerce/vendor/laravel/framework/src/Illuminate/Routing/Router.php(807): Illuminate\\Pipeline\\Pipeline->then()
#26 /media/flavio/3437-6262/Projetos/laravel_ecommerce/vendor/laravel/framework/src/Illuminate/Routing/Router.php(786): Illuminate\\Routing\\Router->runRouteWithinStack()
#27 /media/flavio/3437-6262/Projetos/laravel_ecommerce/vendor/laravel/framework/src/Illuminate/Routing/Router.php(750): Illuminate\\Routing\\Router->runRoute()
#28 /media/flavio/3437-6262/Projetos/laravel_ecommerce/vendor/laravel/framework/src/Illuminate/Routing/Router.php(739): Illuminate\\Routing\\Router->dispatchToRoute()
#29 /media/flavio/3437-6262/Projetos/laravel_ecommerce/vendor/laravel/framework/src/Illuminate/Foundation/Http/Kernel.php(201): Illuminate\\Routing\\Router->dispatch()
#30 /media/flavio/3437-6262/Projetos/laravel_ecommerce/vendor/laravel/framework/src/Illuminate/Pipeline/Pipeline.php(144): Illuminate\\Foundation\\Http\\Kernel->Illuminate\\Foundation\\Http\\{closure}()
#31 /media/flavio/3437-6262/Projetos/laravel_ecommerce/vendor/laravel/framework/src/Illuminate/Foundation/Http/Middleware/TransformsRequest.php(21): Illuminate\\Pipeline\\Pipeline->Illuminate\\Pipeline\\{closure}()
#32 /media/flavio/3437-6262/Projetos/laravel_ecommerce/vendor/laravel/framework/src/Illuminate/Foundation/Http/Middleware/ConvertEmptyStringsToNull.php(31): Illuminate\\Foundation\\Http\\Middleware\\TransformsRequest->handle()
#33 /media/flavio/3437-6262/Projetos/laravel_ecommerce/vendor/laravel/framework/src/Illuminate/Pipeline/Pipeline.php(183): Illuminate\\Foundation\\Http\\Middleware\\ConvertEmptyStringsToNull->handle()
#34 /media/flavio/3437-6262/Projetos/laravel_ecommerce/vendor/laravel/framework/src/Illuminate/Foundation/Http/Middleware/TransformsRequest.php(21): Illuminate\\Pipeline\\Pipeline->Illuminate\\Pipeline\\{closure}()
#35 /media/flavio/3437-6262/Projetos/laravel_ecommerce/vendor/laravel/framework/src/Illuminate/Foundation/Http/Middleware/TrimStrings.php(51): Illuminate\\Foundation\\Http\\Middleware\\TransformsRequest->handle()
#36 /media/flavio/3437-6262/Projetos/laravel_ecommerce/vendor/laravel/framework/src/Illuminate/Pipeline/Pipeline.php(183): Illuminate\\Foundation\\Http\\Middleware\\TrimStrings->handle()
#37 /media/flavio/3437-6262/Projetos/laravel_ecommerce/vendor/laravel/framework/src/Illuminate/Http/Middleware/ValidatePostSize.php(27): Illuminate\\Pipeline\\Pipeline->Illuminate\\Pipeline\\{closure}()
#38 /media/flavio/3437-6262/Projetos/laravel_ecommerce/vendor/laravel/framework/src/Illuminate/Pipeline/Pipeline.php(183): Illuminate\\Http\\Middleware\\ValidatePostSize->handle()
#39 /media/flavio/3437-6262/Projetos/laravel_ecommerce/vendor/laravel/framework/src/Illuminate/Foundation/Http/Middleware/PreventRequestsDuringMaintenance.php(110): Illuminate\\Pipeline\\Pipeline->Illuminate\\Pipeline\\{closure}()
#40 /media/flavio/3437-6262/Projetos/laravel_ecommerce/vendor/laravel/framework/src/Illuminate/Pipeline/Pipeline.php(183): Illuminate\\Foundation\\Http\\Middleware\\PreventRequestsDuringMaintenance->handle()
#41 /media/flavio/3437-6262/Projetos/laravel_ecommerce/vendor/laravel/framework/src/Illuminate/Http/Middleware/HandleCors.php(49): Illuminate\\Pipeline\\Pipeline->Illuminate\\Pipeline\\{closure}()
#42 /media/flavio/3437-6262/Projetos/laravel_ecommerce/vendor/laravel/framework/src/Illuminate/Pipeline/Pipeline.php(183): Illuminate\\Http\\Middleware\\HandleCors->handle()
#43 /media/flavio/3437-6262/Projetos/laravel_ecommerce/vendor/laravel/framework/src/Illuminate/Http/Middleware/TrustProxies.php(58): Illuminate\\Pipeline\\Pipeline->Illuminate\\Pipeline\\{closure}()
#44 /media/flavio/3437-6262/Projetos/laravel_ecommerce/vendor/laravel/framework/src/Illuminate/Pipeline/Pipeline.php(183): Illuminate\\Http\\Middleware\\TrustProxies->handle()
#45 /media/flavio/3437-6262/Projetos/laravel_ecommerce/vendor/laravel/framework/src/Illuminate/Foundation/Http/Middleware/InvokeDeferredCallbacks.php(22): Illuminate\\Pipeline\\Pipeline->Illuminate\\Pipeline\\{closure}()
#46 /media/flavio/3437-6262/Projetos/laravel_ecommerce/vendor/laravel/framework/src/Illuminate/Pipeline/Pipeline.php(183): Illuminate\\Foundation\\Http\\Middleware\\InvokeDeferredCallbacks->handle()
#47 /media/flavio/3437-6262/Projetos/laravel_ecommerce/vendor/laravel/framework/src/Illuminate/Pipeline/Pipeline.php(119): Illuminate\\Pipeline\\Pipeline->Illuminate\\Pipeline\\{closure}()
#48 /media/flavio/3437-6262/Projetos/laravel_ecommerce/vendor/laravel/framework/src/Illuminate/Foundation/Http/Kernel.php(176): Illuminate\\Pipeline\\Pipeline->then()
#49 /media/flavio/3437-6262/Projetos/laravel_ecommerce/vendor/laravel/framework/src/Illuminate/Foundation/Http/Kernel.php(145): Illuminate\\Foundation\\Http\\Kernel->sendRequestThroughRouter()
#50 /media/flavio/3437-6262/Projetos/laravel_ecommerce/vendor/laravel/framework/src/Illuminate/Foundation/Application.php(1190): Illuminate\\Foundation\\Http\\Kernel->handle()
#51 /media/flavio/3437-6262/Projetos/laravel_ecommerce/public/index.php(17): Illuminate\\Foundation\\Application->handleRequest()
#52 /media/flavio/3437-6262/Projetos/laravel_ecommerce/vendor/laravel/framework/src/Illuminate/Foundation/resources/server.php(23): require_once('...')
#53 {main}

[previous exception] [object] (ErrorException(code: 0): Attempt to read property \"id\" on null at /media/flavio/3437-6262/Projetos/laravel_ecommerce/storage/framework/views/17fa88171f7cb696e8cba607d58abefb.php:4)
[stacktrace]
#0 /media/flavio/3437-6262/Projetos/laravel_ecommerce/vendor/laravel/framework/src/Illuminate/Foundation/Bootstrap/HandleExceptions.php(290): Illuminate\\Foundation\\Bootstrap\\HandleExceptions->handleError()
#1 /media/flavio/3437-6262/Projetos/laravel_ecommerce/storage/framework/views/17fa88171f7cb696e8cba607d58abefb.php(4): Illuminate\\Foundation\\Bootstrap\\HandleExceptions->Illuminate\\Foundation\\Bootstrap\\{closure}()
#2 /media/flavio/3437-6262/Projetos/laravel_ecommerce/vendor/laravel/framework/src/Illuminate/Filesystem/Filesystem.php(123): require('...')
#3 /media/flavio/3437-6262/Projetos/laravel_ecommerce/vendor/laravel/framework/src/Illuminate/Filesystem/Filesystem.php(124): Illuminate\\Filesystem\\Filesystem::Illuminate\\Filesystem\\{closure}()
#4 /media/flavio/3437-6262/Projetos/laravel_ecommerce/vendor/laravel/framework/src/Illuminate/View/Engines/PhpEngine.php(58): Illuminate\\Filesystem\\Filesystem->getRequire()
#5 /media/flavio/3437-6262/Projetos/laravel_ecommerce/vendor/laravel/framework/src/Illuminate/View/Engines/CompilerEngine.php(75): Illuminate\\View\\Engines\\PhpEngine->evaluatePath()
#6 /media/flavio/3437-6262/Projetos/laravel_ecommerce/vendor/laravel/framework/src/Illuminate/View/View.php(209): Illuminate\\View\\Engines\\CompilerEngine->get()
#7 /media/flavio/3437-6262/Projetos/laravel_ecommerce/vendor/laravel/framework/src/Illuminate/View/View.php(192): Illuminate\\View\\View->getContents()
#8 /media/flavio/3437-6262/Projetos/laravel_ecommerce/vendor/laravel/framework/src/Illuminate/View/View.php(161): Illuminate\\View\\View->renderContents()
#9 /media/flavio/3437-6262/Projetos/laravel_ecommerce/vendor/laravel/framework/src/Illuminate/Http/Response.php(70): Illuminate\\View\\View->render()
#10 /media/flavio/3437-6262/Projetos/laravel_ecommerce/vendor/laravel/framework/src/Illuminate/Http/Response.php(35): Illuminate\\Http\\Response->setContent()
#11 /media/flavio/3437-6262/Projetos/laravel_ecommerce/vendor/laravel/framework/src/Illuminate/Routing/Router.php(920): Illuminate\\Http\\Response->__construct()
#12 /media/flavio/3437-6262/Projetos/laravel_ecommerce/vendor/laravel/framework/src/Illuminate/Routing/Router.php(887): Illuminate\\Routing\\Router::toResponse()
#13 /media/flavio/3437-6262/Projetos/laravel_ecommerce/vendor/laravel/framework/src/Illuminate/Routing/Router.php(807): Illuminate\\Routing\\Router->prepareResponse()
#14 /media/flavio/3437-6262/Projetos/laravel_ecommerce/vendor/laravel/framework/src/Illuminate/Pipeline/Pipeline.php(144): Illuminate\\Routing\\Router->Illuminate\\Routing\\{closure}()
#15 /media/flavio/3437-6262/Projetos/laravel_ecommerce/vendor/laravel/framework/src/Illuminate/Routing/Middleware/SubstituteBindings.php(51): Illuminate\\Pipeline\\Pipeline->Illuminate\\Pipeline\\{closure}()
#16 /media/flavio/3437-6262/Projetos/laravel_ecommerce/vendor/laravel/framework/src/Illuminate/Pipeline/Pipeline.php(183): Illuminate\\Routing\\Middleware\\SubstituteBindings->handle()
#17 /media/flavio/3437-6262/Projetos/laravel_ecommerce/vendor/laravel/framework/src/Illuminate/Foundation/Http/Middleware/VerifyCsrfToken.php(88): Illuminate\\Pipeline\\Pipeline->Illuminate\\Pipeline\\{closure}()
#18 /media/flavio/3437-6262/Projetos/laravel_ecommerce/vendor/laravel/framework/src/Illuminate/Pipeline/Pipeline.php(183): Illuminate\\Foundation\\Http\\Middleware\\VerifyCsrfToken->handle()
#19 /media/flavio/3437-6262/Projetos/laravel_ecommerce/vendor/laravel/framework/src/Illuminate/View/Middleware/ShareErrorsFromSession.php(49): Illuminate\\Pipeline\\Pipeline->Illuminate\\Pipeline\\{closure}()
#20 /media/flavio/3437-6262/Projetos/laravel_ecommerce/vendor/laravel/framework/src/Illuminate/Pipeline/Pipeline.php(183): Illuminate\\View\\Middleware\\ShareErrorsFromSession->handle()
#21 /media/flavio/3437-6262/Projetos/laravel_ecommerce/vendor/laravel/framework/src/Illuminate/Session/Middleware/StartSession.php(121): Illuminate\\Pipeline\\Pipeline->Illuminate\\Pipeline\\{closure}()
#22 /media/flavio/3437-6262/Projetos/laravel_ecommerce/vendor/laravel/framework/src/Illuminate/Session/Middleware/StartSession.php(64): Illuminate\\Session\\Middleware\\StartSession->handleStatefulRequest()
#23 /media/flavio/3437-6262/Projetos/laravel_ecommerce/vendor/laravel/framework/src/Illuminate/Pipeline/Pipeline.php(183): Illuminate\\Session\\Middleware\\StartSession->handle()
#24 /media/flavio/3437-6262/Projetos/laravel_ecommerce/vendor/laravel/framework/src/Illuminate/Cookie/Middleware/AddQueuedCookiesToResponse.php(37): Illuminate\\Pipeline\\Pipeline->Illuminate\\Pipeline\\{closure}()
#25 /media/flavio/3437-6262/Projetos/laravel_ecommerce/vendor/laravel/framework/src/Illuminate/Pipeline/Pipeline.php(183): Illuminate\\Cookie\\Middleware\\AddQueuedCookiesToResponse->handle()
#26 /media/flavio/3437-6262/Projetos/laravel_ecommerce/vendor/laravel/framework/src/Illuminate/Cookie/Middleware/EncryptCookies.php(75): Illuminate\\Pipeline\\Pipeline->Illuminate\\Pipeline\\{closure}()
#27 /media/flavio/3437-6262/Projetos/laravel_ecommerce/vendor/laravel/framework/src/Illuminate/Pipeline/Pipeline.php(183): Illuminate\\Cookie\\Middleware\\EncryptCookies->handle()
#28 /media/flavio/3437-6262/Projetos/laravel_ecommerce/vendor/laravel/framework/src/Illuminate/Pipeline/Pipeline.php(119): Illuminate\\Pipeline\\Pipeline->Illuminate\\Pipeline\\{closure}()
#29 /media/flavio/3437-6262/Projetos/laravel_ecommerce/vendor/laravel/framework/src/Illuminate/Routing/Router.php(807): Illuminate\\Pipeline\\Pipeline->then()
#30 /media/flavio/3437-6262/Projetos/laravel_ecommerce/vendor/laravel/framework/src/Illuminate/Routing/Router.php(786): Illuminate\\Routing\\Router->runRouteWithinStack()
#31 /media/flavio/3437-6262/Projetos/laravel_ecommerce/vendor/laravel/framework/src/Illuminate/Routing/Router.php(750): Illuminate\\Routing\\Router->runRoute()
#32 /media/flavio/3437-6262/Projetos/laravel_ecommerce/vendor/laravel/framework/src/Illuminate/Routing/Router.php(739): Illuminate\\Routing\\Router->dispatchToRoute()
#33 /media/flavio/3437-6262/Projetos/laravel_ecommerce/vendor/laravel/framework/src/Illuminate/Foundation/Http/Kernel.php(201): Illuminate\\Routing\\Router->dispatch()
#34 /media/flavio/3437-6262/Projetos/laravel_ecommerce/vendor/laravel/framework/src/Illuminate/Pipeline/Pipeline.php(144): Illuminate\\Foundation\\Http\\Kernel->Illuminate\\Foundation\\Http\\{closure}()
#35 /media/flavio/3437-6262/Projetos/laravel_ecommerce/vendor/laravel/framework/src/Illuminate/Foundation/Http/Middleware/TransformsRequest.php(21): Illuminate\\Pipeline\\Pipeline->Illuminate\\Pipeline\\{closure}()
#36 /media/flavio/3437-6262/Projetos/laravel_ecommerce/vendor/laravel/framework/src/Illuminate/Foundation/Http/Middleware/ConvertEmptyStringsToNull.php(31): Illuminate\\Foundation\\Http\\Middleware\\TransformsRequest->handle()
#37 /media/flavio/3437-6262/Projetos/laravel_ecommerce/vendor/laravel/framework/src/Illuminate/Pipeline/Pipeline.php(183): Illuminate\\Foundation\\Http\\Middleware\\ConvertEmptyStringsToNull->handle()
#38 /media/flavio/3437-6262/Projetos/laravel_ecommerce/vendor/laravel/framework/src/Illuminate/Foundation/Http/Middleware/TransformsRequest.php(21): Illuminate\\Pipeline\\Pipeline->Illuminate\\Pipeline\\{closure}()
#39 /media/flavio/3437-6262/Projetos/laravel_ecommerce/vendor/laravel/framework/src/Illuminate/Foundation/Http/Middleware/TrimStrings.php(51): Illuminate\\Foundation\\Http\\Middleware\\TransformsRequest->handle()
#40 /media/flavio/3437-6262/Projetos/laravel_ecommerce/vendor/laravel/framework/src/Illuminate/Pipeline/Pipeline.php(183): Illuminate\\Foundation\\Http\\Middleware\\TrimStrings->handle()
#41 /media/flavio/3437-6262/Projetos/laravel_ecommerce/vendor/laravel/framework/src/Illuminate/Http/Middleware/ValidatePostSize.php(27): Illuminate\\Pipeline\\Pipeline->Illuminate\\Pipeline\\{closure}()
#42 /media/flavio/3437-6262/Projetos/laravel_ecommerce/vendor/laravel/framework/src/Illuminate/Pipeline/Pipeline.php(183): Illuminate\\Http\\Middleware\\ValidatePostSize->handle()
#43 /media/flavio/3437-6262/Projetos/laravel_ecommerce/vendor/laravel/framework/src/Illuminate/Foundation/Http/Middleware/PreventRequestsDuringMaintenance.php(110): Illuminate\\Pipeline\\Pipeline->Illuminate\\Pipeline\\{closure}()
#44 /media/flavio/3437-6262/Projetos/laravel_ecommerce/vendor/laravel/framework/src/Illuminate/Pipeline/Pipeline.php(183): Illuminate\\Foundation\\Http\\Middleware\\PreventRequestsDuringMaintenance->handle()
#45 /media/flavio/3437-6262/Projetos/laravel_ecommerce/vendor/laravel/framework/src/Illuminate/Http/Middleware/HandleCors.php(49): Illuminate\\Pipeline\\Pipeline->Illuminate\\Pipeline\\{closure}()
#46 /media/flavio/3437-6262/Projetos/laravel_ecommerce/vendor/laravel/framework/src/Illuminate/Pipeline/Pipeline.php(183): Illuminate\\Http\\Middleware\\HandleCors->handle()
#47 /media/flavio/3437-6262/Projetos/laravel_ecommerce/vendor/laravel/framework/src/Illuminate/Http/Middleware/TrustProxies.php(58): Illuminate\\Pipeline\\Pipeline->Illuminate\\Pipeline\\{closure}()
#48 /media/flavio/3437-6262/Projetos/laravel_ecommerce/vendor/laravel/framework/src/Illuminate/Pipeline/Pipeline.php(183): Illuminate\\Http\\Middleware\\TrustProxies->handle()
#49 /media/flavio/3437-6262/Projetos/laravel_ecommerce/vendor/laravel/framework/src/Illuminate/Foundation/Http/Middleware/InvokeDeferredCallbacks.php(22): Illuminate\\Pipeline\\Pipeline->Illuminate\\Pipeline\\{closure}()
#50 /media/flavio/3437-6262/Projetos/laravel_ecommerce/vendor/laravel/framework/src/Illuminate/Pipeline/Pipeline.php(183): Illuminate\\Foundation\\Http\\Middleware\\InvokeDeferredCallbacks->handle()
#51 /media/flavio/3437-6262/Projetos/laravel_ecommerce/vendor/laravel/framework/src/Illuminate/Pipeline/Pipeline.php(119): Illuminate\\Pipeline\\Pipeline->Illuminate\\Pipeline\\{closure}()
#52 /media/flavio/3437-6262/Projetos/laravel_ecommerce/vendor/laravel/framework/src/Illuminate/Foundation/Http/Kernel.php(176): Illuminate\\Pipeline\\Pipeline->then()
#53 /media/flavio/3437-6262/Projetos/laravel_ecommerce/vendor/laravel/framework/src/Illuminate/Foundation/Http/Kernel.php(145): Illuminate\\Foundation\\Http\\Kernel->sendRequestThroughRouter()
#54 /media/flavio/3437-6262/Projetos/laravel_ecommerce/vendor/laravel/framework/src/Illuminate/Foundation/Application.php(1190): Illuminate\\Foundation\\Http\\Kernel->handle()
#55 /media/flavio/3437-6262/Projetos/laravel_ecommerce/public/index.php(17): Illuminate\\Foundation\\Application->handleRequest()
#56 /media/flavio/3437-6262/Projetos/laravel_ecommerce/vendor/laravel/framework/src/Illuminate/Foundation/resources/server.php(23): require_once('...')
#57 {main}
"} 
[2025-02-13 00:21:43] local.ERROR: View [pagination] not found. (View: /media/flavio/3437-6262/Projetos/laravel_ecommerce/resources/views/admin/stores/index.blade.php) {"exception":"[object] (Illuminate\\View\\ViewException(code: 0): View [pagination] not found. (View: /media/flavio/3437-6262/Projetos/laravel_ecommerce/resources/views/admin/stores/index.blade.php) at /media/flavio/3437-6262/Projetos/laravel_ecommerce/vendor/laravel/framework/src/Illuminate/View/FileViewFinder.php:139)
[stacktrace]
#0 /media/flavio/3437-6262/Projetos/laravel_ecommerce/vendor/laravel/framework/src/Illuminate/View/Engines/PhpEngine.php(60): Illuminate\\View\\Engines\\CompilerEngine->handleViewException()
#1 /media/flavio/3437-6262/Projetos/laravel_ecommerce/vendor/laravel/framework/src/Illuminate/View/Engines/CompilerEngine.php(75): Illuminate\\View\\Engines\\PhpEngine->evaluatePath()
#2 /media/flavio/3437-6262/Projetos/laravel_ecommerce/vendor/laravel/framework/src/Illuminate/View/View.php(209): Illuminate\\View\\Engines\\CompilerEngine->get()
#3 /media/flavio/3437-6262/Projetos/laravel_ecommerce/vendor/laravel/framework/src/Illuminate/View/View.php(192): Illuminate\\View\\View->getContents()
#4 /media/flavio/3437-6262/Projetos/laravel_ecommerce/vendor/laravel/framework/src/Illuminate/View/View.php(161): Illuminate\\View\\View->renderContents()
#5 /media/flavio/3437-6262/Projetos/laravel_ecommerce/vendor/laravel/framework/src/Illuminate/Http/Response.php(70): Illuminate\\View\\View->render()
#6 /media/flavio/3437-6262/Projetos/laravel_ecommerce/vendor/laravel/framework/src/Illuminate/Http/Response.php(35): Illuminate\\Http\\Response->setContent()
#7 /media/flavio/3437-6262/Projetos/laravel_ecommerce/vendor/laravel/framework/src/Illuminate/Routing/Router.php(920): Illuminate\\Http\\Response->__construct()
#8 /media/flavio/3437-6262/Projetos/laravel_ecommerce/vendor/laravel/framework/src/Illuminate/Routing/Router.php(887): Illuminate\\Routing\\Router::toResponse()
#9 /media/flavio/3437-6262/Projetos/laravel_ecommerce/vendor/laravel/framework/src/Illuminate/Routing/Router.php(807): Illuminate\\Routing\\Router->prepareResponse()
#10 /media/flavio/3437-6262/Projetos/laravel_ecommerce/vendor/laravel/framework/src/Illuminate/Pipeline/Pipeline.php(144): Illuminate\\Routing\\Router->Illuminate\\Routing\\{closure}()
#11 /media/flavio/3437-6262/Projetos/laravel_ecommerce/vendor/laravel/framework/src/Illuminate/Routing/Middleware/SubstituteBindings.php(51): Illuminate\\Pipeline\\Pipeline->Illuminate\\Pipeline\\{closure}()
#12 /media/flavio/3437-6262/Projetos/laravel_ecommerce/vendor/laravel/framework/src/Illuminate/Pipeline/Pipeline.php(183): Illuminate\\Routing\\Middleware\\SubstituteBindings->handle()
#13 /media/flavio/3437-6262/Projetos/laravel_ecommerce/vendor/laravel/framework/src/Illuminate/Foundation/Http/Middleware/VerifyCsrfToken.php(88): Illuminate\\Pipeline\\Pipeline->Illuminate\\Pipeline\\{closure}()
#14 /media/flavio/3437-6262/Projetos/laravel_ecommerce/vendor/laravel/framework/src/Illuminate/Pipeline/Pipeline.php(183): Illuminate\\Foundation\\Http\\Middleware\\VerifyCsrfToken->handle()
#15 /media/flavio/3437-6262/Projetos/laravel_ecommerce/vendor/laravel/framework/src/Illuminate/View/Middleware/ShareErrorsFromSession.php(49): Illuminate\\Pipeline\\Pipeline->Illuminate\\Pipeline\\{closure}()
#16 /media/flavio/3437-6262/Projetos/laravel_ecommerce/vendor/laravel/framework/src/Illuminate/Pipeline/Pipeline.php(183): Illuminate\\View\\Middleware\\ShareErrorsFromSession->handle()
#17 /media/flavio/3437-6262/Projetos/laravel_ecommerce/vendor/laravel/framework/src/Illuminate/Session/Middleware/StartSession.php(121): Illuminate\\Pipeline\\Pipeline->Illuminate\\Pipeline\\{closure}()
#18 /media/flavio/3437-6262/Projetos/laravel_ecommerce/vendor/laravel/framework/src/Illuminate/Session/Middleware/StartSession.php(64): Illuminate\\Session\\Middleware\\StartSession->handleStatefulRequest()
#19 /media/flavio/3437-6262/Projetos/laravel_ecommerce/vendor/laravel/framework/src/Illuminate/Pipeline/Pipeline.php(183): Illuminate\\Session\\Middleware\\StartSession->handle()
#20 /media/flavio/3437-6262/Projetos/laravel_ecommerce/vendor/laravel/framework/src/Illuminate/Cookie/Middleware/AddQueuedCookiesToResponse.php(37): Illuminate\\Pipeline\\Pipeline->Illuminate\\Pipeline\\{closure}()
#21 /media/flavio/3437-6262/Projetos/laravel_ecommerce/vendor/laravel/framework/src/Illuminate/Pipeline/Pipeline.php(183): Illuminate\\Cookie\\Middleware\\AddQueuedCookiesToResponse->handle()
#22 /media/flavio/3437-6262/Projetos/laravel_ecommerce/vendor/laravel/framework/src/Illuminate/Cookie/Middleware/EncryptCookies.php(75): Illuminate\\Pipeline\\Pipeline->Illuminate\\Pipeline\\{closure}()
#23 /media/flavio/3437-6262/Projetos/laravel_ecommerce/vendor/laravel/framework/src/Illuminate/Pipeline/Pipeline.php(183): Illuminate\\Cookie\\Middleware\\EncryptCookies->handle()
#24 /media/flavio/3437-6262/Projetos/laravel_ecommerce/vendor/laravel/framework/src/Illuminate/Pipeline/Pipeline.php(119): Illuminate\\Pipeline\\Pipeline->Illuminate\\Pipeline\\{closure}()
#25 /media/flavio/3437-6262/Projetos/laravel_ecommerce/vendor/laravel/framework/src/Illuminate/Routing/Router.php(807): Illuminate\\Pipeline\\Pipeline->then()
#26 /media/flavio/3437-6262/Projetos/laravel_ecommerce/vendor/laravel/framework/src/Illuminate/Routing/Router.php(786): Illuminate\\Routing\\Router->runRouteWithinStack()
#27 /media/flavio/3437-6262/Projetos/laravel_ecommerce/vendor/laravel/framework/src/Illuminate/Routing/Router.php(750): Illuminate\\Routing\\Router->runRoute()
#28 /media/flavio/3437-6262/Projetos/laravel_ecommerce/vendor/laravel/framework/src/Illuminate/Routing/Router.php(739): Illuminate\\Routing\\Router->dispatchToRoute()
#29 /media/flavio/3437-6262/Projetos/laravel_ecommerce/vendor/laravel/framework/src/Illuminate/Foundation/Http/Kernel.php(201): Illuminate\\Routing\\Router->dispatch()
#30 /media/flavio/3437-6262/Projetos/laravel_ecommerce/vendor/laravel/framework/src/Illuminate/Pipeline/Pipeline.php(144): Illuminate\\Foundation\\Http\\Kernel->Illuminate\\Foundation\\Http\\{closure}()
#31 /media/flavio/3437-6262/Projetos/laravel_ecommerce/vendor/laravel/framework/src/Illuminate/Foundation/Http/Middleware/TransformsRequest.php(21): Illuminate\\Pipeline\\Pipeline->Illuminate\\Pipeline\\{closure}()
#32 /media/flavio/3437-6262/Projetos/laravel_ecommerce/vendor/laravel/framework/src/Illuminate/Foundation/Http/Middleware/ConvertEmptyStringsToNull.php(31): Illuminate\\Foundation\\Http\\Middleware\\TransformsRequest->handle()
#33 /media/flavio/3437-6262/Projetos/laravel_ecommerce/vendor/laravel/framework/src/Illuminate/Pipeline/Pipeline.php(183): Illuminate\\Foundation\\Http\\Middleware\\ConvertEmptyStringsToNull->handle()
#34 /media/flavio/3437-6262/Projetos/laravel_ecommerce/vendor/laravel/framework/src/Illuminate/Foundation/Http/Middleware/TransformsRequest.php(21): Illuminate\\Pipeline\\Pipeline->Illuminate\\Pipeline\\{closure}()
#35 /media/flavio/3437-6262/Projetos/laravel_ecommerce/vendor/laravel/framework/src/Illuminate/Foundation/Http/Middleware/TrimStrings.php(51): Illuminate\\Foundation\\Http\\Middleware\\TransformsRequest->handle()
#36 /media/flavio/3437-6262/Projetos/laravel_ecommerce/vendor/laravel/framework/src/Illuminate/Pipeline/Pipeline.php(183): Illuminate\\Foundation\\Http\\Middleware\\TrimStrings->handle()
#37 /media/flavio/3437-6262/Projetos/laravel_ecommerce/vendor/laravel/framework/src/Illuminate/Http/Middleware/ValidatePostSize.php(27): Illuminate\\Pipeline\\Pipeline->Illuminate\\Pipeline\\{closure}()
#38 /media/flavio/3437-6262/Projetos/laravel_ecommerce/vendor/laravel/framework/src/Illuminate/Pipeline/Pipeline.php(183): Illuminate\\Http\\Middleware\\ValidatePostSize->handle()
#39 /media/flavio/3437-6262/Projetos/laravel_ecommerce/vendor/laravel/framework/src/Illuminate/Foundation/Http/Middleware/PreventRequestsDuringMaintenance.php(110): Illuminate\\Pipeline\\Pipeline->Illuminate\\Pipeline\\{closure}()
#40 /media/flavio/3437-6262/Projetos/laravel_ecommerce/vendor/laravel/framework/src/Illuminate/Pipeline/Pipeline.php(183): Illuminate\\Foundation\\Http\\Middleware\\PreventRequestsDuringMaintenance->handle()
#41 /media/flavio/3437-6262/Projetos/laravel_ecommerce/vendor/laravel/framework/src/Illuminate/Http/Middleware/HandleCors.php(49): Illuminate\\Pipeline\\Pipeline->Illuminate\\Pipeline\\{closure}()
#42 /media/flavio/3437-6262/Projetos/laravel_ecommerce/vendor/laravel/framework/src/Illuminate/Pipeline/Pipeline.php(183): Illuminate\\Http\\Middleware\\HandleCors->handle()
#43 /media/flavio/3437-6262/Projetos/laravel_ecommerce/vendor/laravel/framework/src/Illuminate/Http/Middleware/TrustProxies.php(58): Illuminate\\Pipeline\\Pipeline->Illuminate\\Pipeline\\{closure}()
#44 /media/flavio/3437-6262/Projetos/laravel_ecommerce/vendor/laravel/framework/src/Illuminate/Pipeline/Pipeline.php(183): Illuminate\\Http\\Middleware\\TrustProxies->handle()
#45 /media/flavio/3437-6262/Projetos/laravel_ecommerce/vendor/laravel/framework/src/Illuminate/Foundation/Http/Middleware/InvokeDeferredCallbacks.php(22): Illuminate\\Pipeline\\Pipeline->Illuminate\\Pipeline\\{closure}()
#46 /media/flavio/3437-6262/Projetos/laravel_ecommerce/vendor/laravel/framework/src/Illuminate/Pipeline/Pipeline.php(183): Illuminate\\Foundation\\Http\\Middleware\\InvokeDeferredCallbacks->handle()
#47 /media/flavio/3437-6262/Projetos/laravel_ecommerce/vendor/laravel/framework/src/Illuminate/Pipeline/Pipeline.php(119): Illuminate\\Pipeline\\Pipeline->Illuminate\\Pipeline\\{closure}()
#48 /media/flavio/3437-6262/Projetos/laravel_ecommerce/vendor/laravel/framework/src/Illuminate/Foundation/Http/Kernel.php(176): Illuminate\\Pipeline\\Pipeline->then()
#49 /media/flavio/3437-6262/Projetos/laravel_ecommerce/vendor/laravel/framework/src/Illuminate/Foundation/Http/Kernel.php(145): Illuminate\\Foundation\\Http\\Kernel->sendRequestThroughRouter()
#50 /media/flavio/3437-6262/Projetos/laravel_ecommerce/vendor/laravel/framework/src/Illuminate/Foundation/Application.php(1190): Illuminate\\Foundation\\Http\\Kernel->handle()
#51 /media/flavio/3437-6262/Projetos/laravel_ecommerce/public/index.php(17): Illuminate\\Foundation\\Application->handleRequest()
#52 /media/flavio/3437-6262/Projetos/laravel_ecommerce/vendor/laravel/framework/src/Illuminate/Foundation/resources/server.php(23): require_once('...')
#53 {main}

[previous exception] [object] (InvalidArgumentException(code: 0): View [pagination] not found. at /media/flavio/3437-6262/Projetos/laravel_ecommerce/vendor/laravel/framework/src/Illuminate/View/FileViewFinder.php:139)
[stacktrace]
#0 /media/flavio/3437-6262/Projetos/laravel_ecommerce/vendor/laravel/framework/src/Illuminate/View/FileViewFinder.php(79): Illuminate\\View\\FileViewFinder->findInPaths()
#1 /media/flavio/3437-6262/Projetos/laravel_ecommerce/vendor/laravel/framework/src/Illuminate/View/Factory.php(151): Illuminate\\View\\FileViewFinder->find()
#2 /media/flavio/3437-6262/Projetos/laravel_ecommerce/vendor/laravel/framework/src/Illuminate/Pagination/LengthAwarePaginator.php(103): Illuminate\\View\\Factory->make()
#3 /media/flavio/3437-6262/Projetos/laravel_ecommerce/vendor/laravel/framework/src/Illuminate/Pagination/LengthAwarePaginator.php(91): Illuminate\\Pagination\\LengthAwarePaginator->render()
#4 /media/flavio/3437-6262/Projetos/laravel_ecommerce/storage/framework/views/f5c1463f0760963d7aaa09928a0d7689.php(22): Illuminate\\Pagination\\LengthAwarePaginator->links()
#5 /media/flavio/3437-6262/Projetos/laravel_ecommerce/vendor/laravel/framework/src/Illuminate/Filesystem/Filesystem.php(123): require('...')
#6 /media/flavio/3437-6262/Projetos/laravel_ecommerce/vendor/laravel/framework/src/Illuminate/Filesystem/Filesystem.php(124): Illuminate\\Filesystem\\Filesystem::Illuminate\\Filesystem\\{closure}()
#7 /media/flavio/3437-6262/Projetos/laravel_ecommerce/vendor/laravel/framework/src/Illuminate/View/Engines/PhpEngine.php(58): Illuminate\\Filesystem\\Filesystem->getRequire()
#8 /media/flavio/3437-6262/Projetos/laravel_ecommerce/vendor/laravel/framework/src/Illuminate/View/Engines/CompilerEngine.php(75): Illuminate\\View\\Engines\\PhpEngine->evaluatePath()
#9 /media/flavio/3437-6262/Projetos/laravel_ecommerce/vendor/laravel/framework/src/Illuminate/View/View.php(209): Illuminate\\View\\Engines\\CompilerEngine->get()
#10 /media/flavio/3437-6262/Projetos/laravel_ecommerce/vendor/laravel/framework/src/Illuminate/View/View.php(192): Illuminate\\View\\View->getContents()
#11 /media/flavio/3437-6262/Projetos/laravel_ecommerce/vendor/laravel/framework/src/Illuminate/View/View.php(161): Illuminate\\View\\View->renderContents()
#12 /media/flavio/3437-6262/Projetos/laravel_ecommerce/vendor/laravel/framework/src/Illuminate/Http/Response.php(70): Illuminate\\View\\View->render()
#13 /media/flavio/3437-6262/Projetos/laravel_ecommerce/vendor/laravel/framework/src/Illuminate/Http/Response.php(35): Illuminate\\Http\\Response->setContent()
#14 /media/flavio/3437-6262/Projetos/laravel_ecommerce/vendor/laravel/framework/src/Illuminate/Routing/Router.php(920): Illuminate\\Http\\Response->__construct()
#15 /media/flavio/3437-6262/Projetos/laravel_ecommerce/vendor/laravel/framework/src/Illuminate/Routing/Router.php(887): Illuminate\\Routing\\Router::toResponse()
#16 /media/flavio/3437-6262/Projetos/laravel_ecommerce/vendor/laravel/framework/src/Illuminate/Routing/Router.php(807): Illuminate\\Routing\\Router->prepareResponse()
#17 /media/flavio/3437-6262/Projetos/laravel_ecommerce/vendor/laravel/framework/src/Illuminate/Pipeline/Pipeline.php(144): Illuminate\\Routing\\Router->Illuminate\\Routing\\{closure}()
#18 /media/flavio/3437-6262/Projetos/laravel_ecommerce/vendor/laravel/framework/src/Illuminate/Routing/Middleware/SubstituteBindings.php(51): Illuminate\\Pipeline\\Pipeline->Illuminate\\Pipeline\\{closure}()
#19 /media/flavio/3437-6262/Projetos/laravel_ecommerce/vendor/laravel/framework/src/Illuminate/Pipeline/Pipeline.php(183): Illuminate\\Routing\\Middleware\\SubstituteBindings->handle()
#20 /media/flavio/3437-6262/Projetos/laravel_ecommerce/vendor/laravel/framework/src/Illuminate/Foundation/Http/Middleware/VerifyCsrfToken.php(88): Illuminate\\Pipeline\\Pipeline->Illuminate\\Pipeline\\{closure}()
#21 /media/flavio/3437-6262/Projetos/laravel_ecommerce/vendor/laravel/framework/src/Illuminate/Pipeline/Pipeline.php(183): Illuminate\\Foundation\\Http\\Middleware\\VerifyCsrfToken->handle()
#22 /media/flavio/3437-6262/Projetos/laravel_ecommerce/vendor/laravel/framework/src/Illuminate/View/Middleware/ShareErrorsFromSession.php(49): Illuminate\\Pipeline\\Pipeline->Illuminate\\Pipeline\\{closure}()
#23 /media/flavio/3437-6262/Projetos/laravel_ecommerce/vendor/laravel/framework/src/Illuminate/Pipeline/Pipeline.php(183): Illuminate\\View\\Middleware\\ShareErrorsFromSession->handle()
#24 /media/flavio/3437-6262/Projetos/laravel_ecommerce/vendor/laravel/framework/src/Illuminate/Session/Middleware/StartSession.php(121): Illuminate\\Pipeline\\Pipeline->Illuminate\\Pipeline\\{closure}()
#25 /media/flavio/3437-6262/Projetos/laravel_ecommerce/vendor/laravel/framework/src/Illuminate/Session/Middleware/StartSession.php(64): Illuminate\\Session\\Middleware\\StartSession->handleStatefulRequest()
#26 /media/flavio/3437-6262/Projetos/laravel_ecommerce/vendor/laravel/framework/src/Illuminate/Pipeline/Pipeline.php(183): Illuminate\\Session\\Middleware\\StartSession->handle()
#27 /media/flavio/3437-6262/Projetos/laravel_ecommerce/vendor/laravel/framework/src/Illuminate/Cookie/Middleware/AddQueuedCookiesToResponse.php(37): Illuminate\\Pipeline\\Pipeline->Illuminate\\Pipeline\\{closure}()
#28 /media/flavio/3437-6262/Projetos/laravel_ecommerce/vendor/laravel/framework/src/Illuminate/Pipeline/Pipeline.php(183): Illuminate\\Cookie\\Middleware\\AddQueuedCookiesToResponse->handle()
#29 /media/flavio/3437-6262/Projetos/laravel_ecommerce/vendor/laravel/framework/src/Illuminate/Cookie/Middleware/EncryptCookies.php(75): Illuminate\\Pipeline\\Pipeline->Illuminate\\Pipeline\\{closure}()
#30 /media/flavio/3437-6262/Projetos/laravel_ecommerce/vendor/laravel/framework/src/Illuminate/Pipeline/Pipeline.php(183): Illuminate\\Cookie\\Middleware\\EncryptCookies->handle()
#31 /media/flavio/3437-6262/Projetos/laravel_ecommerce/vendor/laravel/framework/src/Illuminate/Pipeline/Pipeline.php(119): Illuminate\\Pipeline\\Pipeline->Illuminate\\Pipeline\\{closure}()
#32 /media/flavio/3437-6262/Projetos/laravel_ecommerce/vendor/laravel/framework/src/Illuminate/Routing/Router.php(807): Illuminate\\Pipeline\\Pipeline->then()
#33 /media/flavio/3437-6262/Projetos/laravel_ecommerce/vendor/laravel/framework/src/Illuminate/Routing/Router.php(786): Illuminate\\Routing\\Router->runRouteWithinStack()
#34 /media/flavio/3437-6262/Projetos/laravel_ecommerce/vendor/laravel/framework/src/Illuminate/Routing/Router.php(750): Illuminate\\Routing\\Router->runRoute()
#35 /media/flavio/3437-6262/Projetos/laravel_ecommerce/vendor/laravel/framework/src/Illuminate/Routing/Router.php(739): Illuminate\\Routing\\Router->dispatchToRoute()
#36 /media/flavio/3437-6262/Projetos/laravel_ecommerce/vendor/laravel/framework/src/Illuminate/Foundation/Http/Kernel.php(201): Illuminate\\Routing\\Router->dispatch()
#37 /media/flavio/3437-6262/Projetos/laravel_ecommerce/vendor/laravel/framework/src/Illuminate/Pipeline/Pipeline.php(144): Illuminate\\Foundation\\Http\\Kernel->Illuminate\\Foundation\\Http\\{closure}()
#38 /media/flavio/3437-6262/Projetos/laravel_ecommerce/vendor/laravel/framework/src/Illuminate/Foundation/Http/Middleware/TransformsRequest.php(21): Illuminate\\Pipeline\\Pipeline->Illuminate\\Pipeline\\{closure}()
#39 /media/flavio/3437-6262/Projetos/laravel_ecommerce/vendor/laravel/framework/src/Illuminate/Foundation/Http/Middleware/ConvertEmptyStringsToNull.php(31): Illuminate\\Foundation\\Http\\Middleware\\TransformsRequest->handle()
#40 /media/flavio/3437-6262/Projetos/laravel_ecommerce/vendor/laravel/framework/src/Illuminate/Pipeline/Pipeline.php(183): Illuminate\\Foundation\\Http\\Middleware\\ConvertEmptyStringsToNull->handle()
#41 /media/flavio/3437-6262/Projetos/laravel_ecommerce/vendor/laravel/framework/src/Illuminate/Foundation/Http/Middleware/TransformsRequest.php(21): Illuminate\\Pipeline\\Pipeline->Illuminate\\Pipeline\\{closure}()
#42 /media/flavio/3437-6262/Projetos/laravel_ecommerce/vendor/laravel/framework/src/Illuminate/Foundation/Http/Middleware/TrimStrings.php(51): Illuminate\\Foundation\\Http\\Middleware\\TransformsRequest->handle()
#43 /media/flavio/3437-6262/Projetos/laravel_ecommerce/vendor/laravel/framework/src/Illuminate/Pipeline/Pipeline.php(183): Illuminate\\Foundation\\Http\\Middleware\\TrimStrings->handle()
#44 /media/flavio/3437-6262/Projetos/laravel_ecommerce/vendor/laravel/framework/src/Illuminate/Http/Middleware/ValidatePostSize.php(27): Illuminate\\Pipeline\\Pipeline->Illuminate\\Pipeline\\{closure}()
#45 /media/flavio/3437-6262/Projetos/laravel_ecommerce/vendor/laravel/framework/src/Illuminate/Pipeline/Pipeline.php(183): Illuminate\\Http\\Middleware\\ValidatePostSize->handle()
#46 /media/flavio/3437-6262/Projetos/laravel_ecommerce/vendor/laravel/framework/src/Illuminate/Foundation/Http/Middleware/PreventRequestsDuringMaintenance.php(110): Illuminate\\Pipeline\\Pipeline->Illuminate\\Pipeline\\{closure}()
#47 /media/flavio/3437-6262/Projetos/laravel_ecommerce/vendor/laravel/framework/src/Illuminate/Pipeline/Pipeline.php(183): Illuminate\\Foundation\\Http\\Middleware\\PreventRequestsDuringMaintenance->handle()
#48 /media/flavio/3437-6262/Projetos/laravel_ecommerce/vendor/laravel/framework/src/Illuminate/Http/Middleware/HandleCors.php(49): Illuminate\\Pipeline\\Pipeline->Illuminate\\Pipeline\\{closure}()
#49 /media/flavio/3437-6262/Projetos/laravel_ecommerce/vendor/laravel/framework/src/Illuminate/Pipeline/Pipeline.php(183): Illuminate\\Http\\Middleware\\HandleCors->handle()
#50 /media/flavio/3437-6262/Projetos/laravel_ecommerce/vendor/laravel/framework/src/Illuminate/Http/Middleware/TrustProxies.php(58): Illuminate\\Pipeline\\Pipeline->Illuminate\\Pipeline\\{closure}()
#51 /media/flavio/3437-6262/Projetos/laravel_ecommerce/vendor/laravel/framework/src/Illuminate/Pipeline/Pipeline.php(183): Illuminate\\Http\\Middleware\\TrustProxies->handle()
#52 /media/flavio/3437-6262/Projetos/laravel_ecommerce/vendor/laravel/framework/src/Illuminate/Foundation/Http/Middleware/InvokeDeferredCallbacks.php(22): Illuminate\\Pipeline\\Pipeline->Illuminate\\Pipeline\\{closure}()
#53 /media/flavio/3437-6262/Projetos/laravel_ecommerce/vendor/laravel/framework/src/Illuminate/Pipeline/Pipeline.php(183): Illuminate\\Foundation\\Http\\Middleware\\InvokeDeferredCallbacks->handle()
#54 /media/flavio/3437-6262/Projetos/laravel_ecommerce/vendor/laravel/framework/src/Illuminate/Pipeline/Pipeline.php(119): Illuminate\\Pipeline\\Pipeline->Illuminate\\Pipeline\\{closure}()
#55 /media/flavio/3437-6262/Projetos/laravel_ecommerce/vendor/laravel/framework/src/Illuminate/Foundation/Http/Kernel.php(176): Illuminate\\Pipeline\\Pipeline->then()
#56 /media/flavio/3437-6262/Projetos/laravel_ecommerce/vendor/laravel/framework/src/Illuminate/Foundation/Http/Kernel.php(145): Illuminate\\Foundation\\Http\\Kernel->sendRequestThroughRouter()
#57 /media/flavio/3437-6262/Projetos/laravel_ecommerce/vendor/laravel/framework/src/Illuminate/Foundation/Application.php(1190): Illuminate\\Foundation\\Http\\Kernel->handle()
#58 /media/flavio/3437-6262/Projetos/laravel_ecommerce/public/index.php(17): Illuminate\\Foundation\\Application->handleRequest()
#59 /media/flavio/3437-6262/Projetos/laravel_ecommerce/vendor/laravel/framework/src/Illuminate/Foundation/resources/server.php(23): require_once('...')
#60 {main}
"} 
[2025-02-13 00:30:08] local.ERROR: Attempt to read property "id" on null (View: /media/flavio/3437-6262/Projetos/laravel_ecommerce/resources/views/admin/stores/edit.blade.php) {"exception":"[object] (Illuminate\\View\\ViewException(code: 0): Attempt to read property \"id\" on null (View: /media/flavio/3437-6262/Projetos/laravel_ecommerce/resources/views/admin/stores/edit.blade.php) at /media/flavio/3437-6262/Projetos/laravel_ecommerce/storage/framework/views/17fa88171f7cb696e8cba607d58abefb.php:4)
[stacktrace]
#0 /media/flavio/3437-6262/Projetos/laravel_ecommerce/vendor/laravel/framework/src/Illuminate/View/Engines/PhpEngine.php(60): Illuminate\\View\\Engines\\CompilerEngine->handleViewException()
#1 /media/flavio/3437-6262/Projetos/laravel_ecommerce/vendor/laravel/framework/src/Illuminate/View/Engines/CompilerEngine.php(75): Illuminate\\View\\Engines\\PhpEngine->evaluatePath()
#2 /media/flavio/3437-6262/Projetos/laravel_ecommerce/vendor/laravel/framework/src/Illuminate/View/View.php(209): Illuminate\\View\\Engines\\CompilerEngine->get()
#3 /media/flavio/3437-6262/Projetos/laravel_ecommerce/vendor/laravel/framework/src/Illuminate/View/View.php(192): Illuminate\\View\\View->getContents()
#4 /media/flavio/3437-6262/Projetos/laravel_ecommerce/vendor/laravel/framework/src/Illuminate/View/View.php(161): Illuminate\\View\\View->renderContents()
#5 /media/flavio/3437-6262/Projetos/laravel_ecommerce/vendor/laravel/framework/src/Illuminate/Http/Response.php(70): Illuminate\\View\\View->render()
#6 /media/flavio/3437-6262/Projetos/laravel_ecommerce/vendor/laravel/framework/src/Illuminate/Http/Response.php(35): Illuminate\\Http\\Response->setContent()
#7 /media/flavio/3437-6262/Projetos/laravel_ecommerce/vendor/laravel/framework/src/Illuminate/Routing/Router.php(920): Illuminate\\Http\\Response->__construct()
#8 /media/flavio/3437-6262/Projetos/laravel_ecommerce/vendor/laravel/framework/src/Illuminate/Routing/Router.php(887): Illuminate\\Routing\\Router::toResponse()
#9 /media/flavio/3437-6262/Projetos/laravel_ecommerce/vendor/laravel/framework/src/Illuminate/Routing/Router.php(807): Illuminate\\Routing\\Router->prepareResponse()
#10 /media/flavio/3437-6262/Projetos/laravel_ecommerce/vendor/laravel/framework/src/Illuminate/Pipeline/Pipeline.php(144): Illuminate\\Routing\\Router->Illuminate\\Routing\\{closure}()
#11 /media/flavio/3437-6262/Projetos/laravel_ecommerce/vendor/laravel/framework/src/Illuminate/Routing/Middleware/SubstituteBindings.php(51): Illuminate\\Pipeline\\Pipeline->Illuminate\\Pipeline\\{closure}()
#12 /media/flavio/3437-6262/Projetos/laravel_ecommerce/vendor/laravel/framework/src/Illuminate/Pipeline/Pipeline.php(183): Illuminate\\Routing\\Middleware\\SubstituteBindings->handle()
#13 /media/flavio/3437-6262/Projetos/laravel_ecommerce/vendor/laravel/framework/src/Illuminate/Foundation/Http/Middleware/VerifyCsrfToken.php(88): Illuminate\\Pipeline\\Pipeline->Illuminate\\Pipeline\\{closure}()
#14 /media/flavio/3437-6262/Projetos/laravel_ecommerce/vendor/laravel/framework/src/Illuminate/Pipeline/Pipeline.php(183): Illuminate\\Foundation\\Http\\Middleware\\VerifyCsrfToken->handle()
#15 /media/flavio/3437-6262/Projetos/laravel_ecommerce/vendor/laravel/framework/src/Illuminate/View/Middleware/ShareErrorsFromSession.php(49): Illuminate\\Pipeline\\Pipeline->Illuminate\\Pipeline\\{closure}()
#16 /media/flavio/3437-6262/Projetos/laravel_ecommerce/vendor/laravel/framework/src/Illuminate/Pipeline/Pipeline.php(183): Illuminate\\View\\Middleware\\ShareErrorsFromSession->handle()
#17 /media/flavio/3437-6262/Projetos/laravel_ecommerce/vendor/laravel/framework/src/Illuminate/Session/Middleware/StartSession.php(121): Illuminate\\Pipeline\\Pipeline->Illuminate\\Pipeline\\{closure}()
#18 /media/flavio/3437-6262/Projetos/laravel_ecommerce/vendor/laravel/framework/src/Illuminate/Session/Middleware/StartSession.php(64): Illuminate\\Session\\Middleware\\StartSession->handleStatefulRequest()
#19 /media/flavio/3437-6262/Projetos/laravel_ecommerce/vendor/laravel/framework/src/Illuminate/Pipeline/Pipeline.php(183): Illuminate\\Session\\Middleware\\StartSession->handle()
#20 /media/flavio/3437-6262/Projetos/laravel_ecommerce/vendor/laravel/framework/src/Illuminate/Cookie/Middleware/AddQueuedCookiesToResponse.php(37): Illuminate\\Pipeline\\Pipeline->Illuminate\\Pipeline\\{closure}()
#21 /media/flavio/3437-6262/Projetos/laravel_ecommerce/vendor/laravel/framework/src/Illuminate/Pipeline/Pipeline.php(183): Illuminate\\Cookie\\Middleware\\AddQueuedCookiesToResponse->handle()
#22 /media/flavio/3437-6262/Projetos/laravel_ecommerce/vendor/laravel/framework/src/Illuminate/Cookie/Middleware/EncryptCookies.php(75): Illuminate\\Pipeline\\Pipeline->Illuminate\\Pipeline\\{closure}()
#23 /media/flavio/3437-6262/Projetos/laravel_ecommerce/vendor/laravel/framework/src/Illuminate/Pipeline/Pipeline.php(183): Illuminate\\Cookie\\Middleware\\EncryptCookies->handle()
#24 /media/flavio/3437-6262/Projetos/laravel_ecommerce/vendor/laravel/framework/src/Illuminate/Pipeline/Pipeline.php(119): Illuminate\\Pipeline\\Pipeline->Illuminate\\Pipeline\\{closure}()
#25 /media/flavio/3437-6262/Projetos/laravel_ecommerce/vendor/laravel/framework/src/Illuminate/Routing/Router.php(807): Illuminate\\Pipeline\\Pipeline->then()
#26 /media/flavio/3437-6262/Projetos/laravel_ecommerce/vendor/laravel/framework/src/Illuminate/Routing/Router.php(786): Illuminate\\Routing\\Router->runRouteWithinStack()
#27 /media/flavio/3437-6262/Projetos/laravel_ecommerce/vendor/laravel/framework/src/Illuminate/Routing/Router.php(750): Illuminate\\Routing\\Router->runRoute()
#28 /media/flavio/3437-6262/Projetos/laravel_ecommerce/vendor/laravel/framework/src/Illuminate/Routing/Router.php(739): Illuminate\\Routing\\Router->dispatchToRoute()
#29 /media/flavio/3437-6262/Projetos/laravel_ecommerce/vendor/laravel/framework/src/Illuminate/Foundation/Http/Kernel.php(201): Illuminate\\Routing\\Router->dispatch()
#30 /media/flavio/3437-6262/Projetos/laravel_ecommerce/vendor/laravel/framework/src/Illuminate/Pipeline/Pipeline.php(144): Illuminate\\Foundation\\Http\\Kernel->Illuminate\\Foundation\\Http\\{closure}()
#31 /media/flavio/3437-6262/Projetos/laravel_ecommerce/vendor/laravel/framework/src/Illuminate/Foundation/Http/Middleware/TransformsRequest.php(21): Illuminate\\Pipeline\\Pipeline->Illuminate\\Pipeline\\{closure}()
#32 /media/flavio/3437-6262/Projetos/laravel_ecommerce/vendor/laravel/framework/src/Illuminate/Foundation/Http/Middleware/ConvertEmptyStringsToNull.php(31): Illuminate\\Foundation\\Http\\Middleware\\TransformsRequest->handle()
#33 /media/flavio/3437-6262/Projetos/laravel_ecommerce/vendor/laravel/framework/src/Illuminate/Pipeline/Pipeline.php(183): Illuminate\\Foundation\\Http\\Middleware\\ConvertEmptyStringsToNull->handle()
#34 /media/flavio/3437-6262/Projetos/laravel_ecommerce/vendor/laravel/framework/src/Illuminate/Foundation/Http/Middleware/TransformsRequest.php(21): Illuminate\\Pipeline\\Pipeline->Illuminate\\Pipeline\\{closure}()
#35 /media/flavio/3437-6262/Projetos/laravel_ecommerce/vendor/laravel/framework/src/Illuminate/Foundation/Http/Middleware/TrimStrings.php(51): Illuminate\\Foundation\\Http\\Middleware\\TransformsRequest->handle()
#36 /media/flavio/3437-6262/Projetos/laravel_ecommerce/vendor/laravel/framework/src/Illuminate/Pipeline/Pipeline.php(183): Illuminate\\Foundation\\Http\\Middleware\\TrimStrings->handle()
#37 /media/flavio/3437-6262/Projetos/laravel_ecommerce/vendor/laravel/framework/src/Illuminate/Http/Middleware/ValidatePostSize.php(27): Illuminate\\Pipeline\\Pipeline->Illuminate\\Pipeline\\{closure}()
#38 /media/flavio/3437-6262/Projetos/laravel_ecommerce/vendor/laravel/framework/src/Illuminate/Pipeline/Pipeline.php(183): Illuminate\\Http\\Middleware\\ValidatePostSize->handle()
#39 /media/flavio/3437-6262/Projetos/laravel_ecommerce/vendor/laravel/framework/src/Illuminate/Foundation/Http/Middleware/PreventRequestsDuringMaintenance.php(110): Illuminate\\Pipeline\\Pipeline->Illuminate\\Pipeline\\{closure}()
#40 /media/flavio/3437-6262/Projetos/laravel_ecommerce/vendor/laravel/framework/src/Illuminate/Pipeline/Pipeline.php(183): Illuminate\\Foundation\\Http\\Middleware\\PreventRequestsDuringMaintenance->handle()
#41 /media/flavio/3437-6262/Projetos/laravel_ecommerce/vendor/laravel/framework/src/Illuminate/Http/Middleware/HandleCors.php(49): Illuminate\\Pipeline\\Pipeline->Illuminate\\Pipeline\\{closure}()
#42 /media/flavio/3437-6262/Projetos/laravel_ecommerce/vendor/laravel/framework/src/Illuminate/Pipeline/Pipeline.php(183): Illuminate\\Http\\Middleware\\HandleCors->handle()
#43 /media/flavio/3437-6262/Projetos/laravel_ecommerce/vendor/laravel/framework/src/Illuminate/Http/Middleware/TrustProxies.php(58): Illuminate\\Pipeline\\Pipeline->Illuminate\\Pipeline\\{closure}()
#44 /media/flavio/3437-6262/Projetos/laravel_ecommerce/vendor/laravel/framework/src/Illuminate/Pipeline/Pipeline.php(183): Illuminate\\Http\\Middleware\\TrustProxies->handle()
#45 /media/flavio/3437-6262/Projetos/laravel_ecommerce/vendor/laravel/framework/src/Illuminate/Foundation/Http/Middleware/InvokeDeferredCallbacks.php(22): Illuminate\\Pipeline\\Pipeline->Illuminate\\Pipeline\\{closure}()
#46 /media/flavio/3437-6262/Projetos/laravel_ecommerce/vendor/laravel/framework/src/Illuminate/Pipeline/Pipeline.php(183): Illuminate\\Foundation\\Http\\Middleware\\InvokeDeferredCallbacks->handle()
#47 /media/flavio/3437-6262/Projetos/laravel_ecommerce/vendor/laravel/framework/src/Illuminate/Pipeline/Pipeline.php(119): Illuminate\\Pipeline\\Pipeline->Illuminate\\Pipeline\\{closure}()
#48 /media/flavio/3437-6262/Projetos/laravel_ecommerce/vendor/laravel/framework/src/Illuminate/Foundation/Http/Kernel.php(176): Illuminate\\Pipeline\\Pipeline->then()
#49 /media/flavio/3437-6262/Projetos/laravel_ecommerce/vendor/laravel/framework/src/Illuminate/Foundation/Http/Kernel.php(145): Illuminate\\Foundation\\Http\\Kernel->sendRequestThroughRouter()
#50 /media/flavio/3437-6262/Projetos/laravel_ecommerce/vendor/laravel/framework/src/Illuminate/Foundation/Application.php(1190): Illuminate\\Foundation\\Http\\Kernel->handle()
#51 /media/flavio/3437-6262/Projetos/laravel_ecommerce/public/index.php(17): Illuminate\\Foundation\\Application->handleRequest()
#52 /media/flavio/3437-6262/Projetos/laravel_ecommerce/vendor/laravel/framework/src/Illuminate/Foundation/resources/server.php(23): require_once('...')
#53 {main}

[previous exception] [object] (ErrorException(code: 0): Attempt to read property \"id\" on null at /media/flavio/3437-6262/Projetos/laravel_ecommerce/storage/framework/views/17fa88171f7cb696e8cba607d58abefb.php:4)
[stacktrace]
#0 /media/flavio/3437-6262/Projetos/laravel_ecommerce/vendor/laravel/framework/src/Illuminate/Foundation/Bootstrap/HandleExceptions.php(290): Illuminate\\Foundation\\Bootstrap\\HandleExceptions->handleError()
#1 /media/flavio/3437-6262/Projetos/laravel_ecommerce/storage/framework/views/17fa88171f7cb696e8cba607d58abefb.php(4): Illuminate\\Foundation\\Bootstrap\\HandleExceptions->Illuminate\\Foundation\\Bootstrap\\{closure}()
#2 /media/flavio/3437-6262/Projetos/laravel_ecommerce/vendor/laravel/framework/src/Illuminate/Filesystem/Filesystem.php(123): require('...')
#3 /media/flavio/3437-6262/Projetos/laravel_ecommerce/vendor/laravel/framework/src/Illuminate/Filesystem/Filesystem.php(124): Illuminate\\Filesystem\\Filesystem::Illuminate\\Filesystem\\{closure}()
#4 /media/flavio/3437-6262/Projetos/laravel_ecommerce/vendor/laravel/framework/src/Illuminate/View/Engines/PhpEngine.php(58): Illuminate\\Filesystem\\Filesystem->getRequire()
#5 /media/flavio/3437-6262/Projetos/laravel_ecommerce/vendor/laravel/framework/src/Illuminate/View/Engines/CompilerEngine.php(75): Illuminate\\View\\Engines\\PhpEngine->evaluatePath()
#6 /media/flavio/3437-6262/Projetos/laravel_ecommerce/vendor/laravel/framework/src/Illuminate/View/View.php(209): Illuminate\\View\\Engines\\CompilerEngine->get()
#7 /media/flavio/3437-6262/Projetos/laravel_ecommerce/vendor/laravel/framework/src/Illuminate/View/View.php(192): Illuminate\\View\\View->getContents()
#8 /media/flavio/3437-6262/Projetos/laravel_ecommerce/vendor/laravel/framework/src/Illuminate/View/View.php(161): Illuminate\\View\\View->renderContents()
#9 /media/flavio/3437-6262/Projetos/laravel_ecommerce/vendor/laravel/framework/src/Illuminate/Http/Response.php(70): Illuminate\\View\\View->render()
#10 /media/flavio/3437-6262/Projetos/laravel_ecommerce/vendor/laravel/framework/src/Illuminate/Http/Response.php(35): Illuminate\\Http\\Response->setContent()
#11 /media/flavio/3437-6262/Projetos/laravel_ecommerce/vendor/laravel/framework/src/Illuminate/Routing/Router.php(920): Illuminate\\Http\\Response->__construct()
#12 /media/flavio/3437-6262/Projetos/laravel_ecommerce/vendor/laravel/framework/src/Illuminate/Routing/Router.php(887): Illuminate\\Routing\\Router::toResponse()
#13 /media/flavio/3437-6262/Projetos/laravel_ecommerce/vendor/laravel/framework/src/Illuminate/Routing/Router.php(807): Illuminate\\Routing\\Router->prepareResponse()
#14 /media/flavio/3437-6262/Projetos/laravel_ecommerce/vendor/laravel/framework/src/Illuminate/Pipeline/Pipeline.php(144): Illuminate\\Routing\\Router->Illuminate\\Routing\\{closure}()
#15 /media/flavio/3437-6262/Projetos/laravel_ecommerce/vendor/laravel/framework/src/Illuminate/Routing/Middleware/SubstituteBindings.php(51): Illuminate\\Pipeline\\Pipeline->Illuminate\\Pipeline\\{closure}()
#16 /media/flavio/3437-6262/Projetos/laravel_ecommerce/vendor/laravel/framework/src/Illuminate/Pipeline/Pipeline.php(183): Illuminate\\Routing\\Middleware\\SubstituteBindings->handle()
#17 /media/flavio/3437-6262/Projetos/laravel_ecommerce/vendor/laravel/framework/src/Illuminate/Foundation/Http/Middleware/VerifyCsrfToken.php(88): Illuminate\\Pipeline\\Pipeline->Illuminate\\Pipeline\\{closure}()
#18 /media/flavio/3437-6262/Projetos/laravel_ecommerce/vendor/laravel/framework/src/Illuminate/Pipeline/Pipeline.php(183): Illuminate\\Foundation\\Http\\Middleware\\VerifyCsrfToken->handle()
#19 /media/flavio/3437-6262/Projetos/laravel_ecommerce/vendor/laravel/framework/src/Illuminate/View/Middleware/ShareErrorsFromSession.php(49): Illuminate\\Pipeline\\Pipeline->Illuminate\\Pipeline\\{closure}()
#20 /media/flavio/3437-6262/Projetos/laravel_ecommerce/vendor/laravel/framework/src/Illuminate/Pipeline/Pipeline.php(183): Illuminate\\View\\Middleware\\ShareErrorsFromSession->handle()
#21 /media/flavio/3437-6262/Projetos/laravel_ecommerce/vendor/laravel/framework/src/Illuminate/Session/Middleware/StartSession.php(121): Illuminate\\Pipeline\\Pipeline->Illuminate\\Pipeline\\{closure}()
#22 /media/flavio/3437-6262/Projetos/laravel_ecommerce/vendor/laravel/framework/src/Illuminate/Session/Middleware/StartSession.php(64): Illuminate\\Session\\Middleware\\StartSession->handleStatefulRequest()
#23 /media/flavio/3437-6262/Projetos/laravel_ecommerce/vendor/laravel/framework/src/Illuminate/Pipeline/Pipeline.php(183): Illuminate\\Session\\Middleware\\StartSession->handle()
#24 /media/flavio/3437-6262/Projetos/laravel_ecommerce/vendor/laravel/framework/src/Illuminate/Cookie/Middleware/AddQueuedCookiesToResponse.php(37): Illuminate\\Pipeline\\Pipeline->Illuminate\\Pipeline\\{closure}()
#25 /media/flavio/3437-6262/Projetos/laravel_ecommerce/vendor/laravel/framework/src/Illuminate/Pipeline/Pipeline.php(183): Illuminate\\Cookie\\Middleware\\AddQueuedCookiesToResponse->handle()
#26 /media/flavio/3437-6262/Projetos/laravel_ecommerce/vendor/laravel/framework/src/Illuminate/Cookie/Middleware/EncryptCookies.php(75): Illuminate\\Pipeline\\Pipeline->Illuminate\\Pipeline\\{closure}()
#27 /media/flavio/3437-6262/Projetos/laravel_ecommerce/vendor/laravel/framework/src/Illuminate/Pipeline/Pipeline.php(183): Illuminate\\Cookie\\Middleware\\EncryptCookies->handle()
#28 /media/flavio/3437-6262/Projetos/laravel_ecommerce/vendor/laravel/framework/src/Illuminate/Pipeline/Pipeline.php(119): Illuminate\\Pipeline\\Pipeline->Illuminate\\Pipeline\\{closure}()
#29 /media/flavio/3437-6262/Projetos/laravel_ecommerce/vendor/laravel/framework/src/Illuminate/Routing/Router.php(807): Illuminate\\Pipeline\\Pipeline->then()
#30 /media/flavio/3437-6262/Projetos/laravel_ecommerce/vendor/laravel/framework/src/Illuminate/Routing/Router.php(786): Illuminate\\Routing\\Router->runRouteWithinStack()
#31 /media/flavio/3437-6262/Projetos/laravel_ecommerce/vendor/laravel/framework/src/Illuminate/Routing/Router.php(750): Illuminate\\Routing\\Router->runRoute()
#32 /media/flavio/3437-6262/Projetos/laravel_ecommerce/vendor/laravel/framework/src/Illuminate/Routing/Router.php(739): Illuminate\\Routing\\Router->dispatchToRoute()
#33 /media/flavio/3437-6262/Projetos/laravel_ecommerce/vendor/laravel/framework/src/Illuminate/Foundation/Http/Kernel.php(201): Illuminate\\Routing\\Router->dispatch()
#34 /media/flavio/3437-6262/Projetos/laravel_ecommerce/vendor/laravel/framework/src/Illuminate/Pipeline/Pipeline.php(144): Illuminate\\Foundation\\Http\\Kernel->Illuminate\\Foundation\\Http\\{closure}()
#35 /media/flavio/3437-6262/Projetos/laravel_ecommerce/vendor/laravel/framework/src/Illuminate/Foundation/Http/Middleware/TransformsRequest.php(21): Illuminate\\Pipeline\\Pipeline->Illuminate\\Pipeline\\{closure}()
#36 /media/flavio/3437-6262/Projetos/laravel_ecommerce/vendor/laravel/framework/src/Illuminate/Foundation/Http/Middleware/ConvertEmptyStringsToNull.php(31): Illuminate\\Foundation\\Http\\Middleware\\TransformsRequest->handle()
#37 /media/flavio/3437-6262/Projetos/laravel_ecommerce/vendor/laravel/framework/src/Illuminate/Pipeline/Pipeline.php(183): Illuminate\\Foundation\\Http\\Middleware\\ConvertEmptyStringsToNull->handle()
#38 /media/flavio/3437-6262/Projetos/laravel_ecommerce/vendor/laravel/framework/src/Illuminate/Foundation/Http/Middleware/TransformsRequest.php(21): Illuminate\\Pipeline\\Pipeline->Illuminate\\Pipeline\\{closure}()
#39 /media/flavio/3437-6262/Projetos/laravel_ecommerce/vendor/laravel/framework/src/Illuminate/Foundation/Http/Middleware/TrimStrings.php(51): Illuminate\\Foundation\\Http\\Middleware\\TransformsRequest->handle()
#40 /media/flavio/3437-6262/Projetos/laravel_ecommerce/vendor/laravel/framework/src/Illuminate/Pipeline/Pipeline.php(183): Illuminate\\Foundation\\Http\\Middleware\\TrimStrings->handle()
#41 /media/flavio/3437-6262/Projetos/laravel_ecommerce/vendor/laravel/framework/src/Illuminate/Http/Middleware/ValidatePostSize.php(27): Illuminate\\Pipeline\\Pipeline->Illuminate\\Pipeline\\{closure}()
#42 /media/flavio/3437-6262/Projetos/laravel_ecommerce/vendor/laravel/framework/src/Illuminate/Pipeline/Pipeline.php(183): Illuminate\\Http\\Middleware\\ValidatePostSize->handle()
#43 /media/flavio/3437-6262/Projetos/laravel_ecommerce/vendor/laravel/framework/src/Illuminate/Foundation/Http/Middleware/PreventRequestsDuringMaintenance.php(110): Illuminate\\Pipeline\\Pipeline->Illuminate\\Pipeline\\{closure}()
#44 /media/flavio/3437-6262/Projetos/laravel_ecommerce/vendor/laravel/framework/src/Illuminate/Pipeline/Pipeline.php(183): Illuminate\\Foundation\\Http\\Middleware\\PreventRequestsDuringMaintenance->handle()
#45 /media/flavio/3437-6262/Projetos/laravel_ecommerce/vendor/laravel/framework/src/Illuminate/Http/Middleware/HandleCors.php(49): Illuminate\\Pipeline\\Pipeline->Illuminate\\Pipeline\\{closure}()
#46 /media/flavio/3437-6262/Projetos/laravel_ecommerce/vendor/laravel/framework/src/Illuminate/Pipeline/Pipeline.php(183): Illuminate\\Http\\Middleware\\HandleCors->handle()
#47 /media/flavio/3437-6262/Projetos/laravel_ecommerce/vendor/laravel/framework/src/Illuminate/Http/Middleware/TrustProxies.php(58): Illuminate\\Pipeline\\Pipeline->Illuminate\\Pipeline\\{closure}()
#48 /media/flavio/3437-6262/Projetos/laravel_ecommerce/vendor/laravel/framework/src/Illuminate/Pipeline/Pipeline.php(183): Illuminate\\Http\\Middleware\\TrustProxies->handle()
#49 /media/flavio/3437-6262/Projetos/laravel_ecommerce/vendor/laravel/framework/src/Illuminate/Foundation/Http/Middleware/InvokeDeferredCallbacks.php(22): Illuminate\\Pipeline\\Pipeline->Illuminate\\Pipeline\\{closure}()
#50 /media/flavio/3437-6262/Projetos/laravel_ecommerce/vendor/laravel/framework/src/Illuminate/Pipeline/Pipeline.php(183): Illuminate\\Foundation\\Http\\Middleware\\InvokeDeferredCallbacks->handle()
#51 /media/flavio/3437-6262/Projetos/laravel_ecommerce/vendor/laravel/framework/src/Illuminate/Pipeline/Pipeline.php(119): Illuminate\\Pipeline\\Pipeline->Illuminate\\Pipeline\\{closure}()
#52 /media/flavio/3437-6262/Projetos/laravel_ecommerce/vendor/laravel/framework/src/Illuminate/Foundation/Http/Kernel.php(176): Illuminate\\Pipeline\\Pipeline->then()
#53 /media/flavio/3437-6262/Projetos/laravel_ecommerce/vendor/laravel/framework/src/Illuminate/Foundation/Http/Kernel.php(145): Illuminate\\Foundation\\Http\\Kernel->sendRequestThroughRouter()
#54 /media/flavio/3437-6262/Projetos/laravel_ecommerce/vendor/laravel/framework/src/Illuminate/Foundation/Application.php(1190): Illuminate\\Foundation\\Http\\Kernel->handle()
#55 /media/flavio/3437-6262/Projetos/laravel_ecommerce/public/index.php(17): Illuminate\\Foundation\\Application->handleRequest()
#56 /media/flavio/3437-6262/Projetos/laravel_ecommerce/vendor/laravel/framework/src/Illuminate/Foundation/resources/server.php(23): require_once('...')
#57 {main}
"} 
[2025-02-13 00:53:58] local.ERROR: Attempt to read property "id" on null (View: /media/flavio/3437-6262/Projetos/laravel_ecommerce/resources/views/admin/stores/edit.blade.php) {"exception":"[object] (Illuminate\\View\\ViewException(code: 0): Attempt to read property \"id\" on null (View: /media/flavio/3437-6262/Projetos/laravel_ecommerce/resources/views/admin/stores/edit.blade.php) at /media/flavio/3437-6262/Projetos/laravel_ecommerce/storage/framework/views/17fa88171f7cb696e8cba607d58abefb.php:4)
[stacktrace]
#0 /media/flavio/3437-6262/Projetos/laravel_ecommerce/vendor/laravel/framework/src/Illuminate/View/Engines/PhpEngine.php(60): Illuminate\\View\\Engines\\CompilerEngine->handleViewException()
#1 /media/flavio/3437-6262/Projetos/laravel_ecommerce/vendor/laravel/framework/src/Illuminate/View/Engines/CompilerEngine.php(75): Illuminate\\View\\Engines\\PhpEngine->evaluatePath()
#2 /media/flavio/3437-6262/Projetos/laravel_ecommerce/vendor/laravel/framework/src/Illuminate/View/View.php(209): Illuminate\\View\\Engines\\CompilerEngine->get()
#3 /media/flavio/3437-6262/Projetos/laravel_ecommerce/vendor/laravel/framework/src/Illuminate/View/View.php(192): Illuminate\\View\\View->getContents()
#4 /media/flavio/3437-6262/Projetos/laravel_ecommerce/vendor/laravel/framework/src/Illuminate/View/View.php(161): Illuminate\\View\\View->renderContents()
#5 /media/flavio/3437-6262/Projetos/laravel_ecommerce/vendor/laravel/framework/src/Illuminate/Http/Response.php(70): Illuminate\\View\\View->render()
#6 /media/flavio/3437-6262/Projetos/laravel_ecommerce/vendor/laravel/framework/src/Illuminate/Http/Response.php(35): Illuminate\\Http\\Response->setContent()
#7 /media/flavio/3437-6262/Projetos/laravel_ecommerce/vendor/laravel/framework/src/Illuminate/Routing/Router.php(920): Illuminate\\Http\\Response->__construct()
#8 /media/flavio/3437-6262/Projetos/laravel_ecommerce/vendor/laravel/framework/src/Illuminate/Routing/Router.php(887): Illuminate\\Routing\\Router::toResponse()
#9 /media/flavio/3437-6262/Projetos/laravel_ecommerce/vendor/laravel/framework/src/Illuminate/Routing/Router.php(807): Illuminate\\Routing\\Router->prepareResponse()
#10 /media/flavio/3437-6262/Projetos/laravel_ecommerce/vendor/laravel/framework/src/Illuminate/Pipeline/Pipeline.php(144): Illuminate\\Routing\\Router->Illuminate\\Routing\\{closure}()
#11 /media/flavio/3437-6262/Projetos/laravel_ecommerce/vendor/laravel/framework/src/Illuminate/Routing/Middleware/SubstituteBindings.php(51): Illuminate\\Pipeline\\Pipeline->Illuminate\\Pipeline\\{closure}()
#12 /media/flavio/3437-6262/Projetos/laravel_ecommerce/vendor/laravel/framework/src/Illuminate/Pipeline/Pipeline.php(183): Illuminate\\Routing\\Middleware\\SubstituteBindings->handle()
#13 /media/flavio/3437-6262/Projetos/laravel_ecommerce/vendor/laravel/framework/src/Illuminate/Foundation/Http/Middleware/VerifyCsrfToken.php(88): Illuminate\\Pipeline\\Pipeline->Illuminate\\Pipeline\\{closure}()
#14 /media/flavio/3437-6262/Projetos/laravel_ecommerce/vendor/laravel/framework/src/Illuminate/Pipeline/Pipeline.php(183): Illuminate\\Foundation\\Http\\Middleware\\VerifyCsrfToken->handle()
#15 /media/flavio/3437-6262/Projetos/laravel_ecommerce/vendor/laravel/framework/src/Illuminate/View/Middleware/ShareErrorsFromSession.php(49): Illuminate\\Pipeline\\Pipeline->Illuminate\\Pipeline\\{closure}()
#16 /media/flavio/3437-6262/Projetos/laravel_ecommerce/vendor/laravel/framework/src/Illuminate/Pipeline/Pipeline.php(183): Illuminate\\View\\Middleware\\ShareErrorsFromSession->handle()
#17 /media/flavio/3437-6262/Projetos/laravel_ecommerce/vendor/laravel/framework/src/Illuminate/Session/Middleware/StartSession.php(121): Illuminate\\Pipeline\\Pipeline->Illuminate\\Pipeline\\{closure}()
#18 /media/flavio/3437-6262/Projetos/laravel_ecommerce/vendor/laravel/framework/src/Illuminate/Session/Middleware/StartSession.php(64): Illuminate\\Session\\Middleware\\StartSession->handleStatefulRequest()
#19 /media/flavio/3437-6262/Projetos/laravel_ecommerce/vendor/laravel/framework/src/Illuminate/Pipeline/Pipeline.php(183): Illuminate\\Session\\Middleware\\StartSession->handle()
#20 /media/flavio/3437-6262/Projetos/laravel_ecommerce/vendor/laravel/framework/src/Illuminate/Cookie/Middleware/AddQueuedCookiesToResponse.php(37): Illuminate\\Pipeline\\Pipeline->Illuminate\\Pipeline\\{closure}()
#21 /media/flavio/3437-6262/Projetos/laravel_ecommerce/vendor/laravel/framework/src/Illuminate/Pipeline/Pipeline.php(183): Illuminate\\Cookie\\Middleware\\AddQueuedCookiesToResponse->handle()
#22 /media/flavio/3437-6262/Projetos/laravel_ecommerce/vendor/laravel/framework/src/Illuminate/Cookie/Middleware/EncryptCookies.php(75): Illuminate\\Pipeline\\Pipeline->Illuminate\\Pipeline\\{closure}()
#23 /media/flavio/3437-6262/Projetos/laravel_ecommerce/vendor/laravel/framework/src/Illuminate/Pipeline/Pipeline.php(183): Illuminate\\Cookie\\Middleware\\EncryptCookies->handle()
#24 /media/flavio/3437-6262/Projetos/laravel_ecommerce/vendor/laravel/framework/src/Illuminate/Pipeline/Pipeline.php(119): Illuminate\\Pipeline\\Pipeline->Illuminate\\Pipeline\\{closure}()
#25 /media/flavio/3437-6262/Projetos/laravel_ecommerce/vendor/laravel/framework/src/Illuminate/Routing/Router.php(807): Illuminate\\Pipeline\\Pipeline->then()
#26 /media/flavio/3437-6262/Projetos/laravel_ecommerce/vendor/laravel/framework/src/Illuminate/Routing/Router.php(786): Illuminate\\Routing\\Router->runRouteWithinStack()
#27 /media/flavio/3437-6262/Projetos/laravel_ecommerce/vendor/laravel/framework/src/Illuminate/Routing/Router.php(750): Illuminate\\Routing\\Router->runRoute()
#28 /media/flavio/3437-6262/Projetos/laravel_ecommerce/vendor/laravel/framework/src/Illuminate/Routing/Router.php(739): Illuminate\\Routing\\Router->dispatchToRoute()
#29 /media/flavio/3437-6262/Projetos/laravel_ecommerce/vendor/laravel/framework/src/Illuminate/Foundation/Http/Kernel.php(201): Illuminate\\Routing\\Router->dispatch()
#30 /media/flavio/3437-6262/Projetos/laravel_ecommerce/vendor/laravel/framework/src/Illuminate/Pipeline/Pipeline.php(144): Illuminate\\Foundation\\Http\\Kernel->Illuminate\\Foundation\\Http\\{closure}()
#31 /media/flavio/3437-6262/Projetos/laravel_ecommerce/vendor/laravel/framework/src/Illuminate/Foundation/Http/Middleware/TransformsRequest.php(21): Illuminate\\Pipeline\\Pipeline->Illuminate\\Pipeline\\{closure}()
#32 /media/flavio/3437-6262/Projetos/laravel_ecommerce/vendor/laravel/framework/src/Illuminate/Foundation/Http/Middleware/ConvertEmptyStringsToNull.php(31): Illuminate\\Foundation\\Http\\Middleware\\TransformsRequest->handle()
#33 /media/flavio/3437-6262/Projetos/laravel_ecommerce/vendor/laravel/framework/src/Illuminate/Pipeline/Pipeline.php(183): Illuminate\\Foundation\\Http\\Middleware\\ConvertEmptyStringsToNull->handle()
#34 /media/flavio/3437-6262/Projetos/laravel_ecommerce/vendor/laravel/framework/src/Illuminate/Foundation/Http/Middleware/TransformsRequest.php(21): Illuminate\\Pipeline\\Pipeline->Illuminate\\Pipeline\\{closure}()
#35 /media/flavio/3437-6262/Projetos/laravel_ecommerce/vendor/laravel/framework/src/Illuminate/Foundation/Http/Middleware/TrimStrings.php(51): Illuminate\\Foundation\\Http\\Middleware\\TransformsRequest->handle()
#36 /media/flavio/3437-6262/Projetos/laravel_ecommerce/vendor/laravel/framework/src/Illuminate/Pipeline/Pipeline.php(183): Illuminate\\Foundation\\Http\\Middleware\\TrimStrings->handle()
#37 /media/flavio/3437-6262/Projetos/laravel_ecommerce/vendor/laravel/framework/src/Illuminate/Http/Middleware/ValidatePostSize.php(27): Illuminate\\Pipeline\\Pipeline->Illuminate\\Pipeline\\{closure}()
#38 /media/flavio/3437-6262/Projetos/laravel_ecommerce/vendor/laravel/framework/src/Illuminate/Pipeline/Pipeline.php(183): Illuminate\\Http\\Middleware\\ValidatePostSize->handle()
#39 /media/flavio/3437-6262/Projetos/laravel_ecommerce/vendor/laravel/framework/src/Illuminate/Foundation/Http/Middleware/PreventRequestsDuringMaintenance.php(110): Illuminate\\Pipeline\\Pipeline->Illuminate\\Pipeline\\{closure}()
#40 /media/flavio/3437-6262/Projetos/laravel_ecommerce/vendor/laravel/framework/src/Illuminate/Pipeline/Pipeline.php(183): Illuminate\\Foundation\\Http\\Middleware\\PreventRequestsDuringMaintenance->handle()
#41 /media/flavio/3437-6262/Projetos/laravel_ecommerce/vendor/laravel/framework/src/Illuminate/Http/Middleware/HandleCors.php(49): Illuminate\\Pipeline\\Pipeline->Illuminate\\Pipeline\\{closure}()
#42 /media/flavio/3437-6262/Projetos/laravel_ecommerce/vendor/laravel/framework/src/Illuminate/Pipeline/Pipeline.php(183): Illuminate\\Http\\Middleware\\HandleCors->handle()
#43 /media/flavio/3437-6262/Projetos/laravel_ecommerce/vendor/laravel/framework/src/Illuminate/Http/Middleware/TrustProxies.php(58): Illuminate\\Pipeline\\Pipeline->Illuminate\\Pipeline\\{closure}()
#44 /media/flavio/3437-6262/Projetos/laravel_ecommerce/vendor/laravel/framework/src/Illuminate/Pipeline/Pipeline.php(183): Illuminate\\Http\\Middleware\\TrustProxies->handle()
#45 /media/flavio/3437-6262/Projetos/laravel_ecommerce/vendor/laravel/framework/src/Illuminate/Foundation/Http/Middleware/InvokeDeferredCallbacks.php(22): Illuminate\\Pipeline\\Pipeline->Illuminate\\Pipeline\\{closure}()
#46 /media/flavio/3437-6262/Projetos/laravel_ecommerce/vendor/laravel/framework/src/Illuminate/Pipeline/Pipeline.php(183): Illuminate\\Foundation\\Http\\Middleware\\InvokeDeferredCallbacks->handle()
#47 /media/flavio/3437-6262/Projetos/laravel_ecommerce/vendor/laravel/framework/src/Illuminate/Pipeline/Pipeline.php(119): Illuminate\\Pipeline\\Pipeline->Illuminate\\Pipeline\\{closure}()
#48 /media/flavio/3437-6262/Projetos/laravel_ecommerce/vendor/laravel/framework/src/Illuminate/Foundation/Http/Kernel.php(176): Illuminate\\Pipeline\\Pipeline->then()
#49 /media/flavio/3437-6262/Projetos/laravel_ecommerce/vendor/laravel/framework/src/Illuminate/Foundation/Http/Kernel.php(145): Illuminate\\Foundation\\Http\\Kernel->sendRequestThroughRouter()
#50 /media/flavio/3437-6262/Projetos/laravel_ecommerce/vendor/laravel/framework/src/Illuminate/Foundation/Application.php(1190): Illuminate\\Foundation\\Http\\Kernel->handle()
#51 /media/flavio/3437-6262/Projetos/laravel_ecommerce/public/index.php(17): Illuminate\\Foundation\\Application->handleRequest()
#52 /media/flavio/3437-6262/Projetos/laravel_ecommerce/vendor/laravel/framework/src/Illuminate/Foundation/resources/server.php(23): require_once('...')
#53 {main}

[previous exception] [object] (ErrorException(code: 0): Attempt to read property \"id\" on null at /media/flavio/3437-6262/Projetos/laravel_ecommerce/storage/framework/views/17fa88171f7cb696e8cba607d58abefb.php:4)
[stacktrace]
#0 /media/flavio/3437-6262/Projetos/laravel_ecommerce/vendor/laravel/framework/src/Illuminate/Foundation/Bootstrap/HandleExceptions.php(290): Illuminate\\Foundation\\Bootstrap\\HandleExceptions->handleError()
#1 /media/flavio/3437-6262/Projetos/laravel_ecommerce/storage/framework/views/17fa88171f7cb696e8cba607d58abefb.php(4): Illuminate\\Foundation\\Bootstrap\\HandleExceptions->Illuminate\\Foundation\\Bootstrap\\{closure}()
#2 /media/flavio/3437-6262/Projetos/laravel_ecommerce/vendor/laravel/framework/src/Illuminate/Filesystem/Filesystem.php(123): require('...')
#3 /media/flavio/3437-6262/Projetos/laravel_ecommerce/vendor/laravel/framework/src/Illuminate/Filesystem/Filesystem.php(124): Illuminate\\Filesystem\\Filesystem::Illuminate\\Filesystem\\{closure}()
#4 /media/flavio/3437-6262/Projetos/laravel_ecommerce/vendor/laravel/framework/src/Illuminate/View/Engines/PhpEngine.php(58): Illuminate\\Filesystem\\Filesystem->getRequire()
#5 /media/flavio/3437-6262/Projetos/laravel_ecommerce/vendor/laravel/framework/src/Illuminate/View/Engines/CompilerEngine.php(75): Illuminate\\View\\Engines\\PhpEngine->evaluatePath()
#6 /media/flavio/3437-6262/Projetos/laravel_ecommerce/vendor/laravel/framework/src/Illuminate/View/View.php(209): Illuminate\\View\\Engines\\CompilerEngine->get()
#7 /media/flavio/3437-6262/Projetos/laravel_ecommerce/vendor/laravel/framework/src/Illuminate/View/View.php(192): Illuminate\\View\\View->getContents()
#8 /media/flavio/3437-6262/Projetos/laravel_ecommerce/vendor/laravel/framework/src/Illuminate/View/View.php(161): Illuminate\\View\\View->renderContents()
#9 /media/flavio/3437-6262/Projetos/laravel_ecommerce/vendor/laravel/framework/src/Illuminate/Http/Response.php(70): Illuminate\\View\\View->render()
#10 /media/flavio/3437-6262/Projetos/laravel_ecommerce/vendor/laravel/framework/src/Illuminate/Http/Response.php(35): Illuminate\\Http\\Response->setContent()
#11 /media/flavio/3437-6262/Projetos/laravel_ecommerce/vendor/laravel/framework/src/Illuminate/Routing/Router.php(920): Illuminate\\Http\\Response->__construct()
#12 /media/flavio/3437-6262/Projetos/laravel_ecommerce/vendor/laravel/framework/src/Illuminate/Routing/Router.php(887): Illuminate\\Routing\\Router::toResponse()
#13 /media/flavio/3437-6262/Projetos/laravel_ecommerce/vendor/laravel/framework/src/Illuminate/Routing/Router.php(807): Illuminate\\Routing\\Router->prepareResponse()
#14 /media/flavio/3437-6262/Projetos/laravel_ecommerce/vendor/laravel/framework/src/Illuminate/Pipeline/Pipeline.php(144): Illuminate\\Routing\\Router->Illuminate\\Routing\\{closure}()
#15 /media/flavio/3437-6262/Projetos/laravel_ecommerce/vendor/laravel/framework/src/Illuminate/Routing/Middleware/SubstituteBindings.php(51): Illuminate\\Pipeline\\Pipeline->Illuminate\\Pipeline\\{closure}()
#16 /media/flavio/3437-6262/Projetos/laravel_ecommerce/vendor/laravel/framework/src/Illuminate/Pipeline/Pipeline.php(183): Illuminate\\Routing\\Middleware\\SubstituteBindings->handle()
#17 /media/flavio/3437-6262/Projetos/laravel_ecommerce/vendor/laravel/framework/src/Illuminate/Foundation/Http/Middleware/VerifyCsrfToken.php(88): Illuminate\\Pipeline\\Pipeline->Illuminate\\Pipeline\\{closure}()
#18 /media/flavio/3437-6262/Projetos/laravel_ecommerce/vendor/laravel/framework/src/Illuminate/Pipeline/Pipeline.php(183): Illuminate\\Foundation\\Http\\Middleware\\VerifyCsrfToken->handle()
#19 /media/flavio/3437-6262/Projetos/laravel_ecommerce/vendor/laravel/framework/src/Illuminate/View/Middleware/ShareErrorsFromSession.php(49): Illuminate\\Pipeline\\Pipeline->Illuminate\\Pipeline\\{closure}()
#20 /media/flavio/3437-6262/Projetos/laravel_ecommerce/vendor/laravel/framework/src/Illuminate/Pipeline/Pipeline.php(183): Illuminate\\View\\Middleware\\ShareErrorsFromSession->handle()
#21 /media/flavio/3437-6262/Projetos/laravel_ecommerce/vendor/laravel/framework/src/Illuminate/Session/Middleware/StartSession.php(121): Illuminate\\Pipeline\\Pipeline->Illuminate\\Pipeline\\{closure}()
#22 /media/flavio/3437-6262/Projetos/laravel_ecommerce/vendor/laravel/framework/src/Illuminate/Session/Middleware/StartSession.php(64): Illuminate\\Session\\Middleware\\StartSession->handleStatefulRequest()
#23 /media/flavio/3437-6262/Projetos/laravel_ecommerce/vendor/laravel/framework/src/Illuminate/Pipeline/Pipeline.php(183): Illuminate\\Session\\Middleware\\StartSession->handle()
#24 /media/flavio/3437-6262/Projetos/laravel_ecommerce/vendor/laravel/framework/src/Illuminate/Cookie/Middleware/AddQueuedCookiesToResponse.php(37): Illuminate\\Pipeline\\Pipeline->Illuminate\\Pipeline\\{closure}()
#25 /media/flavio/3437-6262/Projetos/laravel_ecommerce/vendor/laravel/framework/src/Illuminate/Pipeline/Pipeline.php(183): Illuminate\\Cookie\\Middleware\\AddQueuedCookiesToResponse->handle()
#26 /media/flavio/3437-6262/Projetos/laravel_ecommerce/vendor/laravel/framework/src/Illuminate/Cookie/Middleware/EncryptCookies.php(75): Illuminate\\Pipeline\\Pipeline->Illuminate\\Pipeline\\{closure}()
#27 /media/flavio/3437-6262/Projetos/laravel_ecommerce/vendor/laravel/framework/src/Illuminate/Pipeline/Pipeline.php(183): Illuminate\\Cookie\\Middleware\\EncryptCookies->handle()
#28 /media/flavio/3437-6262/Projetos/laravel_ecommerce/vendor/laravel/framework/src/Illuminate/Pipeline/Pipeline.php(119): Illuminate\\Pipeline\\Pipeline->Illuminate\\Pipeline\\{closure}()
#29 /media/flavio/3437-6262/Projetos/laravel_ecommerce/vendor/laravel/framework/src/Illuminate/Routing/Router.php(807): Illuminate\\Pipeline\\Pipeline->then()
#30 /media/flavio/3437-6262/Projetos/laravel_ecommerce/vendor/laravel/framework/src/Illuminate/Routing/Router.php(786): Illuminate\\Routing\\Router->runRouteWithinStack()
#31 /media/flavio/3437-6262/Projetos/laravel_ecommerce/vendor/laravel/framework/src/Illuminate/Routing/Router.php(750): Illuminate\\Routing\\Router->runRoute()
#32 /media/flavio/3437-6262/Projetos/laravel_ecommerce/vendor/laravel/framework/src/Illuminate/Routing/Router.php(739): Illuminate\\Routing\\Router->dispatchToRoute()
#33 /media/flavio/3437-6262/Projetos/laravel_ecommerce/vendor/laravel/framework/src/Illuminate/Foundation/Http/Kernel.php(201): Illuminate\\Routing\\Router->dispatch()
#34 /media/flavio/3437-6262/Projetos/laravel_ecommerce/vendor/laravel/framework/src/Illuminate/Pipeline/Pipeline.php(144): Illuminate\\Foundation\\Http\\Kernel->Illuminate\\Foundation\\Http\\{closure}()
#35 /media/flavio/3437-6262/Projetos/laravel_ecommerce/vendor/laravel/framework/src/Illuminate/Foundation/Http/Middleware/TransformsRequest.php(21): Illuminate\\Pipeline\\Pipeline->Illuminate\\Pipeline\\{closure}()
#36 /media/flavio/3437-6262/Projetos/laravel_ecommerce/vendor/laravel/framework/src/Illuminate/Foundation/Http/Middleware/ConvertEmptyStringsToNull.php(31): Illuminate\\Foundation\\Http\\Middleware\\TransformsRequest->handle()
#37 /media/flavio/3437-6262/Projetos/laravel_ecommerce/vendor/laravel/framework/src/Illuminate/Pipeline/Pipeline.php(183): Illuminate\\Foundation\\Http\\Middleware\\ConvertEmptyStringsToNull->handle()
#38 /media/flavio/3437-6262/Projetos/laravel_ecommerce/vendor/laravel/framework/src/Illuminate/Foundation/Http/Middleware/TransformsRequest.php(21): Illuminate\\Pipeline\\Pipeline->Illuminate\\Pipeline\\{closure}()
#39 /media/flavio/3437-6262/Projetos/laravel_ecommerce/vendor/laravel/framework/src/Illuminate/Foundation/Http/Middleware/TrimStrings.php(51): Illuminate\\Foundation\\Http\\Middleware\\TransformsRequest->handle()
#40 /media/flavio/3437-6262/Projetos/laravel_ecommerce/vendor/laravel/framework/src/Illuminate/Pipeline/Pipeline.php(183): Illuminate\\Foundation\\Http\\Middleware\\TrimStrings->handle()
#41 /media/flavio/3437-6262/Projetos/laravel_ecommerce/vendor/laravel/framework/src/Illuminate/Http/Middleware/ValidatePostSize.php(27): Illuminate\\Pipeline\\Pipeline->Illuminate\\Pipeline\\{closure}()
#42 /media/flavio/3437-6262/Projetos/laravel_ecommerce/vendor/laravel/framework/src/Illuminate/Pipeline/Pipeline.php(183): Illuminate\\Http\\Middleware\\ValidatePostSize->handle()
#43 /media/flavio/3437-6262/Projetos/laravel_ecommerce/vendor/laravel/framework/src/Illuminate/Foundation/Http/Middleware/PreventRequestsDuringMaintenance.php(110): Illuminate\\Pipeline\\Pipeline->Illuminate\\Pipeline\\{closure}()
#44 /media/flavio/3437-6262/Projetos/laravel_ecommerce/vendor/laravel/framework/src/Illuminate/Pipeline/Pipeline.php(183): Illuminate\\Foundation\\Http\\Middleware\\PreventRequestsDuringMaintenance->handle()
#45 /media/flavio/3437-6262/Projetos/laravel_ecommerce/vendor/laravel/framework/src/Illuminate/Http/Middleware/HandleCors.php(49): Illuminate\\Pipeline\\Pipeline->Illuminate\\Pipeline\\{closure}()
#46 /media/flavio/3437-6262/Projetos/laravel_ecommerce/vendor/laravel/framework/src/Illuminate/Pipeline/Pipeline.php(183): Illuminate\\Http\\Middleware\\HandleCors->handle()
#47 /media/flavio/3437-6262/Projetos/laravel_ecommerce/vendor/laravel/framework/src/Illuminate/Http/Middleware/TrustProxies.php(58): Illuminate\\Pipeline\\Pipeline->Illuminate\\Pipeline\\{closure}()
#48 /media/flavio/3437-6262/Projetos/laravel_ecommerce/vendor/laravel/framework/src/Illuminate/Pipeline/Pipeline.php(183): Illuminate\\Http\\Middleware\\TrustProxies->handle()
#49 /media/flavio/3437-6262/Projetos/laravel_ecommerce/vendor/laravel/framework/src/Illuminate/Foundation/Http/Middleware/InvokeDeferredCallbacks.php(22): Illuminate\\Pipeline\\Pipeline->Illuminate\\Pipeline\\{closure}()
#50 /media/flavio/3437-6262/Projetos/laravel_ecommerce/vendor/laravel/framework/src/Illuminate/Pipeline/Pipeline.php(183): Illuminate\\Foundation\\Http\\Middleware\\InvokeDeferredCallbacks->handle()
#51 /media/flavio/3437-6262/Projetos/laravel_ecommerce/vendor/laravel/framework/src/Illuminate/Pipeline/Pipeline.php(119): Illuminate\\Pipeline\\Pipeline->Illuminate\\Pipeline\\{closure}()
#52 /media/flavio/3437-6262/Projetos/laravel_ecommerce/vendor/laravel/framework/src/Illuminate/Foundation/Http/Kernel.php(176): Illuminate\\Pipeline\\Pipeline->then()
#53 /media/flavio/3437-6262/Projetos/laravel_ecommerce/vendor/laravel/framework/src/Illuminate/Foundation/Http/Kernel.php(145): Illuminate\\Foundation\\Http\\Kernel->sendRequestThroughRouter()
#54 /media/flavio/3437-6262/Projetos/laravel_ecommerce/vendor/laravel/framework/src/Illuminate/Foundation/Application.php(1190): Illuminate\\Foundation\\Http\\Kernel->handle()
#55 /media/flavio/3437-6262/Projetos/laravel_ecommerce/public/index.php(17): Illuminate\\Foundation\\Application->handleRequest()
#56 /media/flavio/3437-6262/Projetos/laravel_ecommerce/vendor/laravel/framework/src/Illuminate/Foundation/resources/server.php(23): require_once('...')
#57 {main}
"} 
[2025-02-13 00:54:44] local.ERROR: Attempt to read property "id" on null (View: /media/flavio/3437-6262/Projetos/laravel_ecommerce/resources/views/admin/stores/edit.blade.php) {"exception":"[object] (Illuminate\\View\\ViewException(code: 0): Attempt to read property \"id\" on null (View: /media/flavio/3437-6262/Projetos/laravel_ecommerce/resources/views/admin/stores/edit.blade.php) at /media/flavio/3437-6262/Projetos/laravel_ecommerce/storage/framework/views/17fa88171f7cb696e8cba607d58abefb.php:4)
[stacktrace]
#0 /media/flavio/3437-6262/Projetos/laravel_ecommerce/vendor/laravel/framework/src/Illuminate/View/Engines/PhpEngine.php(60): Illuminate\\View\\Engines\\CompilerEngine->handleViewException()
#1 /media/flavio/3437-6262/Projetos/laravel_ecommerce/vendor/laravel/framework/src/Illuminate/View/Engines/CompilerEngine.php(75): Illuminate\\View\\Engines\\PhpEngine->evaluatePath()
#2 /media/flavio/3437-6262/Projetos/laravel_ecommerce/vendor/laravel/framework/src/Illuminate/View/View.php(209): Illuminate\\View\\Engines\\CompilerEngine->get()
#3 /media/flavio/3437-6262/Projetos/laravel_ecommerce/vendor/laravel/framework/src/Illuminate/View/View.php(192): Illuminate\\View\\View->getContents()
#4 /media/flavio/3437-6262/Projetos/laravel_ecommerce/vendor/laravel/framework/src/Illuminate/View/View.php(161): Illuminate\\View\\View->renderContents()
#5 /media/flavio/3437-6262/Projetos/laravel_ecommerce/vendor/laravel/framework/src/Illuminate/Http/Response.php(70): Illuminate\\View\\View->render()
#6 /media/flavio/3437-6262/Projetos/laravel_ecommerce/vendor/laravel/framework/src/Illuminate/Http/Response.php(35): Illuminate\\Http\\Response->setContent()
#7 /media/flavio/3437-6262/Projetos/laravel_ecommerce/vendor/laravel/framework/src/Illuminate/Routing/Router.php(920): Illuminate\\Http\\Response->__construct()
#8 /media/flavio/3437-6262/Projetos/laravel_ecommerce/vendor/laravel/framework/src/Illuminate/Routing/Router.php(887): Illuminate\\Routing\\Router::toResponse()
#9 /media/flavio/3437-6262/Projetos/laravel_ecommerce/vendor/laravel/framework/src/Illuminate/Routing/Router.php(807): Illuminate\\Routing\\Router->prepareResponse()
#10 /media/flavio/3437-6262/Projetos/laravel_ecommerce/vendor/laravel/framework/src/Illuminate/Pipeline/Pipeline.php(144): Illuminate\\Routing\\Router->Illuminate\\Routing\\{closure}()
#11 /media/flavio/3437-6262/Projetos/laravel_ecommerce/vendor/laravel/framework/src/Illuminate/Routing/Middleware/SubstituteBindings.php(51): Illuminate\\Pipeline\\Pipeline->Illuminate\\Pipeline\\{closure}()
#12 /media/flavio/3437-6262/Projetos/laravel_ecommerce/vendor/laravel/framework/src/Illuminate/Pipeline/Pipeline.php(183): Illuminate\\Routing\\Middleware\\SubstituteBindings->handle()
#13 /media/flavio/3437-6262/Projetos/laravel_ecommerce/vendor/laravel/framework/src/Illuminate/Foundation/Http/Middleware/VerifyCsrfToken.php(88): Illuminate\\Pipeline\\Pipeline->Illuminate\\Pipeline\\{closure}()
#14 /media/flavio/3437-6262/Projetos/laravel_ecommerce/vendor/laravel/framework/src/Illuminate/Pipeline/Pipeline.php(183): Illuminate\\Foundation\\Http\\Middleware\\VerifyCsrfToken->handle()
#15 /media/flavio/3437-6262/Projetos/laravel_ecommerce/vendor/laravel/framework/src/Illuminate/View/Middleware/ShareErrorsFromSession.php(49): Illuminate\\Pipeline\\Pipeline->Illuminate\\Pipeline\\{closure}()
#16 /media/flavio/3437-6262/Projetos/laravel_ecommerce/vendor/laravel/framework/src/Illuminate/Pipeline/Pipeline.php(183): Illuminate\\View\\Middleware\\ShareErrorsFromSession->handle()
#17 /media/flavio/3437-6262/Projetos/laravel_ecommerce/vendor/laravel/framework/src/Illuminate/Session/Middleware/StartSession.php(121): Illuminate\\Pipeline\\Pipeline->Illuminate\\Pipeline\\{closure}()
#18 /media/flavio/3437-6262/Projetos/laravel_ecommerce/vendor/laravel/framework/src/Illuminate/Session/Middleware/StartSession.php(64): Illuminate\\Session\\Middleware\\StartSession->handleStatefulRequest()
#19 /media/flavio/3437-6262/Projetos/laravel_ecommerce/vendor/laravel/framework/src/Illuminate/Pipeline/Pipeline.php(183): Illuminate\\Session\\Middleware\\StartSession->handle()
#20 /media/flavio/3437-6262/Projetos/laravel_ecommerce/vendor/laravel/framework/src/Illuminate/Cookie/Middleware/AddQueuedCookiesToResponse.php(37): Illuminate\\Pipeline\\Pipeline->Illuminate\\Pipeline\\{closure}()
#21 /media/flavio/3437-6262/Projetos/laravel_ecommerce/vendor/laravel/framework/src/Illuminate/Pipeline/Pipeline.php(183): Illuminate\\Cookie\\Middleware\\AddQueuedCookiesToResponse->handle()
#22 /media/flavio/3437-6262/Projetos/laravel_ecommerce/vendor/laravel/framework/src/Illuminate/Cookie/Middleware/EncryptCookies.php(75): Illuminate\\Pipeline\\Pipeline->Illuminate\\Pipeline\\{closure}()
#23 /media/flavio/3437-6262/Projetos/laravel_ecommerce/vendor/laravel/framework/src/Illuminate/Pipeline/Pipeline.php(183): Illuminate\\Cookie\\Middleware\\EncryptCookies->handle()
#24 /media/flavio/3437-6262/Projetos/laravel_ecommerce/vendor/laravel/framework/src/Illuminate/Pipeline/Pipeline.php(119): Illuminate\\Pipeline\\Pipeline->Illuminate\\Pipeline\\{closure}()
#25 /media/flavio/3437-6262/Projetos/laravel_ecommerce/vendor/laravel/framework/src/Illuminate/Routing/Router.php(807): Illuminate\\Pipeline\\Pipeline->then()
#26 /media/flavio/3437-6262/Projetos/laravel_ecommerce/vendor/laravel/framework/src/Illuminate/Routing/Router.php(786): Illuminate\\Routing\\Router->runRouteWithinStack()
#27 /media/flavio/3437-6262/Projetos/laravel_ecommerce/vendor/laravel/framework/src/Illuminate/Routing/Router.php(750): Illuminate\\Routing\\Router->runRoute()
#28 /media/flavio/3437-6262/Projetos/laravel_ecommerce/vendor/laravel/framework/src/Illuminate/Routing/Router.php(739): Illuminate\\Routing\\Router->dispatchToRoute()
#29 /media/flavio/3437-6262/Projetos/laravel_ecommerce/vendor/laravel/framework/src/Illuminate/Foundation/Http/Kernel.php(201): Illuminate\\Routing\\Router->dispatch()
#30 /media/flavio/3437-6262/Projetos/laravel_ecommerce/vendor/laravel/framework/src/Illuminate/Pipeline/Pipeline.php(144): Illuminate\\Foundation\\Http\\Kernel->Illuminate\\Foundation\\Http\\{closure}()
#31 /media/flavio/3437-6262/Projetos/laravel_ecommerce/vendor/laravel/framework/src/Illuminate/Foundation/Http/Middleware/TransformsRequest.php(21): Illuminate\\Pipeline\\Pipeline->Illuminate\\Pipeline\\{closure}()
#32 /media/flavio/3437-6262/Projetos/laravel_ecommerce/vendor/laravel/framework/src/Illuminate/Foundation/Http/Middleware/ConvertEmptyStringsToNull.php(31): Illuminate\\Foundation\\Http\\Middleware\\TransformsRequest->handle()
#33 /media/flavio/3437-6262/Projetos/laravel_ecommerce/vendor/laravel/framework/src/Illuminate/Pipeline/Pipeline.php(183): Illuminate\\Foundation\\Http\\Middleware\\ConvertEmptyStringsToNull->handle()
#34 /media/flavio/3437-6262/Projetos/laravel_ecommerce/vendor/laravel/framework/src/Illuminate/Foundation/Http/Middleware/TransformsRequest.php(21): Illuminate\\Pipeline\\Pipeline->Illuminate\\Pipeline\\{closure}()
#35 /media/flavio/3437-6262/Projetos/laravel_ecommerce/vendor/laravel/framework/src/Illuminate/Foundation/Http/Middleware/TrimStrings.php(51): Illuminate\\Foundation\\Http\\Middleware\\TransformsRequest->handle()
#36 /media/flavio/3437-6262/Projetos/laravel_ecommerce/vendor/laravel/framework/src/Illuminate/Pipeline/Pipeline.php(183): Illuminate\\Foundation\\Http\\Middleware\\TrimStrings->handle()
#37 /media/flavio/3437-6262/Projetos/laravel_ecommerce/vendor/laravel/framework/src/Illuminate/Http/Middleware/ValidatePostSize.php(27): Illuminate\\Pipeline\\Pipeline->Illuminate\\Pipeline\\{closure}()
#38 /media/flavio/3437-6262/Projetos/laravel_ecommerce/vendor/laravel/framework/src/Illuminate/Pipeline/Pipeline.php(183): Illuminate\\Http\\Middleware\\ValidatePostSize->handle()
#39 /media/flavio/3437-6262/Projetos/laravel_ecommerce/vendor/laravel/framework/src/Illuminate/Foundation/Http/Middleware/PreventRequestsDuringMaintenance.php(110): Illuminate\\Pipeline\\Pipeline->Illuminate\\Pipeline\\{closure}()
#40 /media/flavio/3437-6262/Projetos/laravel_ecommerce/vendor/laravel/framework/src/Illuminate/Pipeline/Pipeline.php(183): Illuminate\\Foundation\\Http\\Middleware\\PreventRequestsDuringMaintenance->handle()
#41 /media/flavio/3437-6262/Projetos/laravel_ecommerce/vendor/laravel/framework/src/Illuminate/Http/Middleware/HandleCors.php(49): Illuminate\\Pipeline\\Pipeline->Illuminate\\Pipeline\\{closure}()
#42 /media/flavio/3437-6262/Projetos/laravel_ecommerce/vendor/laravel/framework/src/Illuminate/Pipeline/Pipeline.php(183): Illuminate\\Http\\Middleware\\HandleCors->handle()
#43 /media/flavio/3437-6262/Projetos/laravel_ecommerce/vendor/laravel/framework/src/Illuminate/Http/Middleware/TrustProxies.php(58): Illuminate\\Pipeline\\Pipeline->Illuminate\\Pipeline\\{closure}()
#44 /media/flavio/3437-6262/Projetos/laravel_ecommerce/vendor/laravel/framework/src/Illuminate/Pipeline/Pipeline.php(183): Illuminate\\Http\\Middleware\\TrustProxies->handle()
#45 /media/flavio/3437-6262/Projetos/laravel_ecommerce/vendor/laravel/framework/src/Illuminate/Foundation/Http/Middleware/InvokeDeferredCallbacks.php(22): Illuminate\\Pipeline\\Pipeline->Illuminate\\Pipeline\\{closure}()
#46 /media/flavio/3437-6262/Projetos/laravel_ecommerce/vendor/laravel/framework/src/Illuminate/Pipeline/Pipeline.php(183): Illuminate\\Foundation\\Http\\Middleware\\InvokeDeferredCallbacks->handle()
#47 /media/flavio/3437-6262/Projetos/laravel_ecommerce/vendor/laravel/framework/src/Illuminate/Pipeline/Pipeline.php(119): Illuminate\\Pipeline\\Pipeline->Illuminate\\Pipeline\\{closure}()
#48 /media/flavio/3437-6262/Projetos/laravel_ecommerce/vendor/laravel/framework/src/Illuminate/Foundation/Http/Kernel.php(176): Illuminate\\Pipeline\\Pipeline->then()
#49 /media/flavio/3437-6262/Projetos/laravel_ecommerce/vendor/laravel/framework/src/Illuminate/Foundation/Http/Kernel.php(145): Illuminate\\Foundation\\Http\\Kernel->sendRequestThroughRouter()
#50 /media/flavio/3437-6262/Projetos/laravel_ecommerce/vendor/laravel/framework/src/Illuminate/Foundation/Application.php(1190): Illuminate\\Foundation\\Http\\Kernel->handle()
#51 /media/flavio/3437-6262/Projetos/laravel_ecommerce/public/index.php(17): Illuminate\\Foundation\\Application->handleRequest()
#52 /media/flavio/3437-6262/Projetos/laravel_ecommerce/vendor/laravel/framework/src/Illuminate/Foundation/resources/server.php(23): require_once('...')
#53 {main}

[previous exception] [object] (ErrorException(code: 0): Attempt to read property \"id\" on null at /media/flavio/3437-6262/Projetos/laravel_ecommerce/storage/framework/views/17fa88171f7cb696e8cba607d58abefb.php:4)
[stacktrace]
#0 /media/flavio/3437-6262/Projetos/laravel_ecommerce/vendor/laravel/framework/src/Illuminate/Foundation/Bootstrap/HandleExceptions.php(290): Illuminate\\Foundation\\Bootstrap\\HandleExceptions->handleError()
#1 /media/flavio/3437-6262/Projetos/laravel_ecommerce/storage/framework/views/17fa88171f7cb696e8cba607d58abefb.php(4): Illuminate\\Foundation\\Bootstrap\\HandleExceptions->Illuminate\\Foundation\\Bootstrap\\{closure}()
#2 /media/flavio/3437-6262/Projetos/laravel_ecommerce/vendor/laravel/framework/src/Illuminate/Filesystem/Filesystem.php(123): require('...')
#3 /media/flavio/3437-6262/Projetos/laravel_ecommerce/vendor/laravel/framework/src/Illuminate/Filesystem/Filesystem.php(124): Illuminate\\Filesystem\\Filesystem::Illuminate\\Filesystem\\{closure}()
#4 /media/flavio/3437-6262/Projetos/laravel_ecommerce/vendor/laravel/framework/src/Illuminate/View/Engines/PhpEngine.php(58): Illuminate\\Filesystem\\Filesystem->getRequire()
#5 /media/flavio/3437-6262/Projetos/laravel_ecommerce/vendor/laravel/framework/src/Illuminate/View/Engines/CompilerEngine.php(75): Illuminate\\View\\Engines\\PhpEngine->evaluatePath()
#6 /media/flavio/3437-6262/Projetos/laravel_ecommerce/vendor/laravel/framework/src/Illuminate/View/View.php(209): Illuminate\\View\\Engines\\CompilerEngine->get()
#7 /media/flavio/3437-6262/Projetos/laravel_ecommerce/vendor/laravel/framework/src/Illuminate/View/View.php(192): Illuminate\\View\\View->getContents()
#8 /media/flavio/3437-6262/Projetos/laravel_ecommerce/vendor/laravel/framework/src/Illuminate/View/View.php(161): Illuminate\\View\\View->renderContents()
#9 /media/flavio/3437-6262/Projetos/laravel_ecommerce/vendor/laravel/framework/src/Illuminate/Http/Response.php(70): Illuminate\\View\\View->render()
#10 /media/flavio/3437-6262/Projetos/laravel_ecommerce/vendor/laravel/framework/src/Illuminate/Http/Response.php(35): Illuminate\\Http\\Response->setContent()
#11 /media/flavio/3437-6262/Projetos/laravel_ecommerce/vendor/laravel/framework/src/Illuminate/Routing/Router.php(920): Illuminate\\Http\\Response->__construct()
#12 /media/flavio/3437-6262/Projetos/laravel_ecommerce/vendor/laravel/framework/src/Illuminate/Routing/Router.php(887): Illuminate\\Routing\\Router::toResponse()
#13 /media/flavio/3437-6262/Projetos/laravel_ecommerce/vendor/laravel/framework/src/Illuminate/Routing/Router.php(807): Illuminate\\Routing\\Router->prepareResponse()
#14 /media/flavio/3437-6262/Projetos/laravel_ecommerce/vendor/laravel/framework/src/Illuminate/Pipeline/Pipeline.php(144): Illuminate\\Routing\\Router->Illuminate\\Routing\\{closure}()
#15 /media/flavio/3437-6262/Projetos/laravel_ecommerce/vendor/laravel/framework/src/Illuminate/Routing/Middleware/SubstituteBindings.php(51): Illuminate\\Pipeline\\Pipeline->Illuminate\\Pipeline\\{closure}()
#16 /media/flavio/3437-6262/Projetos/laravel_ecommerce/vendor/laravel/framework/src/Illuminate/Pipeline/Pipeline.php(183): Illuminate\\Routing\\Middleware\\SubstituteBindings->handle()
#17 /media/flavio/3437-6262/Projetos/laravel_ecommerce/vendor/laravel/framework/src/Illuminate/Foundation/Http/Middleware/VerifyCsrfToken.php(88): Illuminate\\Pipeline\\Pipeline->Illuminate\\Pipeline\\{closure}()
#18 /media/flavio/3437-6262/Projetos/laravel_ecommerce/vendor/laravel/framework/src/Illuminate/Pipeline/Pipeline.php(183): Illuminate\\Foundation\\Http\\Middleware\\VerifyCsrfToken->handle()
#19 /media/flavio/3437-6262/Projetos/laravel_ecommerce/vendor/laravel/framework/src/Illuminate/View/Middleware/ShareErrorsFromSession.php(49): Illuminate\\Pipeline\\Pipeline->Illuminate\\Pipeline\\{closure}()
#20 /media/flavio/3437-6262/Projetos/laravel_ecommerce/vendor/laravel/framework/src/Illuminate/Pipeline/Pipeline.php(183): Illuminate\\View\\Middleware\\ShareErrorsFromSession->handle()
#21 /media/flavio/3437-6262/Projetos/laravel_ecommerce/vendor/laravel/framework/src/Illuminate/Session/Middleware/StartSession.php(121): Illuminate\\Pipeline\\Pipeline->Illuminate\\Pipeline\\{closure}()
#22 /media/flavio/3437-6262/Projetos/laravel_ecommerce/vendor/laravel/framework/src/Illuminate/Session/Middleware/StartSession.php(64): Illuminate\\Session\\Middleware\\StartSession->handleStatefulRequest()
#23 /media/flavio/3437-6262/Projetos/laravel_ecommerce/vendor/laravel/framework/src/Illuminate/Pipeline/Pipeline.php(183): Illuminate\\Session\\Middleware\\StartSession->handle()
#24 /media/flavio/3437-6262/Projetos/laravel_ecommerce/vendor/laravel/framework/src/Illuminate/Cookie/Middleware/AddQueuedCookiesToResponse.php(37): Illuminate\\Pipeline\\Pipeline->Illuminate\\Pipeline\\{closure}()
#25 /media/flavio/3437-6262/Projetos/laravel_ecommerce/vendor/laravel/framework/src/Illuminate/Pipeline/Pipeline.php(183): Illuminate\\Cookie\\Middleware\\AddQueuedCookiesToResponse->handle()
#26 /media/flavio/3437-6262/Projetos/laravel_ecommerce/vendor/laravel/framework/src/Illuminate/Cookie/Middleware/EncryptCookies.php(75): Illuminate\\Pipeline\\Pipeline->Illuminate\\Pipeline\\{closure}()
#27 /media/flavio/3437-6262/Projetos/laravel_ecommerce/vendor/laravel/framework/src/Illuminate/Pipeline/Pipeline.php(183): Illuminate\\Cookie\\Middleware\\EncryptCookies->handle()
#28 /media/flavio/3437-6262/Projetos/laravel_ecommerce/vendor/laravel/framework/src/Illuminate/Pipeline/Pipeline.php(119): Illuminate\\Pipeline\\Pipeline->Illuminate\\Pipeline\\{closure}()
#29 /media/flavio/3437-6262/Projetos/laravel_ecommerce/vendor/laravel/framework/src/Illuminate/Routing/Router.php(807): Illuminate\\Pipeline\\Pipeline->then()
#30 /media/flavio/3437-6262/Projetos/laravel_ecommerce/vendor/laravel/framework/src/Illuminate/Routing/Router.php(786): Illuminate\\Routing\\Router->runRouteWithinStack()
#31 /media/flavio/3437-6262/Projetos/laravel_ecommerce/vendor/laravel/framework/src/Illuminate/Routing/Router.php(750): Illuminate\\Routing\\Router->runRoute()
#32 /media/flavio/3437-6262/Projetos/laravel_ecommerce/vendor/laravel/framework/src/Illuminate/Routing/Router.php(739): Illuminate\\Routing\\Router->dispatchToRoute()
#33 /media/flavio/3437-6262/Projetos/laravel_ecommerce/vendor/laravel/framework/src/Illuminate/Foundation/Http/Kernel.php(201): Illuminate\\Routing\\Router->dispatch()
#34 /media/flavio/3437-6262/Projetos/laravel_ecommerce/vendor/laravel/framework/src/Illuminate/Pipeline/Pipeline.php(144): Illuminate\\Foundation\\Http\\Kernel->Illuminate\\Foundation\\Http\\{closure}()
#35 /media/flavio/3437-6262/Projetos/laravel_ecommerce/vendor/laravel/framework/src/Illuminate/Foundation/Http/Middleware/TransformsRequest.php(21): Illuminate\\Pipeline\\Pipeline->Illuminate\\Pipeline\\{closure}()
#36 /media/flavio/3437-6262/Projetos/laravel_ecommerce/vendor/laravel/framework/src/Illuminate/Foundation/Http/Middleware/ConvertEmptyStringsToNull.php(31): Illuminate\\Foundation\\Http\\Middleware\\TransformsRequest->handle()
#37 /media/flavio/3437-6262/Projetos/laravel_ecommerce/vendor/laravel/framework/src/Illuminate/Pipeline/Pipeline.php(183): Illuminate\\Foundation\\Http\\Middleware\\ConvertEmptyStringsToNull->handle()
#38 /media/flavio/3437-6262/Projetos/laravel_ecommerce/vendor/laravel/framework/src/Illuminate/Foundation/Http/Middleware/TransformsRequest.php(21): Illuminate\\Pipeline\\Pipeline->Illuminate\\Pipeline\\{closure}()
#39 /media/flavio/3437-6262/Projetos/laravel_ecommerce/vendor/laravel/framework/src/Illuminate/Foundation/Http/Middleware/TrimStrings.php(51): Illuminate\\Foundation\\Http\\Middleware\\TransformsRequest->handle()
#40 /media/flavio/3437-6262/Projetos/laravel_ecommerce/vendor/laravel/framework/src/Illuminate/Pipeline/Pipeline.php(183): Illuminate\\Foundation\\Http\\Middleware\\TrimStrings->handle()
#41 /media/flavio/3437-6262/Projetos/laravel_ecommerce/vendor/laravel/framework/src/Illuminate/Http/Middleware/ValidatePostSize.php(27): Illuminate\\Pipeline\\Pipeline->Illuminate\\Pipeline\\{closure}()
#42 /media/flavio/3437-6262/Projetos/laravel_ecommerce/vendor/laravel/framework/src/Illuminate/Pipeline/Pipeline.php(183): Illuminate\\Http\\Middleware\\ValidatePostSize->handle()
#43 /media/flavio/3437-6262/Projetos/laravel_ecommerce/vendor/laravel/framework/src/Illuminate/Foundation/Http/Middleware/PreventRequestsDuringMaintenance.php(110): Illuminate\\Pipeline\\Pipeline->Illuminate\\Pipeline\\{closure}()
#44 /media/flavio/3437-6262/Projetos/laravel_ecommerce/vendor/laravel/framework/src/Illuminate/Pipeline/Pipeline.php(183): Illuminate\\Foundation\\Http\\Middleware\\PreventRequestsDuringMaintenance->handle()
#45 /media/flavio/3437-6262/Projetos/laravel_ecommerce/vendor/laravel/framework/src/Illuminate/Http/Middleware/HandleCors.php(49): Illuminate\\Pipeline\\Pipeline->Illuminate\\Pipeline\\{closure}()
#46 /media/flavio/3437-6262/Projetos/laravel_ecommerce/vendor/laravel/framework/src/Illuminate/Pipeline/Pipeline.php(183): Illuminate\\Http\\Middleware\\HandleCors->handle()
#47 /media/flavio/3437-6262/Projetos/laravel_ecommerce/vendor/laravel/framework/src/Illuminate/Http/Middleware/TrustProxies.php(58): Illuminate\\Pipeline\\Pipeline->Illuminate\\Pipeline\\{closure}()
#48 /media/flavio/3437-6262/Projetos/laravel_ecommerce/vendor/laravel/framework/src/Illuminate/Pipeline/Pipeline.php(183): Illuminate\\Http\\Middleware\\TrustProxies->handle()
#49 /media/flavio/3437-6262/Projetos/laravel_ecommerce/vendor/laravel/framework/src/Illuminate/Foundation/Http/Middleware/InvokeDeferredCallbacks.php(22): Illuminate\\Pipeline\\Pipeline->Illuminate\\Pipeline\\{closure}()
#50 /media/flavio/3437-6262/Projetos/laravel_ecommerce/vendor/laravel/framework/src/Illuminate/Pipeline/Pipeline.php(183): Illuminate\\Foundation\\Http\\Middleware\\InvokeDeferredCallbacks->handle()
#51 /media/flavio/3437-6262/Projetos/laravel_ecommerce/vendor/laravel/framework/src/Illuminate/Pipeline/Pipeline.php(119): Illuminate\\Pipeline\\Pipeline->Illuminate\\Pipeline\\{closure}()
#52 /media/flavio/3437-6262/Projetos/laravel_ecommerce/vendor/laravel/framework/src/Illuminate/Foundation/Http/Kernel.php(176): Illuminate\\Pipeline\\Pipeline->then()
#53 /media/flavio/3437-6262/Projetos/laravel_ecommerce/vendor/laravel/framework/src/Illuminate/Foundation/Http/Kernel.php(145): Illuminate\\Foundation\\Http\\Kernel->sendRequestThroughRouter()
#54 /media/flavio/3437-6262/Projetos/laravel_ecommerce/vendor/laravel/framework/src/Illuminate/Foundation/Application.php(1190): Illuminate\\Foundation\\Http\\Kernel->handle()
#55 /media/flavio/3437-6262/Projetos/laravel_ecommerce/public/index.php(17): Illuminate\\Foundation\\Application->handleRequest()
#56 /media/flavio/3437-6262/Projetos/laravel_ecommerce/vendor/laravel/framework/src/Illuminate/Foundation/resources/server.php(23): require_once('...')
#57 {main}
"} 
[2025-02-13 00:56:04] local.ERROR: Attempt to read property "id" on null (View: /media/flavio/3437-6262/Projetos/laravel_ecommerce/resources/views/admin/stores/edit.blade.php) {"exception":"[object] (Illuminate\\View\\ViewException(code: 0): Attempt to read property \"id\" on null (View: /media/flavio/3437-6262/Projetos/laravel_ecommerce/resources/views/admin/stores/edit.blade.php) at /media/flavio/3437-6262/Projetos/laravel_ecommerce/storage/framework/views/17fa88171f7cb696e8cba607d58abefb.php:4)
[stacktrace]
#0 /media/flavio/3437-6262/Projetos/laravel_ecommerce/vendor/laravel/framework/src/Illuminate/View/Engines/PhpEngine.php(60): Illuminate\\View\\Engines\\CompilerEngine->handleViewException()
#1 /media/flavio/3437-6262/Projetos/laravel_ecommerce/vendor/laravel/framework/src/Illuminate/View/Engines/CompilerEngine.php(75): Illuminate\\View\\Engines\\PhpEngine->evaluatePath()
#2 /media/flavio/3437-6262/Projetos/laravel_ecommerce/vendor/laravel/framework/src/Illuminate/View/View.php(209): Illuminate\\View\\Engines\\CompilerEngine->get()
#3 /media/flavio/3437-6262/Projetos/laravel_ecommerce/vendor/laravel/framework/src/Illuminate/View/View.php(192): Illuminate\\View\\View->getContents()
#4 /media/flavio/3437-6262/Projetos/laravel_ecommerce/vendor/laravel/framework/src/Illuminate/View/View.php(161): Illuminate\\View\\View->renderContents()
#5 /media/flavio/3437-6262/Projetos/laravel_ecommerce/vendor/laravel/framework/src/Illuminate/Http/Response.php(70): Illuminate\\View\\View->render()
#6 /media/flavio/3437-6262/Projetos/laravel_ecommerce/vendor/laravel/framework/src/Illuminate/Http/Response.php(35): Illuminate\\Http\\Response->setContent()
#7 /media/flavio/3437-6262/Projetos/laravel_ecommerce/vendor/laravel/framework/src/Illuminate/Routing/Router.php(920): Illuminate\\Http\\Response->__construct()
#8 /media/flavio/3437-6262/Projetos/laravel_ecommerce/vendor/laravel/framework/src/Illuminate/Routing/Router.php(887): Illuminate\\Routing\\Router::toResponse()
#9 /media/flavio/3437-6262/Projetos/laravel_ecommerce/vendor/laravel/framework/src/Illuminate/Routing/Router.php(807): Illuminate\\Routing\\Router->prepareResponse()
#10 /media/flavio/3437-6262/Projetos/laravel_ecommerce/vendor/laravel/framework/src/Illuminate/Pipeline/Pipeline.php(144): Illuminate\\Routing\\Router->Illuminate\\Routing\\{closure}()
#11 /media/flavio/3437-6262/Projetos/laravel_ecommerce/vendor/laravel/framework/src/Illuminate/Routing/Middleware/SubstituteBindings.php(51): Illuminate\\Pipeline\\Pipeline->Illuminate\\Pipeline\\{closure}()
#12 /media/flavio/3437-6262/Projetos/laravel_ecommerce/vendor/laravel/framework/src/Illuminate/Pipeline/Pipeline.php(183): Illuminate\\Routing\\Middleware\\SubstituteBindings->handle()
#13 /media/flavio/3437-6262/Projetos/laravel_ecommerce/vendor/laravel/framework/src/Illuminate/Foundation/Http/Middleware/VerifyCsrfToken.php(88): Illuminate\\Pipeline\\Pipeline->Illuminate\\Pipeline\\{closure}()
#14 /media/flavio/3437-6262/Projetos/laravel_ecommerce/vendor/laravel/framework/src/Illuminate/Pipeline/Pipeline.php(183): Illuminate\\Foundation\\Http\\Middleware\\VerifyCsrfToken->handle()
#15 /media/flavio/3437-6262/Projetos/laravel_ecommerce/vendor/laravel/framework/src/Illuminate/View/Middleware/ShareErrorsFromSession.php(49): Illuminate\\Pipeline\\Pipeline->Illuminate\\Pipeline\\{closure}()
#16 /media/flavio/3437-6262/Projetos/laravel_ecommerce/vendor/laravel/framework/src/Illuminate/Pipeline/Pipeline.php(183): Illuminate\\View\\Middleware\\ShareErrorsFromSession->handle()
#17 /media/flavio/3437-6262/Projetos/laravel_ecommerce/vendor/laravel/framework/src/Illuminate/Session/Middleware/StartSession.php(121): Illuminate\\Pipeline\\Pipeline->Illuminate\\Pipeline\\{closure}()
#18 /media/flavio/3437-6262/Projetos/laravel_ecommerce/vendor/laravel/framework/src/Illuminate/Session/Middleware/StartSession.php(64): Illuminate\\Session\\Middleware\\StartSession->handleStatefulRequest()
#19 /media/flavio/3437-6262/Projetos/laravel_ecommerce/vendor/laravel/framework/src/Illuminate/Pipeline/Pipeline.php(183): Illuminate\\Session\\Middleware\\StartSession->handle()
#20 /media/flavio/3437-6262/Projetos/laravel_ecommerce/vendor/laravel/framework/src/Illuminate/Cookie/Middleware/AddQueuedCookiesToResponse.php(37): Illuminate\\Pipeline\\Pipeline->Illuminate\\Pipeline\\{closure}()
#21 /media/flavio/3437-6262/Projetos/laravel_ecommerce/vendor/laravel/framework/src/Illuminate/Pipeline/Pipeline.php(183): Illuminate\\Cookie\\Middleware\\AddQueuedCookiesToResponse->handle()
#22 /media/flavio/3437-6262/Projetos/laravel_ecommerce/vendor/laravel/framework/src/Illuminate/Cookie/Middleware/EncryptCookies.php(75): Illuminate\\Pipeline\\Pipeline->Illuminate\\Pipeline\\{closure}()
#23 /media/flavio/3437-6262/Projetos/laravel_ecommerce/vendor/laravel/framework/src/Illuminate/Pipeline/Pipeline.php(183): Illuminate\\Cookie\\Middleware\\EncryptCookies->handle()
#24 /media/flavio/3437-6262/Projetos/laravel_ecommerce/vendor/laravel/framework/src/Illuminate/Pipeline/Pipeline.php(119): Illuminate\\Pipeline\\Pipeline->Illuminate\\Pipeline\\{closure}()
#25 /media/flavio/3437-6262/Projetos/laravel_ecommerce/vendor/laravel/framework/src/Illuminate/Routing/Router.php(807): Illuminate\\Pipeline\\Pipeline->then()
#26 /media/flavio/3437-6262/Projetos/laravel_ecommerce/vendor/laravel/framework/src/Illuminate/Routing/Router.php(786): Illuminate\\Routing\\Router->runRouteWithinStack()
#27 /media/flavio/3437-6262/Projetos/laravel_ecommerce/vendor/laravel/framework/src/Illuminate/Routing/Router.php(750): Illuminate\\Routing\\Router->runRoute()
#28 /media/flavio/3437-6262/Projetos/laravel_ecommerce/vendor/laravel/framework/src/Illuminate/Routing/Router.php(739): Illuminate\\Routing\\Router->dispatchToRoute()
#29 /media/flavio/3437-6262/Projetos/laravel_ecommerce/vendor/laravel/framework/src/Illuminate/Foundation/Http/Kernel.php(201): Illuminate\\Routing\\Router->dispatch()
#30 /media/flavio/3437-6262/Projetos/laravel_ecommerce/vendor/laravel/framework/src/Illuminate/Pipeline/Pipeline.php(144): Illuminate\\Foundation\\Http\\Kernel->Illuminate\\Foundation\\Http\\{closure}()
#31 /media/flavio/3437-6262/Projetos/laravel_ecommerce/vendor/laravel/framework/src/Illuminate/Foundation/Http/Middleware/TransformsRequest.php(21): Illuminate\\Pipeline\\Pipeline->Illuminate\\Pipeline\\{closure}()
#32 /media/flavio/3437-6262/Projetos/laravel_ecommerce/vendor/laravel/framework/src/Illuminate/Foundation/Http/Middleware/ConvertEmptyStringsToNull.php(31): Illuminate\\Foundation\\Http\\Middleware\\TransformsRequest->handle()
#33 /media/flavio/3437-6262/Projetos/laravel_ecommerce/vendor/laravel/framework/src/Illuminate/Pipeline/Pipeline.php(183): Illuminate\\Foundation\\Http\\Middleware\\ConvertEmptyStringsToNull->handle()
#34 /media/flavio/3437-6262/Projetos/laravel_ecommerce/vendor/laravel/framework/src/Illuminate/Foundation/Http/Middleware/TransformsRequest.php(21): Illuminate\\Pipeline\\Pipeline->Illuminate\\Pipeline\\{closure}()
#35 /media/flavio/3437-6262/Projetos/laravel_ecommerce/vendor/laravel/framework/src/Illuminate/Foundation/Http/Middleware/TrimStrings.php(51): Illuminate\\Foundation\\Http\\Middleware\\TransformsRequest->handle()
#36 /media/flavio/3437-6262/Projetos/laravel_ecommerce/vendor/laravel/framework/src/Illuminate/Pipeline/Pipeline.php(183): Illuminate\\Foundation\\Http\\Middleware\\TrimStrings->handle()
#37 /media/flavio/3437-6262/Projetos/laravel_ecommerce/vendor/laravel/framework/src/Illuminate/Http/Middleware/ValidatePostSize.php(27): Illuminate\\Pipeline\\Pipeline->Illuminate\\Pipeline\\{closure}()
#38 /media/flavio/3437-6262/Projetos/laravel_ecommerce/vendor/laravel/framework/src/Illuminate/Pipeline/Pipeline.php(183): Illuminate\\Http\\Middleware\\ValidatePostSize->handle()
#39 /media/flavio/3437-6262/Projetos/laravel_ecommerce/vendor/laravel/framework/src/Illuminate/Foundation/Http/Middleware/PreventRequestsDuringMaintenance.php(110): Illuminate\\Pipeline\\Pipeline->Illuminate\\Pipeline\\{closure}()
#40 /media/flavio/3437-6262/Projetos/laravel_ecommerce/vendor/laravel/framework/src/Illuminate/Pipeline/Pipeline.php(183): Illuminate\\Foundation\\Http\\Middleware\\PreventRequestsDuringMaintenance->handle()
#41 /media/flavio/3437-6262/Projetos/laravel_ecommerce/vendor/laravel/framework/src/Illuminate/Http/Middleware/HandleCors.php(49): Illuminate\\Pipeline\\Pipeline->Illuminate\\Pipeline\\{closure}()
#42 /media/flavio/3437-6262/Projetos/laravel_ecommerce/vendor/laravel/framework/src/Illuminate/Pipeline/Pipeline.php(183): Illuminate\\Http\\Middleware\\HandleCors->handle()
#43 /media/flavio/3437-6262/Projetos/laravel_ecommerce/vendor/laravel/framework/src/Illuminate/Http/Middleware/TrustProxies.php(58): Illuminate\\Pipeline\\Pipeline->Illuminate\\Pipeline\\{closure}()
#44 /media/flavio/3437-6262/Projetos/laravel_ecommerce/vendor/laravel/framework/src/Illuminate/Pipeline/Pipeline.php(183): Illuminate\\Http\\Middleware\\TrustProxies->handle()
#45 /media/flavio/3437-6262/Projetos/laravel_ecommerce/vendor/laravel/framework/src/Illuminate/Foundation/Http/Middleware/InvokeDeferredCallbacks.php(22): Illuminate\\Pipeline\\Pipeline->Illuminate\\Pipeline\\{closure}()
#46 /media/flavio/3437-6262/Projetos/laravel_ecommerce/vendor/laravel/framework/src/Illuminate/Pipeline/Pipeline.php(183): Illuminate\\Foundation\\Http\\Middleware\\InvokeDeferredCallbacks->handle()
#47 /media/flavio/3437-6262/Projetos/laravel_ecommerce/vendor/laravel/framework/src/Illuminate/Pipeline/Pipeline.php(119): Illuminate\\Pipeline\\Pipeline->Illuminate\\Pipeline\\{closure}()
#48 /media/flavio/3437-6262/Projetos/laravel_ecommerce/vendor/laravel/framework/src/Illuminate/Foundation/Http/Kernel.php(176): Illuminate\\Pipeline\\Pipeline->then()
#49 /media/flavio/3437-6262/Projetos/laravel_ecommerce/vendor/laravel/framework/src/Illuminate/Foundation/Http/Kernel.php(145): Illuminate\\Foundation\\Http\\Kernel->sendRequestThroughRouter()
#50 /media/flavio/3437-6262/Projetos/laravel_ecommerce/vendor/laravel/framework/src/Illuminate/Foundation/Application.php(1190): Illuminate\\Foundation\\Http\\Kernel->handle()
#51 /media/flavio/3437-6262/Projetos/laravel_ecommerce/public/index.php(17): Illuminate\\Foundation\\Application->handleRequest()
#52 /media/flavio/3437-6262/Projetos/laravel_ecommerce/vendor/laravel/framework/src/Illuminate/Foundation/resources/server.php(23): require_once('...')
#53 {main}

[previous exception] [object] (ErrorException(code: 0): Attempt to read property \"id\" on null at /media/flavio/3437-6262/Projetos/laravel_ecommerce/storage/framework/views/17fa88171f7cb696e8cba607d58abefb.php:4)
[stacktrace]
#0 /media/flavio/3437-6262/Projetos/laravel_ecommerce/vendor/laravel/framework/src/Illuminate/Foundation/Bootstrap/HandleExceptions.php(290): Illuminate\\Foundation\\Bootstrap\\HandleExceptions->handleError()
#1 /media/flavio/3437-6262/Projetos/laravel_ecommerce/storage/framework/views/17fa88171f7cb696e8cba607d58abefb.php(4): Illuminate\\Foundation\\Bootstrap\\HandleExceptions->Illuminate\\Foundation\\Bootstrap\\{closure}()
#2 /media/flavio/3437-6262/Projetos/laravel_ecommerce/vendor/laravel/framework/src/Illuminate/Filesystem/Filesystem.php(123): require('...')
#3 /media/flavio/3437-6262/Projetos/laravel_ecommerce/vendor/laravel/framework/src/Illuminate/Filesystem/Filesystem.php(124): Illuminate\\Filesystem\\Filesystem::Illuminate\\Filesystem\\{closure}()
#4 /media/flavio/3437-6262/Projetos/laravel_ecommerce/vendor/laravel/framework/src/Illuminate/View/Engines/PhpEngine.php(58): Illuminate\\Filesystem\\Filesystem->getRequire()
#5 /media/flavio/3437-6262/Projetos/laravel_ecommerce/vendor/laravel/framework/src/Illuminate/View/Engines/CompilerEngine.php(75): Illuminate\\View\\Engines\\PhpEngine->evaluatePath()
#6 /media/flavio/3437-6262/Projetos/laravel_ecommerce/vendor/laravel/framework/src/Illuminate/View/View.php(209): Illuminate\\View\\Engines\\CompilerEngine->get()
#7 /media/flavio/3437-6262/Projetos/laravel_ecommerce/vendor/laravel/framework/src/Illuminate/View/View.php(192): Illuminate\\View\\View->getContents()
#8 /media/flavio/3437-6262/Projetos/laravel_ecommerce/vendor/laravel/framework/src/Illuminate/View/View.php(161): Illuminate\\View\\View->renderContents()
#9 /media/flavio/3437-6262/Projetos/laravel_ecommerce/vendor/laravel/framework/src/Illuminate/Http/Response.php(70): Illuminate\\View\\View->render()
#10 /media/flavio/3437-6262/Projetos/laravel_ecommerce/vendor/laravel/framework/src/Illuminate/Http/Response.php(35): Illuminate\\Http\\Response->setContent()
#11 /media/flavio/3437-6262/Projetos/laravel_ecommerce/vendor/laravel/framework/src/Illuminate/Routing/Router.php(920): Illuminate\\Http\\Response->__construct()
#12 /media/flavio/3437-6262/Projetos/laravel_ecommerce/vendor/laravel/framework/src/Illuminate/Routing/Router.php(887): Illuminate\\Routing\\Router::toResponse()
#13 /media/flavio/3437-6262/Projetos/laravel_ecommerce/vendor/laravel/framework/src/Illuminate/Routing/Router.php(807): Illuminate\\Routing\\Router->prepareResponse()
#14 /media/flavio/3437-6262/Projetos/laravel_ecommerce/vendor/laravel/framework/src/Illuminate/Pipeline/Pipeline.php(144): Illuminate\\Routing\\Router->Illuminate\\Routing\\{closure}()
#15 /media/flavio/3437-6262/Projetos/laravel_ecommerce/vendor/laravel/framework/src/Illuminate/Routing/Middleware/SubstituteBindings.php(51): Illuminate\\Pipeline\\Pipeline->Illuminate\\Pipeline\\{closure}()
#16 /media/flavio/3437-6262/Projetos/laravel_ecommerce/vendor/laravel/framework/src/Illuminate/Pipeline/Pipeline.php(183): Illuminate\\Routing\\Middleware\\SubstituteBindings->handle()
#17 /media/flavio/3437-6262/Projetos/laravel_ecommerce/vendor/laravel/framework/src/Illuminate/Foundation/Http/Middleware/VerifyCsrfToken.php(88): Illuminate\\Pipeline\\Pipeline->Illuminate\\Pipeline\\{closure}()
#18 /media/flavio/3437-6262/Projetos/laravel_ecommerce/vendor/laravel/framework/src/Illuminate/Pipeline/Pipeline.php(183): Illuminate\\Foundation\\Http\\Middleware\\VerifyCsrfToken->handle()
#19 /media/flavio/3437-6262/Projetos/laravel_ecommerce/vendor/laravel/framework/src/Illuminate/View/Middleware/ShareErrorsFromSession.php(49): Illuminate\\Pipeline\\Pipeline->Illuminate\\Pipeline\\{closure}()
#20 /media/flavio/3437-6262/Projetos/laravel_ecommerce/vendor/laravel/framework/src/Illuminate/Pipeline/Pipeline.php(183): Illuminate\\View\\Middleware\\ShareErrorsFromSession->handle()
#21 /media/flavio/3437-6262/Projetos/laravel_ecommerce/vendor/laravel/framework/src/Illuminate/Session/Middleware/StartSession.php(121): Illuminate\\Pipeline\\Pipeline->Illuminate\\Pipeline\\{closure}()
#22 /media/flavio/3437-6262/Projetos/laravel_ecommerce/vendor/laravel/framework/src/Illuminate/Session/Middleware/StartSession.php(64): Illuminate\\Session\\Middleware\\StartSession->handleStatefulRequest()
#23 /media/flavio/3437-6262/Projetos/laravel_ecommerce/vendor/laravel/framework/src/Illuminate/Pipeline/Pipeline.php(183): Illuminate\\Session\\Middleware\\StartSession->handle()
#24 /media/flavio/3437-6262/Projetos/laravel_ecommerce/vendor/laravel/framework/src/Illuminate/Cookie/Middleware/AddQueuedCookiesToResponse.php(37): Illuminate\\Pipeline\\Pipeline->Illuminate\\Pipeline\\{closure}()
#25 /media/flavio/3437-6262/Projetos/laravel_ecommerce/vendor/laravel/framework/src/Illuminate/Pipeline/Pipeline.php(183): Illuminate\\Cookie\\Middleware\\AddQueuedCookiesToResponse->handle()
#26 /media/flavio/3437-6262/Projetos/laravel_ecommerce/vendor/laravel/framework/src/Illuminate/Cookie/Middleware/EncryptCookies.php(75): Illuminate\\Pipeline\\Pipeline->Illuminate\\Pipeline\\{closure}()
#27 /media/flavio/3437-6262/Projetos/laravel_ecommerce/vendor/laravel/framework/src/Illuminate/Pipeline/Pipeline.php(183): Illuminate\\Cookie\\Middleware\\EncryptCookies->handle()
#28 /media/flavio/3437-6262/Projetos/laravel_ecommerce/vendor/laravel/framework/src/Illuminate/Pipeline/Pipeline.php(119): Illuminate\\Pipeline\\Pipeline->Illuminate\\Pipeline\\{closure}()
#29 /media/flavio/3437-6262/Projetos/laravel_ecommerce/vendor/laravel/framework/src/Illuminate/Routing/Router.php(807): Illuminate\\Pipeline\\Pipeline->then()
#30 /media/flavio/3437-6262/Projetos/laravel_ecommerce/vendor/laravel/framework/src/Illuminate/Routing/Router.php(786): Illuminate\\Routing\\Router->runRouteWithinStack()
#31 /media/flavio/3437-6262/Projetos/laravel_ecommerce/vendor/laravel/framework/src/Illuminate/Routing/Router.php(750): Illuminate\\Routing\\Router->runRoute()
#32 /media/flavio/3437-6262/Projetos/laravel_ecommerce/vendor/laravel/framework/src/Illuminate/Routing/Router.php(739): Illuminate\\Routing\\Router->dispatchToRoute()
#33 /media/flavio/3437-6262/Projetos/laravel_ecommerce/vendor/laravel/framework/src/Illuminate/Foundation/Http/Kernel.php(201): Illuminate\\Routing\\Router->dispatch()
#34 /media/flavio/3437-6262/Projetos/laravel_ecommerce/vendor/laravel/framework/src/Illuminate/Pipeline/Pipeline.php(144): Illuminate\\Foundation\\Http\\Kernel->Illuminate\\Foundation\\Http\\{closure}()
#35 /media/flavio/3437-6262/Projetos/laravel_ecommerce/vendor/laravel/framework/src/Illuminate/Foundation/Http/Middleware/TransformsRequest.php(21): Illuminate\\Pipeline\\Pipeline->Illuminate\\Pipeline\\{closure}()
#36 /media/flavio/3437-6262/Projetos/laravel_ecommerce/vendor/laravel/framework/src/Illuminate/Foundation/Http/Middleware/ConvertEmptyStringsToNull.php(31): Illuminate\\Foundation\\Http\\Middleware\\TransformsRequest->handle()
#37 /media/flavio/3437-6262/Projetos/laravel_ecommerce/vendor/laravel/framework/src/Illuminate/Pipeline/Pipeline.php(183): Illuminate\\Foundation\\Http\\Middleware\\ConvertEmptyStringsToNull->handle()
#38 /media/flavio/3437-6262/Projetos/laravel_ecommerce/vendor/laravel/framework/src/Illuminate/Foundation/Http/Middleware/TransformsRequest.php(21): Illuminate\\Pipeline\\Pipeline->Illuminate\\Pipeline\\{closure}()
#39 /media/flavio/3437-6262/Projetos/laravel_ecommerce/vendor/laravel/framework/src/Illuminate/Foundation/Http/Middleware/TrimStrings.php(51): Illuminate\\Foundation\\Http\\Middleware\\TransformsRequest->handle()
#40 /media/flavio/3437-6262/Projetos/laravel_ecommerce/vendor/laravel/framework/src/Illuminate/Pipeline/Pipeline.php(183): Illuminate\\Foundation\\Http\\Middleware\\TrimStrings->handle()
#41 /media/flavio/3437-6262/Projetos/laravel_ecommerce/vendor/laravel/framework/src/Illuminate/Http/Middleware/ValidatePostSize.php(27): Illuminate\\Pipeline\\Pipeline->Illuminate\\Pipeline\\{closure}()
#42 /media/flavio/3437-6262/Projetos/laravel_ecommerce/vendor/laravel/framework/src/Illuminate/Pipeline/Pipeline.php(183): Illuminate\\Http\\Middleware\\ValidatePostSize->handle()
#43 /media/flavio/3437-6262/Projetos/laravel_ecommerce/vendor/laravel/framework/src/Illuminate/Foundation/Http/Middleware/PreventRequestsDuringMaintenance.php(110): Illuminate\\Pipeline\\Pipeline->Illuminate\\Pipeline\\{closure}()
#44 /media/flavio/3437-6262/Projetos/laravel_ecommerce/vendor/laravel/framework/src/Illuminate/Pipeline/Pipeline.php(183): Illuminate\\Foundation\\Http\\Middleware\\PreventRequestsDuringMaintenance->handle()
#45 /media/flavio/3437-6262/Projetos/laravel_ecommerce/vendor/laravel/framework/src/Illuminate/Http/Middleware/HandleCors.php(49): Illuminate\\Pipeline\\Pipeline->Illuminate\\Pipeline\\{closure}()
#46 /media/flavio/3437-6262/Projetos/laravel_ecommerce/vendor/laravel/framework/src/Illuminate/Pipeline/Pipeline.php(183): Illuminate\\Http\\Middleware\\HandleCors->handle()
#47 /media/flavio/3437-6262/Projetos/laravel_ecommerce/vendor/laravel/framework/src/Illuminate/Http/Middleware/TrustProxies.php(58): Illuminate\\Pipeline\\Pipeline->Illuminate\\Pipeline\\{closure}()
#48 /media/flavio/3437-6262/Projetos/laravel_ecommerce/vendor/laravel/framework/src/Illuminate/Pipeline/Pipeline.php(183): Illuminate\\Http\\Middleware\\TrustProxies->handle()
#49 /media/flavio/3437-6262/Projetos/laravel_ecommerce/vendor/laravel/framework/src/Illuminate/Foundation/Http/Middleware/InvokeDeferredCallbacks.php(22): Illuminate\\Pipeline\\Pipeline->Illuminate\\Pipeline\\{closure}()
#50 /media/flavio/3437-6262/Projetos/laravel_ecommerce/vendor/laravel/framework/src/Illuminate/Pipeline/Pipeline.php(183): Illuminate\\Foundation\\Http\\Middleware\\InvokeDeferredCallbacks->handle()
#51 /media/flavio/3437-6262/Projetos/laravel_ecommerce/vendor/laravel/framework/src/Illuminate/Pipeline/Pipeline.php(119): Illuminate\\Pipeline\\Pipeline->Illuminate\\Pipeline\\{closure}()
#52 /media/flavio/3437-6262/Projetos/laravel_ecommerce/vendor/laravel/framework/src/Illuminate/Foundation/Http/Kernel.php(176): Illuminate\\Pipeline\\Pipeline->then()
#53 /media/flavio/3437-6262/Projetos/laravel_ecommerce/vendor/laravel/framework/src/Illuminate/Foundation/Http/Kernel.php(145): Illuminate\\Foundation\\Http\\Kernel->sendRequestThroughRouter()
#54 /media/flavio/3437-6262/Projetos/laravel_ecommerce/vendor/laravel/framework/src/Illuminate/Foundation/Application.php(1190): Illuminate\\Foundation\\Http\\Kernel->handle()
#55 /media/flavio/3437-6262/Projetos/laravel_ecommerce/public/index.php(17): Illuminate\\Foundation\\Application->handleRequest()
#56 /media/flavio/3437-6262/Projetos/laravel_ecommerce/vendor/laravel/framework/src/Illuminate/Foundation/resources/server.php(23): require_once('...')
#57 {main}
"} 
[2025-02-13 01:02:50] local.ERROR: Attempt to read property "e" on null (View: /media/flavio/3437-6262/Projetos/laravel_ecommerce/resources/views/admin/stores/edit.blade.php) {"exception":"[object] (Illuminate\\View\\ViewException(code: 0): Attempt to read property \"e\" on null (View: /media/flavio/3437-6262/Projetos/laravel_ecommerce/resources/views/admin/stores/edit.blade.php) at /media/flavio/3437-6262/Projetos/laravel_ecommerce/storage/framework/views/17fa88171f7cb696e8cba607d58abefb.php:5)
[stacktrace]
#0 /media/flavio/3437-6262/Projetos/laravel_ecommerce/vendor/laravel/framework/src/Illuminate/View/Engines/PhpEngine.php(60): Illuminate\\View\\Engines\\CompilerEngine->handleViewException()
#1 /media/flavio/3437-6262/Projetos/laravel_ecommerce/vendor/laravel/framework/src/Illuminate/View/Engines/CompilerEngine.php(75): Illuminate\\View\\Engines\\PhpEngine->evaluatePath()
#2 /media/flavio/3437-6262/Projetos/laravel_ecommerce/vendor/laravel/framework/src/Illuminate/View/View.php(209): Illuminate\\View\\Engines\\CompilerEngine->get()
#3 /media/flavio/3437-6262/Projetos/laravel_ecommerce/vendor/laravel/framework/src/Illuminate/View/View.php(192): Illuminate\\View\\View->getContents()
#4 /media/flavio/3437-6262/Projetos/laravel_ecommerce/vendor/laravel/framework/src/Illuminate/View/View.php(161): Illuminate\\View\\View->renderContents()
#5 /media/flavio/3437-6262/Projetos/laravel_ecommerce/vendor/laravel/framework/src/Illuminate/Http/Response.php(70): Illuminate\\View\\View->render()
#6 /media/flavio/3437-6262/Projetos/laravel_ecommerce/vendor/laravel/framework/src/Illuminate/Http/Response.php(35): Illuminate\\Http\\Response->setContent()
#7 /media/flavio/3437-6262/Projetos/laravel_ecommerce/vendor/laravel/framework/src/Illuminate/Routing/Router.php(920): Illuminate\\Http\\Response->__construct()
#8 /media/flavio/3437-6262/Projetos/laravel_ecommerce/vendor/laravel/framework/src/Illuminate/Routing/Router.php(887): Illuminate\\Routing\\Router::toResponse()
#9 /media/flavio/3437-6262/Projetos/laravel_ecommerce/vendor/laravel/framework/src/Illuminate/Routing/Router.php(807): Illuminate\\Routing\\Router->prepareResponse()
#10 /media/flavio/3437-6262/Projetos/laravel_ecommerce/vendor/laravel/framework/src/Illuminate/Pipeline/Pipeline.php(144): Illuminate\\Routing\\Router->Illuminate\\Routing\\{closure}()
#11 /media/flavio/3437-6262/Projetos/laravel_ecommerce/vendor/laravel/framework/src/Illuminate/Routing/Middleware/SubstituteBindings.php(51): Illuminate\\Pipeline\\Pipeline->Illuminate\\Pipeline\\{closure}()
#12 /media/flavio/3437-6262/Projetos/laravel_ecommerce/vendor/laravel/framework/src/Illuminate/Pipeline/Pipeline.php(183): Illuminate\\Routing\\Middleware\\SubstituteBindings->handle()
#13 /media/flavio/3437-6262/Projetos/laravel_ecommerce/vendor/laravel/framework/src/Illuminate/Foundation/Http/Middleware/VerifyCsrfToken.php(88): Illuminate\\Pipeline\\Pipeline->Illuminate\\Pipeline\\{closure}()
#14 /media/flavio/3437-6262/Projetos/laravel_ecommerce/vendor/laravel/framework/src/Illuminate/Pipeline/Pipeline.php(183): Illuminate\\Foundation\\Http\\Middleware\\VerifyCsrfToken->handle()
#15 /media/flavio/3437-6262/Projetos/laravel_ecommerce/vendor/laravel/framework/src/Illuminate/View/Middleware/ShareErrorsFromSession.php(49): Illuminate\\Pipeline\\Pipeline->Illuminate\\Pipeline\\{closure}()
#16 /media/flavio/3437-6262/Projetos/laravel_ecommerce/vendor/laravel/framework/src/Illuminate/Pipeline/Pipeline.php(183): Illuminate\\View\\Middleware\\ShareErrorsFromSession->handle()
#17 /media/flavio/3437-6262/Projetos/laravel_ecommerce/vendor/laravel/framework/src/Illuminate/Session/Middleware/StartSession.php(121): Illuminate\\Pipeline\\Pipeline->Illuminate\\Pipeline\\{closure}()
#18 /media/flavio/3437-6262/Projetos/laravel_ecommerce/vendor/laravel/framework/src/Illuminate/Session/Middleware/StartSession.php(64): Illuminate\\Session\\Middleware\\StartSession->handleStatefulRequest()
#19 /media/flavio/3437-6262/Projetos/laravel_ecommerce/vendor/laravel/framework/src/Illuminate/Pipeline/Pipeline.php(183): Illuminate\\Session\\Middleware\\StartSession->handle()
#20 /media/flavio/3437-6262/Projetos/laravel_ecommerce/vendor/laravel/framework/src/Illuminate/Cookie/Middleware/AddQueuedCookiesToResponse.php(37): Illuminate\\Pipeline\\Pipeline->Illuminate\\Pipeline\\{closure}()
#21 /media/flavio/3437-6262/Projetos/laravel_ecommerce/vendor/laravel/framework/src/Illuminate/Pipeline/Pipeline.php(183): Illuminate\\Cookie\\Middleware\\AddQueuedCookiesToResponse->handle()
#22 /media/flavio/3437-6262/Projetos/laravel_ecommerce/vendor/laravel/framework/src/Illuminate/Cookie/Middleware/EncryptCookies.php(75): Illuminate\\Pipeline\\Pipeline->Illuminate\\Pipeline\\{closure}()
#23 /media/flavio/3437-6262/Projetos/laravel_ecommerce/vendor/laravel/framework/src/Illuminate/Pipeline/Pipeline.php(183): Illuminate\\Cookie\\Middleware\\EncryptCookies->handle()
#24 /media/flavio/3437-6262/Projetos/laravel_ecommerce/vendor/laravel/framework/src/Illuminate/Pipeline/Pipeline.php(119): Illuminate\\Pipeline\\Pipeline->Illuminate\\Pipeline\\{closure}()
#25 /media/flavio/3437-6262/Projetos/laravel_ecommerce/vendor/laravel/framework/src/Illuminate/Routing/Router.php(807): Illuminate\\Pipeline\\Pipeline->then()
#26 /media/flavio/3437-6262/Projetos/laravel_ecommerce/vendor/laravel/framework/src/Illuminate/Routing/Router.php(786): Illuminate\\Routing\\Router->runRouteWithinStack()
#27 /media/flavio/3437-6262/Projetos/laravel_ecommerce/vendor/laravel/framework/src/Illuminate/Routing/Router.php(750): Illuminate\\Routing\\Router->runRoute()
#28 /media/flavio/3437-6262/Projetos/laravel_ecommerce/vendor/laravel/framework/src/Illuminate/Routing/Router.php(739): Illuminate\\Routing\\Router->dispatchToRoute()
#29 /media/flavio/3437-6262/Projetos/laravel_ecommerce/vendor/laravel/framework/src/Illuminate/Foundation/Http/Kernel.php(201): Illuminate\\Routing\\Router->dispatch()
#30 /media/flavio/3437-6262/Projetos/laravel_ecommerce/vendor/laravel/framework/src/Illuminate/Pipeline/Pipeline.php(144): Illuminate\\Foundation\\Http\\Kernel->Illuminate\\Foundation\\Http\\{closure}()
#31 /media/flavio/3437-6262/Projetos/laravel_ecommerce/vendor/laravel/framework/src/Illuminate/Foundation/Http/Middleware/TransformsRequest.php(21): Illuminate\\Pipeline\\Pipeline->Illuminate\\Pipeline\\{closure}()
#32 /media/flavio/3437-6262/Projetos/laravel_ecommerce/vendor/laravel/framework/src/Illuminate/Foundation/Http/Middleware/ConvertEmptyStringsToNull.php(31): Illuminate\\Foundation\\Http\\Middleware\\TransformsRequest->handle()
#33 /media/flavio/3437-6262/Projetos/laravel_ecommerce/vendor/laravel/framework/src/Illuminate/Pipeline/Pipeline.php(183): Illuminate\\Foundation\\Http\\Middleware\\ConvertEmptyStringsToNull->handle()
#34 /media/flavio/3437-6262/Projetos/laravel_ecommerce/vendor/laravel/framework/src/Illuminate/Foundation/Http/Middleware/TransformsRequest.php(21): Illuminate\\Pipeline\\Pipeline->Illuminate\\Pipeline\\{closure}()
#35 /media/flavio/3437-6262/Projetos/laravel_ecommerce/vendor/laravel/framework/src/Illuminate/Foundation/Http/Middleware/TrimStrings.php(51): Illuminate\\Foundation\\Http\\Middleware\\TransformsRequest->handle()
#36 /media/flavio/3437-6262/Projetos/laravel_ecommerce/vendor/laravel/framework/src/Illuminate/Pipeline/Pipeline.php(183): Illuminate\\Foundation\\Http\\Middleware\\TrimStrings->handle()
#37 /media/flavio/3437-6262/Projetos/laravel_ecommerce/vendor/laravel/framework/src/Illuminate/Http/Middleware/ValidatePostSize.php(27): Illuminate\\Pipeline\\Pipeline->Illuminate\\Pipeline\\{closure}()
#38 /media/flavio/3437-6262/Projetos/laravel_ecommerce/vendor/laravel/framework/src/Illuminate/Pipeline/Pipeline.php(183): Illuminate\\Http\\Middleware\\ValidatePostSize->handle()
#39 /media/flavio/3437-6262/Projetos/laravel_ecommerce/vendor/laravel/framework/src/Illuminate/Foundation/Http/Middleware/PreventRequestsDuringMaintenance.php(110): Illuminate\\Pipeline\\Pipeline->Illuminate\\Pipeline\\{closure}()
#40 /media/flavio/3437-6262/Projetos/laravel_ecommerce/vendor/laravel/framework/src/Illuminate/Pipeline/Pipeline.php(183): Illuminate\\Foundation\\Http\\Middleware\\PreventRequestsDuringMaintenance->handle()
#41 /media/flavio/3437-6262/Projetos/laravel_ecommerce/vendor/laravel/framework/src/Illuminate/Http/Middleware/HandleCors.php(49): Illuminate\\Pipeline\\Pipeline->Illuminate\\Pipeline\\{closure}()
#42 /media/flavio/3437-6262/Projetos/laravel_ecommerce/vendor/laravel/framework/src/Illuminate/Pipeline/Pipeline.php(183): Illuminate\\Http\\Middleware\\HandleCors->handle()
#43 /media/flavio/3437-6262/Projetos/laravel_ecommerce/vendor/laravel/framework/src/Illuminate/Http/Middleware/TrustProxies.php(58): Illuminate\\Pipeline\\Pipeline->Illuminate\\Pipeline\\{closure}()
#44 /media/flavio/3437-6262/Projetos/laravel_ecommerce/vendor/laravel/framework/src/Illuminate/Pipeline/Pipeline.php(183): Illuminate\\Http\\Middleware\\TrustProxies->handle()
#45 /media/flavio/3437-6262/Projetos/laravel_ecommerce/vendor/laravel/framework/src/Illuminate/Foundation/Http/Middleware/InvokeDeferredCallbacks.php(22): Illuminate\\Pipeline\\Pipeline->Illuminate\\Pipeline\\{closure}()
#46 /media/flavio/3437-6262/Projetos/laravel_ecommerce/vendor/laravel/framework/src/Illuminate/Pipeline/Pipeline.php(183): Illuminate\\Foundation\\Http\\Middleware\\InvokeDeferredCallbacks->handle()
#47 /media/flavio/3437-6262/Projetos/laravel_ecommerce/vendor/laravel/framework/src/Illuminate/Pipeline/Pipeline.php(119): Illuminate\\Pipeline\\Pipeline->Illuminate\\Pipeline\\{closure}()
#48 /media/flavio/3437-6262/Projetos/laravel_ecommerce/vendor/laravel/framework/src/Illuminate/Foundation/Http/Kernel.php(176): Illuminate\\Pipeline\\Pipeline->then()
#49 /media/flavio/3437-6262/Projetos/laravel_ecommerce/vendor/laravel/framework/src/Illuminate/Foundation/Http/Kernel.php(145): Illuminate\\Foundation\\Http\\Kernel->sendRequestThroughRouter()
#50 /media/flavio/3437-6262/Projetos/laravel_ecommerce/vendor/laravel/framework/src/Illuminate/Foundation/Application.php(1190): Illuminate\\Foundation\\Http\\Kernel->handle()
#51 /media/flavio/3437-6262/Projetos/laravel_ecommerce/public/index.php(17): Illuminate\\Foundation\\Application->handleRequest()
#52 /media/flavio/3437-6262/Projetos/laravel_ecommerce/vendor/laravel/framework/src/Illuminate/Foundation/resources/server.php(23): require_once('...')
#53 {main}

[previous exception] [object] (ErrorException(code: 0): Attempt to read property \"e\" on null at /media/flavio/3437-6262/Projetos/laravel_ecommerce/storage/framework/views/17fa88171f7cb696e8cba607d58abefb.php:5)
[stacktrace]
#0 /media/flavio/3437-6262/Projetos/laravel_ecommerce/vendor/laravel/framework/src/Illuminate/Foundation/Bootstrap/HandleExceptions.php(290): Illuminate\\Foundation\\Bootstrap\\HandleExceptions->handleError()
#1 /media/flavio/3437-6262/Projetos/laravel_ecommerce/storage/framework/views/17fa88171f7cb696e8cba607d58abefb.php(5): Illuminate\\Foundation\\Bootstrap\\HandleExceptions->Illuminate\\Foundation\\Bootstrap\\{closure}()
#2 /media/flavio/3437-6262/Projetos/laravel_ecommerce/vendor/laravel/framework/src/Illuminate/Filesystem/Filesystem.php(123): require('...')
#3 /media/flavio/3437-6262/Projetos/laravel_ecommerce/vendor/laravel/framework/src/Illuminate/Filesystem/Filesystem.php(124): Illuminate\\Filesystem\\Filesystem::Illuminate\\Filesystem\\{closure}()
#4 /media/flavio/3437-6262/Projetos/laravel_ecommerce/vendor/laravel/framework/src/Illuminate/View/Engines/PhpEngine.php(58): Illuminate\\Filesystem\\Filesystem->getRequire()
#5 /media/flavio/3437-6262/Projetos/laravel_ecommerce/vendor/laravel/framework/src/Illuminate/View/Engines/CompilerEngine.php(75): Illuminate\\View\\Engines\\PhpEngine->evaluatePath()
#6 /media/flavio/3437-6262/Projetos/laravel_ecommerce/vendor/laravel/framework/src/Illuminate/View/View.php(209): Illuminate\\View\\Engines\\CompilerEngine->get()
#7 /media/flavio/3437-6262/Projetos/laravel_ecommerce/vendor/laravel/framework/src/Illuminate/View/View.php(192): Illuminate\\View\\View->getContents()
#8 /media/flavio/3437-6262/Projetos/laravel_ecommerce/vendor/laravel/framework/src/Illuminate/View/View.php(161): Illuminate\\View\\View->renderContents()
#9 /media/flavio/3437-6262/Projetos/laravel_ecommerce/vendor/laravel/framework/src/Illuminate/Http/Response.php(70): Illuminate\\View\\View->render()
#10 /media/flavio/3437-6262/Projetos/laravel_ecommerce/vendor/laravel/framework/src/Illuminate/Http/Response.php(35): Illuminate\\Http\\Response->setContent()
#11 /media/flavio/3437-6262/Projetos/laravel_ecommerce/vendor/laravel/framework/src/Illuminate/Routing/Router.php(920): Illuminate\\Http\\Response->__construct()
#12 /media/flavio/3437-6262/Projetos/laravel_ecommerce/vendor/laravel/framework/src/Illuminate/Routing/Router.php(887): Illuminate\\Routing\\Router::toResponse()
#13 /media/flavio/3437-6262/Projetos/laravel_ecommerce/vendor/laravel/framework/src/Illuminate/Routing/Router.php(807): Illuminate\\Routing\\Router->prepareResponse()
#14 /media/flavio/3437-6262/Projetos/laravel_ecommerce/vendor/laravel/framework/src/Illuminate/Pipeline/Pipeline.php(144): Illuminate\\Routing\\Router->Illuminate\\Routing\\{closure}()
#15 /media/flavio/3437-6262/Projetos/laravel_ecommerce/vendor/laravel/framework/src/Illuminate/Routing/Middleware/SubstituteBindings.php(51): Illuminate\\Pipeline\\Pipeline->Illuminate\\Pipeline\\{closure}()
#16 /media/flavio/3437-6262/Projetos/laravel_ecommerce/vendor/laravel/framework/src/Illuminate/Pipeline/Pipeline.php(183): Illuminate\\Routing\\Middleware\\SubstituteBindings->handle()
#17 /media/flavio/3437-6262/Projetos/laravel_ecommerce/vendor/laravel/framework/src/Illuminate/Foundation/Http/Middleware/VerifyCsrfToken.php(88): Illuminate\\Pipeline\\Pipeline->Illuminate\\Pipeline\\{closure}()
#18 /media/flavio/3437-6262/Projetos/laravel_ecommerce/vendor/laravel/framework/src/Illuminate/Pipeline/Pipeline.php(183): Illuminate\\Foundation\\Http\\Middleware\\VerifyCsrfToken->handle()
#19 /media/flavio/3437-6262/Projetos/laravel_ecommerce/vendor/laravel/framework/src/Illuminate/View/Middleware/ShareErrorsFromSession.php(49): Illuminate\\Pipeline\\Pipeline->Illuminate\\Pipeline\\{closure}()
#20 /media/flavio/3437-6262/Projetos/laravel_ecommerce/vendor/laravel/framework/src/Illuminate/Pipeline/Pipeline.php(183): Illuminate\\View\\Middleware\\ShareErrorsFromSession->handle()
#21 /media/flavio/3437-6262/Projetos/laravel_ecommerce/vendor/laravel/framework/src/Illuminate/Session/Middleware/StartSession.php(121): Illuminate\\Pipeline\\Pipeline->Illuminate\\Pipeline\\{closure}()
#22 /media/flavio/3437-6262/Projetos/laravel_ecommerce/vendor/laravel/framework/src/Illuminate/Session/Middleware/StartSession.php(64): Illuminate\\Session\\Middleware\\StartSession->handleStatefulRequest()
#23 /media/flavio/3437-6262/Projetos/laravel_ecommerce/vendor/laravel/framework/src/Illuminate/Pipeline/Pipeline.php(183): Illuminate\\Session\\Middleware\\StartSession->handle()
#24 /media/flavio/3437-6262/Projetos/laravel_ecommerce/vendor/laravel/framework/src/Illuminate/Cookie/Middleware/AddQueuedCookiesToResponse.php(37): Illuminate\\Pipeline\\Pipeline->Illuminate\\Pipeline\\{closure}()
#25 /media/flavio/3437-6262/Projetos/laravel_ecommerce/vendor/laravel/framework/src/Illuminate/Pipeline/Pipeline.php(183): Illuminate\\Cookie\\Middleware\\AddQueuedCookiesToResponse->handle()
#26 /media/flavio/3437-6262/Projetos/laravel_ecommerce/vendor/laravel/framework/src/Illuminate/Cookie/Middleware/EncryptCookies.php(75): Illuminate\\Pipeline\\Pipeline->Illuminate\\Pipeline\\{closure}()
#27 /media/flavio/3437-6262/Projetos/laravel_ecommerce/vendor/laravel/framework/src/Illuminate/Pipeline/Pipeline.php(183): Illuminate\\Cookie\\Middleware\\EncryptCookies->handle()
#28 /media/flavio/3437-6262/Projetos/laravel_ecommerce/vendor/laravel/framework/src/Illuminate/Pipeline/Pipeline.php(119): Illuminate\\Pipeline\\Pipeline->Illuminate\\Pipeline\\{closure}()
#29 /media/flavio/3437-6262/Projetos/laravel_ecommerce/vendor/laravel/framework/src/Illuminate/Routing/Router.php(807): Illuminate\\Pipeline\\Pipeline->then()
#30 /media/flavio/3437-6262/Projetos/laravel_ecommerce/vendor/laravel/framework/src/Illuminate/Routing/Router.php(786): Illuminate\\Routing\\Router->runRouteWithinStack()
#31 /media/flavio/3437-6262/Projetos/laravel_ecommerce/vendor/laravel/framework/src/Illuminate/Routing/Router.php(750): Illuminate\\Routing\\Router->runRoute()
#32 /media/flavio/3437-6262/Projetos/laravel_ecommerce/vendor/laravel/framework/src/Illuminate/Routing/Router.php(739): Illuminate\\Routing\\Router->dispatchToRoute()
#33 /media/flavio/3437-6262/Projetos/laravel_ecommerce/vendor/laravel/framework/src/Illuminate/Foundation/Http/Kernel.php(201): Illuminate\\Routing\\Router->dispatch()
#34 /media/flavio/3437-6262/Projetos/laravel_ecommerce/vendor/laravel/framework/src/Illuminate/Pipeline/Pipeline.php(144): Illuminate\\Foundation\\Http\\Kernel->Illuminate\\Foundation\\Http\\{closure}()
#35 /media/flavio/3437-6262/Projetos/laravel_ecommerce/vendor/laravel/framework/src/Illuminate/Foundation/Http/Middleware/TransformsRequest.php(21): Illuminate\\Pipeline\\Pipeline->Illuminate\\Pipeline\\{closure}()
#36 /media/flavio/3437-6262/Projetos/laravel_ecommerce/vendor/laravel/framework/src/Illuminate/Foundation/Http/Middleware/ConvertEmptyStringsToNull.php(31): Illuminate\\Foundation\\Http\\Middleware\\TransformsRequest->handle()
#37 /media/flavio/3437-6262/Projetos/laravel_ecommerce/vendor/laravel/framework/src/Illuminate/Pipeline/Pipeline.php(183): Illuminate\\Foundation\\Http\\Middleware\\ConvertEmptyStringsToNull->handle()
#38 /media/flavio/3437-6262/Projetos/laravel_ecommerce/vendor/laravel/framework/src/Illuminate/Foundation/Http/Middleware/TransformsRequest.php(21): Illuminate\\Pipeline\\Pipeline->Illuminate\\Pipeline\\{closure}()
#39 /media/flavio/3437-6262/Projetos/laravel_ecommerce/vendor/laravel/framework/src/Illuminate/Foundation/Http/Middleware/TrimStrings.php(51): Illuminate\\Foundation\\Http\\Middleware\\TransformsRequest->handle()
#40 /media/flavio/3437-6262/Projetos/laravel_ecommerce/vendor/laravel/framework/src/Illuminate/Pipeline/Pipeline.php(183): Illuminate\\Foundation\\Http\\Middleware\\TrimStrings->handle()
#41 /media/flavio/3437-6262/Projetos/laravel_ecommerce/vendor/laravel/framework/src/Illuminate/Http/Middleware/ValidatePostSize.php(27): Illuminate\\Pipeline\\Pipeline->Illuminate\\Pipeline\\{closure}()
#42 /media/flavio/3437-6262/Projetos/laravel_ecommerce/vendor/laravel/framework/src/Illuminate/Pipeline/Pipeline.php(183): Illuminate\\Http\\Middleware\\ValidatePostSize->handle()
#43 /media/flavio/3437-6262/Projetos/laravel_ecommerce/vendor/laravel/framework/src/Illuminate/Foundation/Http/Middleware/PreventRequestsDuringMaintenance.php(110): Illuminate\\Pipeline\\Pipeline->Illuminate\\Pipeline\\{closure}()
#44 /media/flavio/3437-6262/Projetos/laravel_ecommerce/vendor/laravel/framework/src/Illuminate/Pipeline/Pipeline.php(183): Illuminate\\Foundation\\Http\\Middleware\\PreventRequestsDuringMaintenance->handle()
#45 /media/flavio/3437-6262/Projetos/laravel_ecommerce/vendor/laravel/framework/src/Illuminate/Http/Middleware/HandleCors.php(49): Illuminate\\Pipeline\\Pipeline->Illuminate\\Pipeline\\{closure}()
#46 /media/flavio/3437-6262/Projetos/laravel_ecommerce/vendor/laravel/framework/src/Illuminate/Pipeline/Pipeline.php(183): Illuminate\\Http\\Middleware\\HandleCors->handle()
#47 /media/flavio/3437-6262/Projetos/laravel_ecommerce/vendor/laravel/framework/src/Illuminate/Http/Middleware/TrustProxies.php(58): Illuminate\\Pipeline\\Pipeline->Illuminate\\Pipeline\\{closure}()
#48 /media/flavio/3437-6262/Projetos/laravel_ecommerce/vendor/laravel/framework/src/Illuminate/Pipeline/Pipeline.php(183): Illuminate\\Http\\Middleware\\TrustProxies->handle()
#49 /media/flavio/3437-6262/Projetos/laravel_ecommerce/vendor/laravel/framework/src/Illuminate/Foundation/Http/Middleware/InvokeDeferredCallbacks.php(22): Illuminate\\Pipeline\\Pipeline->Illuminate\\Pipeline\\{closure}()
#50 /media/flavio/3437-6262/Projetos/laravel_ecommerce/vendor/laravel/framework/src/Illuminate/Pipeline/Pipeline.php(183): Illuminate\\Foundation\\Http\\Middleware\\InvokeDeferredCallbacks->handle()
#51 /media/flavio/3437-6262/Projetos/laravel_ecommerce/vendor/laravel/framework/src/Illuminate/Pipeline/Pipeline.php(119): Illuminate\\Pipeline\\Pipeline->Illuminate\\Pipeline\\{closure}()
#52 /media/flavio/3437-6262/Projetos/laravel_ecommerce/vendor/laravel/framework/src/Illuminate/Foundation/Http/Kernel.php(176): Illuminate\\Pipeline\\Pipeline->then()
#53 /media/flavio/3437-6262/Projetos/laravel_ecommerce/vendor/laravel/framework/src/Illuminate/Foundation/Http/Kernel.php(145): Illuminate\\Foundation\\Http\\Kernel->sendRequestThroughRouter()
#54 /media/flavio/3437-6262/Projetos/laravel_ecommerce/vendor/laravel/framework/src/Illuminate/Foundation/Application.php(1190): Illuminate\\Foundation\\Http\\Kernel->handle()
#55 /media/flavio/3437-6262/Projetos/laravel_ecommerce/public/index.php(17): Illuminate\\Foundation\\Application->handleRequest()
#56 /media/flavio/3437-6262/Projetos/laravel_ecommerce/vendor/laravel/framework/src/Illuminate/Foundation/resources/server.php(23): require_once('...')
#57 {main}
"} 
[2025-02-13 01:03:14] local.ERROR: Undefined variable $e (View: /media/flavio/3437-6262/Projetos/laravel_ecommerce/resources/views/admin/stores/edit.blade.php) {"exception":"[object] (Illuminate\\View\\ViewException(code: 0): Undefined variable $e (View: /media/flavio/3437-6262/Projetos/laravel_ecommerce/resources/views/admin/stores/edit.blade.php) at /media/flavio/3437-6262/Projetos/laravel_ecommerce/storage/framework/views/17fa88171f7cb696e8cba607d58abefb.php:5)
[stacktrace]
#0 /media/flavio/3437-6262/Projetos/laravel_ecommerce/vendor/laravel/framework/src/Illuminate/View/Engines/PhpEngine.php(60): Illuminate\\View\\Engines\\CompilerEngine->handleViewException()
#1 /media/flavio/3437-6262/Projetos/laravel_ecommerce/vendor/laravel/framework/src/Illuminate/View/Engines/CompilerEngine.php(75): Illuminate\\View\\Engines\\PhpEngine->evaluatePath()
#2 /media/flavio/3437-6262/Projetos/laravel_ecommerce/vendor/laravel/framework/src/Illuminate/View/View.php(209): Illuminate\\View\\Engines\\CompilerEngine->get()
#3 /media/flavio/3437-6262/Projetos/laravel_ecommerce/vendor/laravel/framework/src/Illuminate/View/View.php(192): Illuminate\\View\\View->getContents()
#4 /media/flavio/3437-6262/Projetos/laravel_ecommerce/vendor/laravel/framework/src/Illuminate/View/View.php(161): Illuminate\\View\\View->renderContents()
#5 /media/flavio/3437-6262/Projetos/laravel_ecommerce/vendor/laravel/framework/src/Illuminate/Http/Response.php(70): Illuminate\\View\\View->render()
#6 /media/flavio/3437-6262/Projetos/laravel_ecommerce/vendor/laravel/framework/src/Illuminate/Http/Response.php(35): Illuminate\\Http\\Response->setContent()
#7 /media/flavio/3437-6262/Projetos/laravel_ecommerce/vendor/laravel/framework/src/Illuminate/Routing/Router.php(920): Illuminate\\Http\\Response->__construct()
#8 /media/flavio/3437-6262/Projetos/laravel_ecommerce/vendor/laravel/framework/src/Illuminate/Routing/Router.php(887): Illuminate\\Routing\\Router::toResponse()
#9 /media/flavio/3437-6262/Projetos/laravel_ecommerce/vendor/laravel/framework/src/Illuminate/Routing/Router.php(807): Illuminate\\Routing\\Router->prepareResponse()
#10 /media/flavio/3437-6262/Projetos/laravel_ecommerce/vendor/laravel/framework/src/Illuminate/Pipeline/Pipeline.php(144): Illuminate\\Routing\\Router->Illuminate\\Routing\\{closure}()
#11 /media/flavio/3437-6262/Projetos/laravel_ecommerce/vendor/laravel/framework/src/Illuminate/Routing/Middleware/SubstituteBindings.php(51): Illuminate\\Pipeline\\Pipeline->Illuminate\\Pipeline\\{closure}()
#12 /media/flavio/3437-6262/Projetos/laravel_ecommerce/vendor/laravel/framework/src/Illuminate/Pipeline/Pipeline.php(183): Illuminate\\Routing\\Middleware\\SubstituteBindings->handle()
#13 /media/flavio/3437-6262/Projetos/laravel_ecommerce/vendor/laravel/framework/src/Illuminate/Foundation/Http/Middleware/VerifyCsrfToken.php(88): Illuminate\\Pipeline\\Pipeline->Illuminate\\Pipeline\\{closure}()
#14 /media/flavio/3437-6262/Projetos/laravel_ecommerce/vendor/laravel/framework/src/Illuminate/Pipeline/Pipeline.php(183): Illuminate\\Foundation\\Http\\Middleware\\VerifyCsrfToken->handle()
#15 /media/flavio/3437-6262/Projetos/laravel_ecommerce/vendor/laravel/framework/src/Illuminate/View/Middleware/ShareErrorsFromSession.php(49): Illuminate\\Pipeline\\Pipeline->Illuminate\\Pipeline\\{closure}()
#16 /media/flavio/3437-6262/Projetos/laravel_ecommerce/vendor/laravel/framework/src/Illuminate/Pipeline/Pipeline.php(183): Illuminate\\View\\Middleware\\ShareErrorsFromSession->handle()
#17 /media/flavio/3437-6262/Projetos/laravel_ecommerce/vendor/laravel/framework/src/Illuminate/Session/Middleware/StartSession.php(121): Illuminate\\Pipeline\\Pipeline->Illuminate\\Pipeline\\{closure}()
#18 /media/flavio/3437-6262/Projetos/laravel_ecommerce/vendor/laravel/framework/src/Illuminate/Session/Middleware/StartSession.php(64): Illuminate\\Session\\Middleware\\StartSession->handleStatefulRequest()
#19 /media/flavio/3437-6262/Projetos/laravel_ecommerce/vendor/laravel/framework/src/Illuminate/Pipeline/Pipeline.php(183): Illuminate\\Session\\Middleware\\StartSession->handle()
#20 /media/flavio/3437-6262/Projetos/laravel_ecommerce/vendor/laravel/framework/src/Illuminate/Cookie/Middleware/AddQueuedCookiesToResponse.php(37): Illuminate\\Pipeline\\Pipeline->Illuminate\\Pipeline\\{closure}()
#21 /media/flavio/3437-6262/Projetos/laravel_ecommerce/vendor/laravel/framework/src/Illuminate/Pipeline/Pipeline.php(183): Illuminate\\Cookie\\Middleware\\AddQueuedCookiesToResponse->handle()
#22 /media/flavio/3437-6262/Projetos/laravel_ecommerce/vendor/laravel/framework/src/Illuminate/Cookie/Middleware/EncryptCookies.php(75): Illuminate\\Pipeline\\Pipeline->Illuminate\\Pipeline\\{closure}()
#23 /media/flavio/3437-6262/Projetos/laravel_ecommerce/vendor/laravel/framework/src/Illuminate/Pipeline/Pipeline.php(183): Illuminate\\Cookie\\Middleware\\EncryptCookies->handle()
#24 /media/flavio/3437-6262/Projetos/laravel_ecommerce/vendor/laravel/framework/src/Illuminate/Pipeline/Pipeline.php(119): Illuminate\\Pipeline\\Pipeline->Illuminate\\Pipeline\\{closure}()
#25 /media/flavio/3437-6262/Projetos/laravel_ecommerce/vendor/laravel/framework/src/Illuminate/Routing/Router.php(807): Illuminate\\Pipeline\\Pipeline->then()
#26 /media/flavio/3437-6262/Projetos/laravel_ecommerce/vendor/laravel/framework/src/Illuminate/Routing/Router.php(786): Illuminate\\Routing\\Router->runRouteWithinStack()
#27 /media/flavio/3437-6262/Projetos/laravel_ecommerce/vendor/laravel/framework/src/Illuminate/Routing/Router.php(750): Illuminate\\Routing\\Router->runRoute()
#28 /media/flavio/3437-6262/Projetos/laravel_ecommerce/vendor/laravel/framework/src/Illuminate/Routing/Router.php(739): Illuminate\\Routing\\Router->dispatchToRoute()
#29 /media/flavio/3437-6262/Projetos/laravel_ecommerce/vendor/laravel/framework/src/Illuminate/Foundation/Http/Kernel.php(201): Illuminate\\Routing\\Router->dispatch()
#30 /media/flavio/3437-6262/Projetos/laravel_ecommerce/vendor/laravel/framework/src/Illuminate/Pipeline/Pipeline.php(144): Illuminate\\Foundation\\Http\\Kernel->Illuminate\\Foundation\\Http\\{closure}()
#31 /media/flavio/3437-6262/Projetos/laravel_ecommerce/vendor/laravel/framework/src/Illuminate/Foundation/Http/Middleware/TransformsRequest.php(21): Illuminate\\Pipeline\\Pipeline->Illuminate\\Pipeline\\{closure}()
#32 /media/flavio/3437-6262/Projetos/laravel_ecommerce/vendor/laravel/framework/src/Illuminate/Foundation/Http/Middleware/ConvertEmptyStringsToNull.php(31): Illuminate\\Foundation\\Http\\Middleware\\TransformsRequest->handle()
#33 /media/flavio/3437-6262/Projetos/laravel_ecommerce/vendor/laravel/framework/src/Illuminate/Pipeline/Pipeline.php(183): Illuminate\\Foundation\\Http\\Middleware\\ConvertEmptyStringsToNull->handle()
#34 /media/flavio/3437-6262/Projetos/laravel_ecommerce/vendor/laravel/framework/src/Illuminate/Foundation/Http/Middleware/TransformsRequest.php(21): Illuminate\\Pipeline\\Pipeline->Illuminate\\Pipeline\\{closure}()
#35 /media/flavio/3437-6262/Projetos/laravel_ecommerce/vendor/laravel/framework/src/Illuminate/Foundation/Http/Middleware/TrimStrings.php(51): Illuminate\\Foundation\\Http\\Middleware\\TransformsRequest->handle()
#36 /media/flavio/3437-6262/Projetos/laravel_ecommerce/vendor/laravel/framework/src/Illuminate/Pipeline/Pipeline.php(183): Illuminate\\Foundation\\Http\\Middleware\\TrimStrings->handle()
#37 /media/flavio/3437-6262/Projetos/laravel_ecommerce/vendor/laravel/framework/src/Illuminate/Http/Middleware/ValidatePostSize.php(27): Illuminate\\Pipeline\\Pipeline->Illuminate\\Pipeline\\{closure}()
#38 /media/flavio/3437-6262/Projetos/laravel_ecommerce/vendor/laravel/framework/src/Illuminate/Pipeline/Pipeline.php(183): Illuminate\\Http\\Middleware\\ValidatePostSize->handle()
#39 /media/flavio/3437-6262/Projetos/laravel_ecommerce/vendor/laravel/framework/src/Illuminate/Foundation/Http/Middleware/PreventRequestsDuringMaintenance.php(110): Illuminate\\Pipeline\\Pipeline->Illuminate\\Pipeline\\{closure}()
#40 /media/flavio/3437-6262/Projetos/laravel_ecommerce/vendor/laravel/framework/src/Illuminate/Pipeline/Pipeline.php(183): Illuminate\\Foundation\\Http\\Middleware\\PreventRequestsDuringMaintenance->handle()
#41 /media/flavio/3437-6262/Projetos/laravel_ecommerce/vendor/laravel/framework/src/Illuminate/Http/Middleware/HandleCors.php(49): Illuminate\\Pipeline\\Pipeline->Illuminate\\Pipeline\\{closure}()
#42 /media/flavio/3437-6262/Projetos/laravel_ecommerce/vendor/laravel/framework/src/Illuminate/Pipeline/Pipeline.php(183): Illuminate\\Http\\Middleware\\HandleCors->handle()
#43 /media/flavio/3437-6262/Projetos/laravel_ecommerce/vendor/laravel/framework/src/Illuminate/Http/Middleware/TrustProxies.php(58): Illuminate\\Pipeline\\Pipeline->Illuminate\\Pipeline\\{closure}()
#44 /media/flavio/3437-6262/Projetos/laravel_ecommerce/vendor/laravel/framework/src/Illuminate/Pipeline/Pipeline.php(183): Illuminate\\Http\\Middleware\\TrustProxies->handle()
#45 /media/flavio/3437-6262/Projetos/laravel_ecommerce/vendor/laravel/framework/src/Illuminate/Foundation/Http/Middleware/InvokeDeferredCallbacks.php(22): Illuminate\\Pipeline\\Pipeline->Illuminate\\Pipeline\\{closure}()
#46 /media/flavio/3437-6262/Projetos/laravel_ecommerce/vendor/laravel/framework/src/Illuminate/Pipeline/Pipeline.php(183): Illuminate\\Foundation\\Http\\Middleware\\InvokeDeferredCallbacks->handle()
#47 /media/flavio/3437-6262/Projetos/laravel_ecommerce/vendor/laravel/framework/src/Illuminate/Pipeline/Pipeline.php(119): Illuminate\\Pipeline\\Pipeline->Illuminate\\Pipeline\\{closure}()
#48 /media/flavio/3437-6262/Projetos/laravel_ecommerce/vendor/laravel/framework/src/Illuminate/Foundation/Http/Kernel.php(176): Illuminate\\Pipeline\\Pipeline->then()
#49 /media/flavio/3437-6262/Projetos/laravel_ecommerce/vendor/laravel/framework/src/Illuminate/Foundation/Http/Kernel.php(145): Illuminate\\Foundation\\Http\\Kernel->sendRequestThroughRouter()
#50 /media/flavio/3437-6262/Projetos/laravel_ecommerce/vendor/laravel/framework/src/Illuminate/Foundation/Application.php(1190): Illuminate\\Foundation\\Http\\Kernel->handle()
#51 /media/flavio/3437-6262/Projetos/laravel_ecommerce/public/index.php(17): Illuminate\\Foundation\\Application->handleRequest()
#52 /media/flavio/3437-6262/Projetos/laravel_ecommerce/vendor/laravel/framework/src/Illuminate/Foundation/resources/server.php(23): require_once('...')
#53 {main}

[previous exception] [object] (ErrorException(code: 0): Undefined variable $e at /media/flavio/3437-6262/Projetos/laravel_ecommerce/storage/framework/views/17fa88171f7cb696e8cba607d58abefb.php:5)
[stacktrace]
#0 /media/flavio/3437-6262/Projetos/laravel_ecommerce/vendor/laravel/framework/src/Illuminate/Foundation/Bootstrap/HandleExceptions.php(290): Illuminate\\Foundation\\Bootstrap\\HandleExceptions->handleError()
#1 /media/flavio/3437-6262/Projetos/laravel_ecommerce/storage/framework/views/17fa88171f7cb696e8cba607d58abefb.php(5): Illuminate\\Foundation\\Bootstrap\\HandleExceptions->Illuminate\\Foundation\\Bootstrap\\{closure}()
#2 /media/flavio/3437-6262/Projetos/laravel_ecommerce/vendor/laravel/framework/src/Illuminate/Filesystem/Filesystem.php(123): require('...')
#3 /media/flavio/3437-6262/Projetos/laravel_ecommerce/vendor/laravel/framework/src/Illuminate/Filesystem/Filesystem.php(124): Illuminate\\Filesystem\\Filesystem::Illuminate\\Filesystem\\{closure}()
#4 /media/flavio/3437-6262/Projetos/laravel_ecommerce/vendor/laravel/framework/src/Illuminate/View/Engines/PhpEngine.php(58): Illuminate\\Filesystem\\Filesystem->getRequire()
#5 /media/flavio/3437-6262/Projetos/laravel_ecommerce/vendor/laravel/framework/src/Illuminate/View/Engines/CompilerEngine.php(75): Illuminate\\View\\Engines\\PhpEngine->evaluatePath()
#6 /media/flavio/3437-6262/Projetos/laravel_ecommerce/vendor/laravel/framework/src/Illuminate/View/View.php(209): Illuminate\\View\\Engines\\CompilerEngine->get()
#7 /media/flavio/3437-6262/Projetos/laravel_ecommerce/vendor/laravel/framework/src/Illuminate/View/View.php(192): Illuminate\\View\\View->getContents()
#8 /media/flavio/3437-6262/Projetos/laravel_ecommerce/vendor/laravel/framework/src/Illuminate/View/View.php(161): Illuminate\\View\\View->renderContents()
#9 /media/flavio/3437-6262/Projetos/laravel_ecommerce/vendor/laravel/framework/src/Illuminate/Http/Response.php(70): Illuminate\\View\\View->render()
#10 /media/flavio/3437-6262/Projetos/laravel_ecommerce/vendor/laravel/framework/src/Illuminate/Http/Response.php(35): Illuminate\\Http\\Response->setContent()
#11 /media/flavio/3437-6262/Projetos/laravel_ecommerce/vendor/laravel/framework/src/Illuminate/Routing/Router.php(920): Illuminate\\Http\\Response->__construct()
#12 /media/flavio/3437-6262/Projetos/laravel_ecommerce/vendor/laravel/framework/src/Illuminate/Routing/Router.php(887): Illuminate\\Routing\\Router::toResponse()
#13 /media/flavio/3437-6262/Projetos/laravel_ecommerce/vendor/laravel/framework/src/Illuminate/Routing/Router.php(807): Illuminate\\Routing\\Router->prepareResponse()
#14 /media/flavio/3437-6262/Projetos/laravel_ecommerce/vendor/laravel/framework/src/Illuminate/Pipeline/Pipeline.php(144): Illuminate\\Routing\\Router->Illuminate\\Routing\\{closure}()
#15 /media/flavio/3437-6262/Projetos/laravel_ecommerce/vendor/laravel/framework/src/Illuminate/Routing/Middleware/SubstituteBindings.php(51): Illuminate\\Pipeline\\Pipeline->Illuminate\\Pipeline\\{closure}()
#16 /media/flavio/3437-6262/Projetos/laravel_ecommerce/vendor/laravel/framework/src/Illuminate/Pipeline/Pipeline.php(183): Illuminate\\Routing\\Middleware\\SubstituteBindings->handle()
#17 /media/flavio/3437-6262/Projetos/laravel_ecommerce/vendor/laravel/framework/src/Illuminate/Foundation/Http/Middleware/VerifyCsrfToken.php(88): Illuminate\\Pipeline\\Pipeline->Illuminate\\Pipeline\\{closure}()
#18 /media/flavio/3437-6262/Projetos/laravel_ecommerce/vendor/laravel/framework/src/Illuminate/Pipeline/Pipeline.php(183): Illuminate\\Foundation\\Http\\Middleware\\VerifyCsrfToken->handle()
#19 /media/flavio/3437-6262/Projetos/laravel_ecommerce/vendor/laravel/framework/src/Illuminate/View/Middleware/ShareErrorsFromSession.php(49): Illuminate\\Pipeline\\Pipeline->Illuminate\\Pipeline\\{closure}()
#20 /media/flavio/3437-6262/Projetos/laravel_ecommerce/vendor/laravel/framework/src/Illuminate/Pipeline/Pipeline.php(183): Illuminate\\View\\Middleware\\ShareErrorsFromSession->handle()
#21 /media/flavio/3437-6262/Projetos/laravel_ecommerce/vendor/laravel/framework/src/Illuminate/Session/Middleware/StartSession.php(121): Illuminate\\Pipeline\\Pipeline->Illuminate\\Pipeline\\{closure}()
#22 /media/flavio/3437-6262/Projetos/laravel_ecommerce/vendor/laravel/framework/src/Illuminate/Session/Middleware/StartSession.php(64): Illuminate\\Session\\Middleware\\StartSession->handleStatefulRequest()
#23 /media/flavio/3437-6262/Projetos/laravel_ecommerce/vendor/laravel/framework/src/Illuminate/Pipeline/Pipeline.php(183): Illuminate\\Session\\Middleware\\StartSession->handle()
#24 /media/flavio/3437-6262/Projetos/laravel_ecommerce/vendor/laravel/framework/src/Illuminate/Cookie/Middleware/AddQueuedCookiesToResponse.php(37): Illuminate\\Pipeline\\Pipeline->Illuminate\\Pipeline\\{closure}()
#25 /media/flavio/3437-6262/Projetos/laravel_ecommerce/vendor/laravel/framework/src/Illuminate/Pipeline/Pipeline.php(183): Illuminate\\Cookie\\Middleware\\AddQueuedCookiesToResponse->handle()
#26 /media/flavio/3437-6262/Projetos/laravel_ecommerce/vendor/laravel/framework/src/Illuminate/Cookie/Middleware/EncryptCookies.php(75): Illuminate\\Pipeline\\Pipeline->Illuminate\\Pipeline\\{closure}()
#27 /media/flavio/3437-6262/Projetos/laravel_ecommerce/vendor/laravel/framework/src/Illuminate/Pipeline/Pipeline.php(183): Illuminate\\Cookie\\Middleware\\EncryptCookies->handle()
#28 /media/flavio/3437-6262/Projetos/laravel_ecommerce/vendor/laravel/framework/src/Illuminate/Pipeline/Pipeline.php(119): Illuminate\\Pipeline\\Pipeline->Illuminate\\Pipeline\\{closure}()
#29 /media/flavio/3437-6262/Projetos/laravel_ecommerce/vendor/laravel/framework/src/Illuminate/Routing/Router.php(807): Illuminate\\Pipeline\\Pipeline->then()
#30 /media/flavio/3437-6262/Projetos/laravel_ecommerce/vendor/laravel/framework/src/Illuminate/Routing/Router.php(786): Illuminate\\Routing\\Router->runRouteWithinStack()
#31 /media/flavio/3437-6262/Projetos/laravel_ecommerce/vendor/laravel/framework/src/Illuminate/Routing/Router.php(750): Illuminate\\Routing\\Router->runRoute()
#32 /media/flavio/3437-6262/Projetos/laravel_ecommerce/vendor/laravel/framework/src/Illuminate/Routing/Router.php(739): Illuminate\\Routing\\Router->dispatchToRoute()
#33 /media/flavio/3437-6262/Projetos/laravel_ecommerce/vendor/laravel/framework/src/Illuminate/Foundation/Http/Kernel.php(201): Illuminate\\Routing\\Router->dispatch()
#34 /media/flavio/3437-6262/Projetos/laravel_ecommerce/vendor/laravel/framework/src/Illuminate/Pipeline/Pipeline.php(144): Illuminate\\Foundation\\Http\\Kernel->Illuminate\\Foundation\\Http\\{closure}()
#35 /media/flavio/3437-6262/Projetos/laravel_ecommerce/vendor/laravel/framework/src/Illuminate/Foundation/Http/Middleware/TransformsRequest.php(21): Illuminate\\Pipeline\\Pipeline->Illuminate\\Pipeline\\{closure}()
#36 /media/flavio/3437-6262/Projetos/laravel_ecommerce/vendor/laravel/framework/src/Illuminate/Foundation/Http/Middleware/ConvertEmptyStringsToNull.php(31): Illuminate\\Foundation\\Http\\Middleware\\TransformsRequest->handle()
#37 /media/flavio/3437-6262/Projetos/laravel_ecommerce/vendor/laravel/framework/src/Illuminate/Pipeline/Pipeline.php(183): Illuminate\\Foundation\\Http\\Middleware\\ConvertEmptyStringsToNull->handle()
#38 /media/flavio/3437-6262/Projetos/laravel_ecommerce/vendor/laravel/framework/src/Illuminate/Foundation/Http/Middleware/TransformsRequest.php(21): Illuminate\\Pipeline\\Pipeline->Illuminate\\Pipeline\\{closure}()
#39 /media/flavio/3437-6262/Projetos/laravel_ecommerce/vendor/laravel/framework/src/Illuminate/Foundation/Http/Middleware/TrimStrings.php(51): Illuminate\\Foundation\\Http\\Middleware\\TransformsRequest->handle()
#40 /media/flavio/3437-6262/Projetos/laravel_ecommerce/vendor/laravel/framework/src/Illuminate/Pipeline/Pipeline.php(183): Illuminate\\Foundation\\Http\\Middleware\\TrimStrings->handle()
#41 /media/flavio/3437-6262/Projetos/laravel_ecommerce/vendor/laravel/framework/src/Illuminate/Http/Middleware/ValidatePostSize.php(27): Illuminate\\Pipeline\\Pipeline->Illuminate\\Pipeline\\{closure}()
#42 /media/flavio/3437-6262/Projetos/laravel_ecommerce/vendor/laravel/framework/src/Illuminate/Pipeline/Pipeline.php(183): Illuminate\\Http\\Middleware\\ValidatePostSize->handle()
#43 /media/flavio/3437-6262/Projetos/laravel_ecommerce/vendor/laravel/framework/src/Illuminate/Foundation/Http/Middleware/PreventRequestsDuringMaintenance.php(110): Illuminate\\Pipeline\\Pipeline->Illuminate\\Pipeline\\{closure}()
#44 /media/flavio/3437-6262/Projetos/laravel_ecommerce/vendor/laravel/framework/src/Illuminate/Pipeline/Pipeline.php(183): Illuminate\\Foundation\\Http\\Middleware\\PreventRequestsDuringMaintenance->handle()
#45 /media/flavio/3437-6262/Projetos/laravel_ecommerce/vendor/laravel/framework/src/Illuminate/Http/Middleware/HandleCors.php(49): Illuminate\\Pipeline\\Pipeline->Illuminate\\Pipeline\\{closure}()
#46 /media/flavio/3437-6262/Projetos/laravel_ecommerce/vendor/laravel/framework/src/Illuminate/Pipeline/Pipeline.php(183): Illuminate\\Http\\Middleware\\HandleCors->handle()
#47 /media/flavio/3437-6262/Projetos/laravel_ecommerce/vendor/laravel/framework/src/Illuminate/Http/Middleware/TrustProxies.php(58): Illuminate\\Pipeline\\Pipeline->Illuminate\\Pipeline\\{closure}()
#48 /media/flavio/3437-6262/Projetos/laravel_ecommerce/vendor/laravel/framework/src/Illuminate/Pipeline/Pipeline.php(183): Illuminate\\Http\\Middleware\\TrustProxies->handle()
#49 /media/flavio/3437-6262/Projetos/laravel_ecommerce/vendor/laravel/framework/src/Illuminate/Foundation/Http/Middleware/InvokeDeferredCallbacks.php(22): Illuminate\\Pipeline\\Pipeline->Illuminate\\Pipeline\\{closure}()
#50 /media/flavio/3437-6262/Projetos/laravel_ecommerce/vendor/laravel/framework/src/Illuminate/Pipeline/Pipeline.php(183): Illuminate\\Foundation\\Http\\Middleware\\InvokeDeferredCallbacks->handle()
#51 /media/flavio/3437-6262/Projetos/laravel_ecommerce/vendor/laravel/framework/src/Illuminate/Pipeline/Pipeline.php(119): Illuminate\\Pipeline\\Pipeline->Illuminate\\Pipeline\\{closure}()
#52 /media/flavio/3437-6262/Projetos/laravel_ecommerce/vendor/laravel/framework/src/Illuminate/Foundation/Http/Kernel.php(176): Illuminate\\Pipeline\\Pipeline->then()
#53 /media/flavio/3437-6262/Projetos/laravel_ecommerce/vendor/laravel/framework/src/Illuminate/Foundation/Http/Kernel.php(145): Illuminate\\Foundation\\Http\\Kernel->sendRequestThroughRouter()
#54 /media/flavio/3437-6262/Projetos/laravel_ecommerce/vendor/laravel/framework/src/Illuminate/Foundation/Application.php(1190): Illuminate\\Foundation\\Http\\Kernel->handle()
#55 /media/flavio/3437-6262/Projetos/laravel_ecommerce/public/index.php(17): Illuminate\\Foundation\\Application->handleRequest()
#56 /media/flavio/3437-6262/Projetos/laravel_ecommerce/vendor/laravel/framework/src/Illuminate/Foundation/resources/server.php(23): require_once('...')
#57 {main}
"} 
[2025-02-13 01:04:50] local.ERROR: Undefined variable $e (View: /media/flavio/3437-6262/Projetos/laravel_ecommerce/resources/views/admin/stores/edit.blade.php) {"exception":"[object] (Illuminate\\View\\ViewException(code: 0): Undefined variable $e (View: /media/flavio/3437-6262/Projetos/laravel_ecommerce/resources/views/admin/stores/edit.blade.php) at /media/flavio/3437-6262/Projetos/laravel_ecommerce/storage/framework/views/17fa88171f7cb696e8cba607d58abefb.php:5)
[stacktrace]
#0 /media/flavio/3437-6262/Projetos/laravel_ecommerce/vendor/laravel/framework/src/Illuminate/View/Engines/PhpEngine.php(60): Illuminate\\View\\Engines\\CompilerEngine->handleViewException()
#1 /media/flavio/3437-6262/Projetos/laravel_ecommerce/vendor/laravel/framework/src/Illuminate/View/Engines/CompilerEngine.php(75): Illuminate\\View\\Engines\\PhpEngine->evaluatePath()
#2 /media/flavio/3437-6262/Projetos/laravel_ecommerce/vendor/laravel/framework/src/Illuminate/View/View.php(209): Illuminate\\View\\Engines\\CompilerEngine->get()
#3 /media/flavio/3437-6262/Projetos/laravel_ecommerce/vendor/laravel/framework/src/Illuminate/View/View.php(192): Illuminate\\View\\View->getContents()
#4 /media/flavio/3437-6262/Projetos/laravel_ecommerce/vendor/laravel/framework/src/Illuminate/View/View.php(161): Illuminate\\View\\View->renderContents()
#5 /media/flavio/3437-6262/Projetos/laravel_ecommerce/vendor/laravel/framework/src/Illuminate/Http/Response.php(70): Illuminate\\View\\View->render()
#6 /media/flavio/3437-6262/Projetos/laravel_ecommerce/vendor/laravel/framework/src/Illuminate/Http/Response.php(35): Illuminate\\Http\\Response->setContent()
#7 /media/flavio/3437-6262/Projetos/laravel_ecommerce/vendor/laravel/framework/src/Illuminate/Routing/Router.php(920): Illuminate\\Http\\Response->__construct()
#8 /media/flavio/3437-6262/Projetos/laravel_ecommerce/vendor/laravel/framework/src/Illuminate/Routing/Router.php(887): Illuminate\\Routing\\Router::toResponse()
#9 /media/flavio/3437-6262/Projetos/laravel_ecommerce/vendor/laravel/framework/src/Illuminate/Routing/Router.php(807): Illuminate\\Routing\\Router->prepareResponse()
#10 /media/flavio/3437-6262/Projetos/laravel_ecommerce/vendor/laravel/framework/src/Illuminate/Pipeline/Pipeline.php(144): Illuminate\\Routing\\Router->Illuminate\\Routing\\{closure}()
#11 /media/flavio/3437-6262/Projetos/laravel_ecommerce/vendor/laravel/framework/src/Illuminate/Routing/Middleware/SubstituteBindings.php(51): Illuminate\\Pipeline\\Pipeline->Illuminate\\Pipeline\\{closure}()
#12 /media/flavio/3437-6262/Projetos/laravel_ecommerce/vendor/laravel/framework/src/Illuminate/Pipeline/Pipeline.php(183): Illuminate\\Routing\\Middleware\\SubstituteBindings->handle()
#13 /media/flavio/3437-6262/Projetos/laravel_ecommerce/vendor/laravel/framework/src/Illuminate/Foundation/Http/Middleware/VerifyCsrfToken.php(88): Illuminate\\Pipeline\\Pipeline->Illuminate\\Pipeline\\{closure}()
#14 /media/flavio/3437-6262/Projetos/laravel_ecommerce/vendor/laravel/framework/src/Illuminate/Pipeline/Pipeline.php(183): Illuminate\\Foundation\\Http\\Middleware\\VerifyCsrfToken->handle()
#15 /media/flavio/3437-6262/Projetos/laravel_ecommerce/vendor/laravel/framework/src/Illuminate/View/Middleware/ShareErrorsFromSession.php(49): Illuminate\\Pipeline\\Pipeline->Illuminate\\Pipeline\\{closure}()
#16 /media/flavio/3437-6262/Projetos/laravel_ecommerce/vendor/laravel/framework/src/Illuminate/Pipeline/Pipeline.php(183): Illuminate\\View\\Middleware\\ShareErrorsFromSession->handle()
#17 /media/flavio/3437-6262/Projetos/laravel_ecommerce/vendor/laravel/framework/src/Illuminate/Session/Middleware/StartSession.php(121): Illuminate\\Pipeline\\Pipeline->Illuminate\\Pipeline\\{closure}()
#18 /media/flavio/3437-6262/Projetos/laravel_ecommerce/vendor/laravel/framework/src/Illuminate/Session/Middleware/StartSession.php(64): Illuminate\\Session\\Middleware\\StartSession->handleStatefulRequest()
#19 /media/flavio/3437-6262/Projetos/laravel_ecommerce/vendor/laravel/framework/src/Illuminate/Pipeline/Pipeline.php(183): Illuminate\\Session\\Middleware\\StartSession->handle()
#20 /media/flavio/3437-6262/Projetos/laravel_ecommerce/vendor/laravel/framework/src/Illuminate/Cookie/Middleware/AddQueuedCookiesToResponse.php(37): Illuminate\\Pipeline\\Pipeline->Illuminate\\Pipeline\\{closure}()
#21 /media/flavio/3437-6262/Projetos/laravel_ecommerce/vendor/laravel/framework/src/Illuminate/Pipeline/Pipeline.php(183): Illuminate\\Cookie\\Middleware\\AddQueuedCookiesToResponse->handle()
#22 /media/flavio/3437-6262/Projetos/laravel_ecommerce/vendor/laravel/framework/src/Illuminate/Cookie/Middleware/EncryptCookies.php(75): Illuminate\\Pipeline\\Pipeline->Illuminate\\Pipeline\\{closure}()
#23 /media/flavio/3437-6262/Projetos/laravel_ecommerce/vendor/laravel/framework/src/Illuminate/Pipeline/Pipeline.php(183): Illuminate\\Cookie\\Middleware\\EncryptCookies->handle()
#24 /media/flavio/3437-6262/Projetos/laravel_ecommerce/vendor/laravel/framework/src/Illuminate/Pipeline/Pipeline.php(119): Illuminate\\Pipeline\\Pipeline->Illuminate\\Pipeline\\{closure}()
#25 /media/flavio/3437-6262/Projetos/laravel_ecommerce/vendor/laravel/framework/src/Illuminate/Routing/Router.php(807): Illuminate\\Pipeline\\Pipeline->then()
#26 /media/flavio/3437-6262/Projetos/laravel_ecommerce/vendor/laravel/framework/src/Illuminate/Routing/Router.php(786): Illuminate\\Routing\\Router->runRouteWithinStack()
#27 /media/flavio/3437-6262/Projetos/laravel_ecommerce/vendor/laravel/framework/src/Illuminate/Routing/Router.php(750): Illuminate\\Routing\\Router->runRoute()
#28 /media/flavio/3437-6262/Projetos/laravel_ecommerce/vendor/laravel/framework/src/Illuminate/Routing/Router.php(739): Illuminate\\Routing\\Router->dispatchToRoute()
#29 /media/flavio/3437-6262/Projetos/laravel_ecommerce/vendor/laravel/framework/src/Illuminate/Foundation/Http/Kernel.php(201): Illuminate\\Routing\\Router->dispatch()
#30 /media/flavio/3437-6262/Projetos/laravel_ecommerce/vendor/laravel/framework/src/Illuminate/Pipeline/Pipeline.php(144): Illuminate\\Foundation\\Http\\Kernel->Illuminate\\Foundation\\Http\\{closure}()
#31 /media/flavio/3437-6262/Projetos/laravel_ecommerce/vendor/laravel/framework/src/Illuminate/Foundation/Http/Middleware/TransformsRequest.php(21): Illuminate\\Pipeline\\Pipeline->Illuminate\\Pipeline\\{closure}()
#32 /media/flavio/3437-6262/Projetos/laravel_ecommerce/vendor/laravel/framework/src/Illuminate/Foundation/Http/Middleware/ConvertEmptyStringsToNull.php(31): Illuminate\\Foundation\\Http\\Middleware\\TransformsRequest->handle()
#33 /media/flavio/3437-6262/Projetos/laravel_ecommerce/vendor/laravel/framework/src/Illuminate/Pipeline/Pipeline.php(183): Illuminate\\Foundation\\Http\\Middleware\\ConvertEmptyStringsToNull->handle()
#34 /media/flavio/3437-6262/Projetos/laravel_ecommerce/vendor/laravel/framework/src/Illuminate/Foundation/Http/Middleware/TransformsRequest.php(21): Illuminate\\Pipeline\\Pipeline->Illuminate\\Pipeline\\{closure}()
#35 /media/flavio/3437-6262/Projetos/laravel_ecommerce/vendor/laravel/framework/src/Illuminate/Foundation/Http/Middleware/TrimStrings.php(51): Illuminate\\Foundation\\Http\\Middleware\\TransformsRequest->handle()
#36 /media/flavio/3437-6262/Projetos/laravel_ecommerce/vendor/laravel/framework/src/Illuminate/Pipeline/Pipeline.php(183): Illuminate\\Foundation\\Http\\Middleware\\TrimStrings->handle()
#37 /media/flavio/3437-6262/Projetos/laravel_ecommerce/vendor/laravel/framework/src/Illuminate/Http/Middleware/ValidatePostSize.php(27): Illuminate\\Pipeline\\Pipeline->Illuminate\\Pipeline\\{closure}()
#38 /media/flavio/3437-6262/Projetos/laravel_ecommerce/vendor/laravel/framework/src/Illuminate/Pipeline/Pipeline.php(183): Illuminate\\Http\\Middleware\\ValidatePostSize->handle()
#39 /media/flavio/3437-6262/Projetos/laravel_ecommerce/vendor/laravel/framework/src/Illuminate/Foundation/Http/Middleware/PreventRequestsDuringMaintenance.php(110): Illuminate\\Pipeline\\Pipeline->Illuminate\\Pipeline\\{closure}()
#40 /media/flavio/3437-6262/Projetos/laravel_ecommerce/vendor/laravel/framework/src/Illuminate/Pipeline/Pipeline.php(183): Illuminate\\Foundation\\Http\\Middleware\\PreventRequestsDuringMaintenance->handle()
#41 /media/flavio/3437-6262/Projetos/laravel_ecommerce/vendor/laravel/framework/src/Illuminate/Http/Middleware/HandleCors.php(49): Illuminate\\Pipeline\\Pipeline->Illuminate\\Pipeline\\{closure}()
#42 /media/flavio/3437-6262/Projetos/laravel_ecommerce/vendor/laravel/framework/src/Illuminate/Pipeline/Pipeline.php(183): Illuminate\\Http\\Middleware\\HandleCors->handle()
#43 /media/flavio/3437-6262/Projetos/laravel_ecommerce/vendor/laravel/framework/src/Illuminate/Http/Middleware/TrustProxies.php(58): Illuminate\\Pipeline\\Pipeline->Illuminate\\Pipeline\\{closure}()
#44 /media/flavio/3437-6262/Projetos/laravel_ecommerce/vendor/laravel/framework/src/Illuminate/Pipeline/Pipeline.php(183): Illuminate\\Http\\Middleware\\TrustProxies->handle()
#45 /media/flavio/3437-6262/Projetos/laravel_ecommerce/vendor/laravel/framework/src/Illuminate/Foundation/Http/Middleware/InvokeDeferredCallbacks.php(22): Illuminate\\Pipeline\\Pipeline->Illuminate\\Pipeline\\{closure}()
#46 /media/flavio/3437-6262/Projetos/laravel_ecommerce/vendor/laravel/framework/src/Illuminate/Pipeline/Pipeline.php(183): Illuminate\\Foundation\\Http\\Middleware\\InvokeDeferredCallbacks->handle()
#47 /media/flavio/3437-6262/Projetos/laravel_ecommerce/vendor/laravel/framework/src/Illuminate/Pipeline/Pipeline.php(119): Illuminate\\Pipeline\\Pipeline->Illuminate\\Pipeline\\{closure}()
#48 /media/flavio/3437-6262/Projetos/laravel_ecommerce/vendor/laravel/framework/src/Illuminate/Foundation/Http/Kernel.php(176): Illuminate\\Pipeline\\Pipeline->then()
#49 /media/flavio/3437-6262/Projetos/laravel_ecommerce/vendor/laravel/framework/src/Illuminate/Foundation/Http/Kernel.php(145): Illuminate\\Foundation\\Http\\Kernel->sendRequestThroughRouter()
#50 /media/flavio/3437-6262/Projetos/laravel_ecommerce/vendor/laravel/framework/src/Illuminate/Foundation/Application.php(1190): Illuminate\\Foundation\\Http\\Kernel->handle()
#51 /media/flavio/3437-6262/Projetos/laravel_ecommerce/public/index.php(17): Illuminate\\Foundation\\Application->handleRequest()
#52 /media/flavio/3437-6262/Projetos/laravel_ecommerce/vendor/laravel/framework/src/Illuminate/Foundation/resources/server.php(23): require_once('...')
#53 {main}

[previous exception] [object] (ErrorException(code: 0): Undefined variable $e at /media/flavio/3437-6262/Projetos/laravel_ecommerce/storage/framework/views/17fa88171f7cb696e8cba607d58abefb.php:5)
[stacktrace]
#0 /media/flavio/3437-6262/Projetos/laravel_ecommerce/vendor/laravel/framework/src/Illuminate/Foundation/Bootstrap/HandleExceptions.php(290): Illuminate\\Foundation\\Bootstrap\\HandleExceptions->handleError()
#1 /media/flavio/3437-6262/Projetos/laravel_ecommerce/storage/framework/views/17fa88171f7cb696e8cba607d58abefb.php(5): Illuminate\\Foundation\\Bootstrap\\HandleExceptions->Illuminate\\Foundation\\Bootstrap\\{closure}()
#2 /media/flavio/3437-6262/Projetos/laravel_ecommerce/vendor/laravel/framework/src/Illuminate/Filesystem/Filesystem.php(123): require('...')
#3 /media/flavio/3437-6262/Projetos/laravel_ecommerce/vendor/laravel/framework/src/Illuminate/Filesystem/Filesystem.php(124): Illuminate\\Filesystem\\Filesystem::Illuminate\\Filesystem\\{closure}()
#4 /media/flavio/3437-6262/Projetos/laravel_ecommerce/vendor/laravel/framework/src/Illuminate/View/Engines/PhpEngine.php(58): Illuminate\\Filesystem\\Filesystem->getRequire()
#5 /media/flavio/3437-6262/Projetos/laravel_ecommerce/vendor/laravel/framework/src/Illuminate/View/Engines/CompilerEngine.php(75): Illuminate\\View\\Engines\\PhpEngine->evaluatePath()
#6 /media/flavio/3437-6262/Projetos/laravel_ecommerce/vendor/laravel/framework/src/Illuminate/View/View.php(209): Illuminate\\View\\Engines\\CompilerEngine->get()
#7 /media/flavio/3437-6262/Projetos/laravel_ecommerce/vendor/laravel/framework/src/Illuminate/View/View.php(192): Illuminate\\View\\View->getContents()
#8 /media/flavio/3437-6262/Projetos/laravel_ecommerce/vendor/laravel/framework/src/Illuminate/View/View.php(161): Illuminate\\View\\View->renderContents()
#9 /media/flavio/3437-6262/Projetos/laravel_ecommerce/vendor/laravel/framework/src/Illuminate/Http/Response.php(70): Illuminate\\View\\View->render()
#10 /media/flavio/3437-6262/Projetos/laravel_ecommerce/vendor/laravel/framework/src/Illuminate/Http/Response.php(35): Illuminate\\Http\\Response->setContent()
#11 /media/flavio/3437-6262/Projetos/laravel_ecommerce/vendor/laravel/framework/src/Illuminate/Routing/Router.php(920): Illuminate\\Http\\Response->__construct()
#12 /media/flavio/3437-6262/Projetos/laravel_ecommerce/vendor/laravel/framework/src/Illuminate/Routing/Router.php(887): Illuminate\\Routing\\Router::toResponse()
#13 /media/flavio/3437-6262/Projetos/laravel_ecommerce/vendor/laravel/framework/src/Illuminate/Routing/Router.php(807): Illuminate\\Routing\\Router->prepareResponse()
#14 /media/flavio/3437-6262/Projetos/laravel_ecommerce/vendor/laravel/framework/src/Illuminate/Pipeline/Pipeline.php(144): Illuminate\\Routing\\Router->Illuminate\\Routing\\{closure}()
#15 /media/flavio/3437-6262/Projetos/laravel_ecommerce/vendor/laravel/framework/src/Illuminate/Routing/Middleware/SubstituteBindings.php(51): Illuminate\\Pipeline\\Pipeline->Illuminate\\Pipeline\\{closure}()
#16 /media/flavio/3437-6262/Projetos/laravel_ecommerce/vendor/laravel/framework/src/Illuminate/Pipeline/Pipeline.php(183): Illuminate\\Routing\\Middleware\\SubstituteBindings->handle()
#17 /media/flavio/3437-6262/Projetos/laravel_ecommerce/vendor/laravel/framework/src/Illuminate/Foundation/Http/Middleware/VerifyCsrfToken.php(88): Illuminate\\Pipeline\\Pipeline->Illuminate\\Pipeline\\{closure}()
#18 /media/flavio/3437-6262/Projetos/laravel_ecommerce/vendor/laravel/framework/src/Illuminate/Pipeline/Pipeline.php(183): Illuminate\\Foundation\\Http\\Middleware\\VerifyCsrfToken->handle()
#19 /media/flavio/3437-6262/Projetos/laravel_ecommerce/vendor/laravel/framework/src/Illuminate/View/Middleware/ShareErrorsFromSession.php(49): Illuminate\\Pipeline\\Pipeline->Illuminate\\Pipeline\\{closure}()
#20 /media/flavio/3437-6262/Projetos/laravel_ecommerce/vendor/laravel/framework/src/Illuminate/Pipeline/Pipeline.php(183): Illuminate\\View\\Middleware\\ShareErrorsFromSession->handle()
#21 /media/flavio/3437-6262/Projetos/laravel_ecommerce/vendor/laravel/framework/src/Illuminate/Session/Middleware/StartSession.php(121): Illuminate\\Pipeline\\Pipeline->Illuminate\\Pipeline\\{closure}()
#22 /media/flavio/3437-6262/Projetos/laravel_ecommerce/vendor/laravel/framework/src/Illuminate/Session/Middleware/StartSession.php(64): Illuminate\\Session\\Middleware\\StartSession->handleStatefulRequest()
#23 /media/flavio/3437-6262/Projetos/laravel_ecommerce/vendor/laravel/framework/src/Illuminate/Pipeline/Pipeline.php(183): Illuminate\\Session\\Middleware\\StartSession->handle()
#24 /media/flavio/3437-6262/Projetos/laravel_ecommerce/vendor/laravel/framework/src/Illuminate/Cookie/Middleware/AddQueuedCookiesToResponse.php(37): Illuminate\\Pipeline\\Pipeline->Illuminate\\Pipeline\\{closure}()
#25 /media/flavio/3437-6262/Projetos/laravel_ecommerce/vendor/laravel/framework/src/Illuminate/Pipeline/Pipeline.php(183): Illuminate\\Cookie\\Middleware\\AddQueuedCookiesToResponse->handle()
#26 /media/flavio/3437-6262/Projetos/laravel_ecommerce/vendor/laravel/framework/src/Illuminate/Cookie/Middleware/EncryptCookies.php(75): Illuminate\\Pipeline\\Pipeline->Illuminate\\Pipeline\\{closure}()
#27 /media/flavio/3437-6262/Projetos/laravel_ecommerce/vendor/laravel/framework/src/Illuminate/Pipeline/Pipeline.php(183): Illuminate\\Cookie\\Middleware\\EncryptCookies->handle()
#28 /media/flavio/3437-6262/Projetos/laravel_ecommerce/vendor/laravel/framework/src/Illuminate/Pipeline/Pipeline.php(119): Illuminate\\Pipeline\\Pipeline->Illuminate\\Pipeline\\{closure}()
#29 /media/flavio/3437-6262/Projetos/laravel_ecommerce/vendor/laravel/framework/src/Illuminate/Routing/Router.php(807): Illuminate\\Pipeline\\Pipeline->then()
#30 /media/flavio/3437-6262/Projetos/laravel_ecommerce/vendor/laravel/framework/src/Illuminate/Routing/Router.php(786): Illuminate\\Routing\\Router->runRouteWithinStack()
#31 /media/flavio/3437-6262/Projetos/laravel_ecommerce/vendor/laravel/framework/src/Illuminate/Routing/Router.php(750): Illuminate\\Routing\\Router->runRoute()
#32 /media/flavio/3437-6262/Projetos/laravel_ecommerce/vendor/laravel/framework/src/Illuminate/Routing/Router.php(739): Illuminate\\Routing\\Router->dispatchToRoute()
#33 /media/flavio/3437-6262/Projetos/laravel_ecommerce/vendor/laravel/framework/src/Illuminate/Foundation/Http/Kernel.php(201): Illuminate\\Routing\\Router->dispatch()
#34 /media/flavio/3437-6262/Projetos/laravel_ecommerce/vendor/laravel/framework/src/Illuminate/Pipeline/Pipeline.php(144): Illuminate\\Foundation\\Http\\Kernel->Illuminate\\Foundation\\Http\\{closure}()
#35 /media/flavio/3437-6262/Projetos/laravel_ecommerce/vendor/laravel/framework/src/Illuminate/Foundation/Http/Middleware/TransformsRequest.php(21): Illuminate\\Pipeline\\Pipeline->Illuminate\\Pipeline\\{closure}()
#36 /media/flavio/3437-6262/Projetos/laravel_ecommerce/vendor/laravel/framework/src/Illuminate/Foundation/Http/Middleware/ConvertEmptyStringsToNull.php(31): Illuminate\\Foundation\\Http\\Middleware\\TransformsRequest->handle()
#37 /media/flavio/3437-6262/Projetos/laravel_ecommerce/vendor/laravel/framework/src/Illuminate/Pipeline/Pipeline.php(183): Illuminate\\Foundation\\Http\\Middleware\\ConvertEmptyStringsToNull->handle()
#38 /media/flavio/3437-6262/Projetos/laravel_ecommerce/vendor/laravel/framework/src/Illuminate/Foundation/Http/Middleware/TransformsRequest.php(21): Illuminate\\Pipeline\\Pipeline->Illuminate\\Pipeline\\{closure}()
#39 /media/flavio/3437-6262/Projetos/laravel_ecommerce/vendor/laravel/framework/src/Illuminate/Foundation/Http/Middleware/TrimStrings.php(51): Illuminate\\Foundation\\Http\\Middleware\\TransformsRequest->handle()
#40 /media/flavio/3437-6262/Projetos/laravel_ecommerce/vendor/laravel/framework/src/Illuminate/Pipeline/Pipeline.php(183): Illuminate\\Foundation\\Http\\Middleware\\TrimStrings->handle()
#41 /media/flavio/3437-6262/Projetos/laravel_ecommerce/vendor/laravel/framework/src/Illuminate/Http/Middleware/ValidatePostSize.php(27): Illuminate\\Pipeline\\Pipeline->Illuminate\\Pipeline\\{closure}()
#42 /media/flavio/3437-6262/Projetos/laravel_ecommerce/vendor/laravel/framework/src/Illuminate/Pipeline/Pipeline.php(183): Illuminate\\Http\\Middleware\\ValidatePostSize->handle()
#43 /media/flavio/3437-6262/Projetos/laravel_ecommerce/vendor/laravel/framework/src/Illuminate/Foundation/Http/Middleware/PreventRequestsDuringMaintenance.php(110): Illuminate\\Pipeline\\Pipeline->Illuminate\\Pipeline\\{closure}()
#44 /media/flavio/3437-6262/Projetos/laravel_ecommerce/vendor/laravel/framework/src/Illuminate/Pipeline/Pipeline.php(183): Illuminate\\Foundation\\Http\\Middleware\\PreventRequestsDuringMaintenance->handle()
#45 /media/flavio/3437-6262/Projetos/laravel_ecommerce/vendor/laravel/framework/src/Illuminate/Http/Middleware/HandleCors.php(49): Illuminate\\Pipeline\\Pipeline->Illuminate\\Pipeline\\{closure}()
#46 /media/flavio/3437-6262/Projetos/laravel_ecommerce/vendor/laravel/framework/src/Illuminate/Pipeline/Pipeline.php(183): Illuminate\\Http\\Middleware\\HandleCors->handle()
#47 /media/flavio/3437-6262/Projetos/laravel_ecommerce/vendor/laravel/framework/src/Illuminate/Http/Middleware/TrustProxies.php(58): Illuminate\\Pipeline\\Pipeline->Illuminate\\Pipeline\\{closure}()
#48 /media/flavio/3437-6262/Projetos/laravel_ecommerce/vendor/laravel/framework/src/Illuminate/Pipeline/Pipeline.php(183): Illuminate\\Http\\Middleware\\TrustProxies->handle()
#49 /media/flavio/3437-6262/Projetos/laravel_ecommerce/vendor/laravel/framework/src/Illuminate/Foundation/Http/Middleware/InvokeDeferredCallbacks.php(22): Illuminate\\Pipeline\\Pipeline->Illuminate\\Pipeline\\{closure}()
#50 /media/flavio/3437-6262/Projetos/laravel_ecommerce/vendor/laravel/framework/src/Illuminate/Pipeline/Pipeline.php(183): Illuminate\\Foundation\\Http\\Middleware\\InvokeDeferredCallbacks->handle()
#51 /media/flavio/3437-6262/Projetos/laravel_ecommerce/vendor/laravel/framework/src/Illuminate/Pipeline/Pipeline.php(119): Illuminate\\Pipeline\\Pipeline->Illuminate\\Pipeline\\{closure}()
#52 /media/flavio/3437-6262/Projetos/laravel_ecommerce/vendor/laravel/framework/src/Illuminate/Foundation/Http/Kernel.php(176): Illuminate\\Pipeline\\Pipeline->then()
#53 /media/flavio/3437-6262/Projetos/laravel_ecommerce/vendor/laravel/framework/src/Illuminate/Foundation/Http/Kernel.php(145): Illuminate\\Foundation\\Http\\Kernel->sendRequestThroughRouter()
#54 /media/flavio/3437-6262/Projetos/laravel_ecommerce/vendor/laravel/framework/src/Illuminate/Foundation/Application.php(1190): Illuminate\\Foundation\\Http\\Kernel->handle()
#55 /media/flavio/3437-6262/Projetos/laravel_ecommerce/public/index.php(17): Illuminate\\Foundation\\Application->handleRequest()
#56 /media/flavio/3437-6262/Projetos/laravel_ecommerce/vendor/laravel/framework/src/Illuminate/Foundation/resources/server.php(23): require_once('...')
#57 {main}
"} 
